Id,Magnitude,Latitude,Longitude,Location,Time
93,4.5,35.9805,69.1573,Afghanistan,7/27/16 8:37
849,4.1,36.4487,70.5869,Afghanistan,7/29/16 20:46
1783,4.3,36.4155,71.0587,Afghanistan,8/1/16 18:21
2214,4.5,36.2117,70.3056,Afghanistan,8/3/16 5:38
2424,4.6,35.2511,69.1885,Afghanistan,8/3/16 22:20
2730,4.4,36.4379,70.598,Afghanistan,8/4/16 13:20
3883,4,36.4236,71.0451,Afghanistan,8/8/16 7:58
5434,4.2,36.6345,70.9028,Afghanistan,8/13/16 5:46
6271,4.5,36.4665,70.8337,Afghanistan,8/16/16 18:35
7892,4.5,35.9654,69.6909,Afghanistan,8/23/16 18:37
6,1.8,61.2963,-152.46,Alaska,7/27/16 0:52
8,2,61.3019,-152.4507,Alaska,7/27/16 0:58
17,2.1,51.3716,178.7402,Alaska,7/27/16 1:40
23,1.2,62.5408,-149.8593,Alaska,7/27/16 1:50
25,1.6,59.1835,-152.5865,Alaska,7/27/16 2:15
28,0.8,64.7377,-151.2365,Alaska,7/27/16 2:26
34,1.2,61.1163,-147.2352,Alaska,7/27/16 3:06
35,2.3,63.0332,-151.4388,Alaska,7/27/16 3:09
37,1.5,60.4444,-151.8699,Alaska,7/27/16 3:19
38,2.5,53.302,-163.5048,Alaska,7/27/16 3:22
39,1.3,61.251,-151.3632,Alaska,7/27/16 3:25
40,2,62.1521,-150.1588,Alaska,7/27/16 3:32
47,2.6,54.9592,-159.6299,Alaska,7/27/16 4:20
48,1.3,61.2406,-150.5094,Alaska,7/27/16 4:26
52,2.3,61.1172,-150.9111,Alaska,7/27/16 4:49
53,0.3,64.7401,-149.2947,Alaska,7/27/16 5:05
54,2.1,54.7822,-162.2961,Alaska,7/27/16 5:11
55,1.1,61.4464,-151.7569,Alaska,7/27/16 5:20
57,0.5,63.5351,-151.9833,Alaska,7/27/16 5:36
58,1,68.5121,-146.7507,Alaska,7/27/16 5:39
61,0.9,60.2452,-141.1849,Alaska,7/27/16 6:05
62,1.5,61.6271,-151.8501,Alaska,7/27/16 6:10
64,1.2,61.4586,-146.6547,Alaska,7/27/16 6:19
66,1.2,61.8231,-150.2247,Alaska,7/27/16 6:27
68,1.1,61.5179,-146.4904,Alaska,7/27/16 6:42
71,1.6,59.4809,-152.6624,Alaska,7/27/16 6:52
72,0.6,63.2389,-151.3281,Alaska,7/27/16 7:02
73,1.7,58.4244,-153.6441,Alaska,7/27/16 7:06
74,3.3,52.7406,-166.6875,Alaska,7/27/16 7:13
77,1.3,60.8123,-147.6027,Alaska,7/27/16 7:31
79,1.9,51.1326,178.6078,Alaska,7/27/16 7:41
81,2.3,52.7317,-166.6461,Alaska,7/27/16 7:47
86,2.4,54.4634,-161.4569,Alaska,7/27/16 8:09
91,3.2,54.1201,-161.2719,Alaska,7/27/16 8:31
95,1,62.8542,-150.8216,Alaska,7/27/16 8:46
97,2,56.444,-158.9668,Alaska,7/27/16 9:13
101,0.9,61.45,-140.6041,Alaska,7/27/16 9:24
106,0.4,64.6281,-147.7578,Alaska,7/27/16 9:44
109,3.6,55.1608,-159.3778,Alaska,7/27/16 9:51
114,1.2,59.7753,-136.57,Alaska,7/27/16 10:38
117,1.6,62.1606,-153.2248,Alaska,7/27/16 11:24
120,2.2,52.7552,-166.7771,Alaska,7/27/16 11:38
121,3,67.6877,-166.7916,Alaska,7/27/16 11:41
122,1.2,62.9393,-148.3064,Alaska,7/27/16 11:48
123,1.8,52.7361,-168.6086,Alaska,7/27/16 11:51
124,2,53.9955,-163.6187,Alaska,7/27/16 11:58
125,1.2,63.5851,-147.3953,Alaska,7/27/16 12:07
126,0.5,63.5873,-151.1715,Alaska,7/27/16 12:10
127,1.6,60.205,-140.9321,Alaska,7/27/16 12:12
129,1.2,65.0745,-149.7254,Alaska,7/27/16 12:16
131,1.7,63.5137,-151.2119,Alaska,7/27/16 12:33
133,1.4,59.9464,-152.8283,Alaska,7/27/16 12:48
134,0.4,64.6442,-149.3513,Alaska,7/27/16 12:48
137,0.7,63.6092,-147.5036,Alaska,7/27/16 13:11
140,1.4,66.3658,-150.1971,Alaska,7/27/16 13:23
142,1.6,52.7041,-168.5775,Alaska,7/27/16 13:30
143,2.1,58.8044,-155.0242,Alaska,7/27/16 13:31
146,1,64.9836,-147.3588,Alaska,7/27/16 13:58
148,0.8,63.5895,-147.3766,Alaska,7/27/16 14:00
149,1.6,61.174,-150.8544,Alaska,7/27/16 14:05
151,2.2,52.6252,-166.8396,Alaska,7/27/16 14:07
153,0.7,63.3396,-153.2587,Alaska,7/27/16 14:18
154,2,52.8063,-166.7396,Alaska,7/27/16 14:35
155,1.3,58.4749,-154.4359,Alaska,7/27/16 14:39
156,1.5,60.5164,-147.773,Alaska,7/27/16 14:52
159,1.8,55.1878,-159.5203,Alaska,7/27/16 15:00
161,1.5,61.0793,-152.2331,Alaska,7/27/16 15:08
162,2.9,60.2799,-152.3027,Alaska,7/27/16 15:25
166,2.1,52.5918,-166.5903,Alaska,7/27/16 15:43
169,1.4,61.6867,-151.3328,Alaska,7/27/16 16:30
171,1,63.2885,-149.3678,Alaska,7/27/16 16:37
172,1.8,58.2784,-151.2473,Alaska,7/27/16 16:47
173,0.9,67.3656,-149.9578,Alaska,7/27/16 16:49
174,2,61.3078,-152.4596,Alaska,7/27/16 16:50
175,1.6,61.3199,-152.5167,Alaska,7/27/16 16:51
176,1,61.3148,-152.5359,Alaska,7/27/16 16:51
177,1.4,61.2971,-152.4237,Alaska,7/27/16 16:53
178,1.8,52.7724,-168.6702,Alaska,7/27/16 17:06
179,1.3,63.5041,-147.4457,Alaska,7/27/16 17:09
181,1.9,61.0448,-148.3254,Alaska,7/27/16 17:27
182,2.5,59.556,-153.5477,Alaska,7/27/16 17:39
183,0.9,64.8328,-149.0904,Alaska,7/27/16 17:41
185,0.2,64.7836,-147.2442,Alaska,7/27/16 17:47
191,1.7,61.8735,-148.1367,Alaska,7/27/16 18:18
195,1.6,53.0238,-167.2729,Alaska,7/27/16 18:41
196,1,62.947,-148.7739,Alaska,7/27/16 18:42
198,1.7,58.4159,-154.7655,Alaska,7/27/16 19:01
199,0.9,63.5541,-147.3938,Alaska,7/27/16 19:06
200,1.1,61.1827,-152.2379,Alaska,7/27/16 19:06
207,0.7,63.8442,-148.788,Alaska,7/27/16 19:34
208,2.1,54.9465,-160.3859,Alaska,7/27/16 19:43
209,0.6,64.7299,-146.7726,Alaska,7/27/16 19:51
213,2.3,55.4078,-158.4937,Alaska,7/27/16 20:00
217,2,56.8766,-156.9522,Alaska,7/27/16 20:07
218,2.3,51.3507,-174.284,Alaska,7/27/16 20:08
222,1.4,62.2068,-153.4684,Alaska,7/27/16 20:31
224,0.6,64.2608,-149.8759,Alaska,7/27/16 20:34
229,3.1,50.7456,174.994,Alaska,7/27/16 21:03
230,1.2,59.8913,-152.2587,Alaska,7/27/16 21:06
231,1.5,60.4989,-150.7259,Alaska,7/27/16 21:07
235,1.6,60.1265,-140.9892,Alaska,7/27/16 21:23
244,0.2,64.8504,-149.0505,Alaska,7/27/16 22:05
246,1.2,59.9332,-151.6507,Alaska,7/27/16 22:07
247,1.9,51.1638,-179.1618,Alaska,7/27/16 22:07
248,1.7,59.7084,-153.2323,Alaska,7/27/16 22:14
251,1.8,53.2254,-165.8291,Alaska,7/27/16 22:23
253,1.9,58.5396,-136.9227,Alaska,7/27/16 22:26
254,1.6,62.3426,-150.9251,Alaska,7/27/16 22:39
255,2.1,52.8095,-166.7744,Alaska,7/27/16 22:49
258,1.5,58.6771,-152.8279,Alaska,7/27/16 23:19
260,1.8,51.4712,178.8021,Alaska,7/27/16 23:26
270,1.4,62.9088,-151.0824,Alaska,7/27/16 23:50
272,0.8,61.0653,-154.1183,Alaska,7/27/16 23:59
273,1.7,57.7013,-155.5783,Alaska,7/28/16 0:00
276,1.1,63.4517,-147.824,Alaska,7/28/16 0:21
281,0.4,64.3928,-146.6322,Alaska,7/28/16 0:42
282,1.6,61.2858,-151.6304,Alaska,7/28/16 0:44
286,1.6,64.3436,-150.7385,Alaska,7/28/16 1:24
288,1.7,60.3553,-147.7705,Alaska,7/28/16 1:30
291,1.1,63.7026,-149.6378,Alaska,7/28/16 1:48
293,1.9,59.7964,-153.0051,Alaska,7/28/16 1:55
296,1.7,52.684,-169.1817,Alaska,7/28/16 2:01
302,0.5,63.1628,-148.782,Alaska,7/28/16 2:33
311,1.4,60.3183,-147.7357,Alaska,7/28/16 3:28
312,0.4,65.1005,-150.1644,Alaska,7/28/16 3:34
314,1.1,61.9854,-148.3597,Alaska,7/28/16 3:37
315,2.1,51.5273,178.3063,Alaska,7/28/16 3:41
317,1.3,63.2754,-150.4978,Alaska,7/28/16 4:14
320,1.2,63.0633,-151.494,Alaska,7/28/16 4:34
322,1.7,61.3091,-152.4285,Alaska,7/28/16 4:39
323,1.1,61.2911,-152.4551,Alaska,7/28/16 4:41
324,1.8,51.6467,179.9092,Alaska,7/28/16 4:42
325,2.1,61.2991,-152.4507,Alaska,7/28/16 4:45
326,1.5,62.5478,-151.1535,Alaska,7/28/16 4:51
330,1.9,61.7265,-148.1789,Alaska,7/28/16 5:07
331,1.6,59.0436,-152.5599,Alaska,7/28/16 5:19
332,1.1,63.9852,-148.8097,Alaska,7/28/16 5:21
336,1.6,59.9198,-152.8465,Alaska,7/28/16 5:35
340,0.6,63.2775,-151.1246,Alaska,7/28/16 5:46
344,0.9,63.2834,-151.1174,Alaska,7/28/16 5:52
345,2.9,50.6235,175.9801,Alaska,7/28/16 6:01
347,2.6,52.0942,-170.6218,Alaska,7/28/16 6:16
350,0.6,63.4764,-148.9546,Alaska,7/28/16 6:39
351,1.1,53.4178,-167.2798,Alaska,7/28/16 6:39
355,1.9,52.6934,-166.6619,Alaska,7/28/16 7:05
356,1.1,68.7606,-142.5006,Alaska,7/28/16 7:12
357,1.2,60.1849,-152.5171,Alaska,7/28/16 7:16
360,2.1,61.0262,-146.7663,Alaska,7/28/16 7:20
364,1.4,59.9036,-152.7005,Alaska,7/28/16 7:33
365,1.2,61.1471,-150.9438,Alaska,7/28/16 7:37
369,1.6,61.0838,-148.5622,Alaska,7/28/16 7:58
370,1.5,60.0372,-150.3999,Alaska,7/28/16 8:04
371,2.4,68.9615,-147.5099,Alaska,7/28/16 8:08
372,1.4,59.9948,-152.0532,Alaska,7/28/16 8:14
374,1.4,61.0663,-148.2406,Alaska,7/28/16 8:24
375,1.3,60.8833,-140.5022,Alaska,7/28/16 8:26
379,1.5,62.4726,-148.6077,Alaska,7/28/16 8:48
380,1.4,61.2863,-149.3592,Alaska,7/28/16 8:51
381,1.4,51.7808,-177.2855,Alaska,7/28/16 9:01
384,1.3,68.9415,-147.4935,Alaska,7/28/16 9:10
386,1.8,58.4109,-153.7017,Alaska,7/28/16 9:12
387,1.9,62.302,-150.0184,Alaska,7/28/16 9:14
388,2.1,52.0702,177.3202,Alaska,7/28/16 9:23
391,1.4,65.977,-147.7564,Alaska,7/28/16 9:26
392,1.4,59.5384,-152.6402,Alaska,7/28/16 9:28
393,1.8,63.0549,-150.9262,Alaska,7/28/16 9:30
394,1.1,61.396,-149.8677,Alaska,7/28/16 9:33
396,0.9,68.9428,-147.5063,Alaska,7/28/16 9:38
399,0.4,64.8939,-148.3138,Alaska,7/28/16 9:51
403,2.3,52.7623,-166.7218,Alaska,7/28/16 10:00
406,1.2,61.5159,-146.6768,Alaska,7/28/16 10:13
407,1,63.0933,-150.4281,Alaska,7/28/16 10:14
410,1.8,53.8178,-163.2453,Alaska,7/28/16 10:42
416,0.3,64.7505,-148.4959,Alaska,7/28/16 11:26
427,1.7,51.8713,-174.0807,Alaska,7/28/16 11:58
429,1.1,61.7884,-149.7836,Alaska,7/28/16 12:01
430,1.4,59.9415,-152.772,Alaska,7/28/16 12:06
432,1.3,51.485,-178.1456,Alaska,7/28/16 12:17
436,1.2,59.8892,-151.7415,Alaska,7/28/16 12:34
437,0.2,64.798,-147.8794,Alaska,7/28/16 12:36
439,2.5,52.7936,-166.8035,Alaska,7/28/16 12:49
440,1.5,59.481,-152.7985,Alaska,7/28/16 12:58
443,1.1,62.272,-148.5621,Alaska,7/28/16 13:04
444,2.3,52.6289,-166.7741,Alaska,7/28/16 13:08
445,2.5,52.778,-166.8498,Alaska,7/28/16 13:11
446,1.2,51.4843,-176.0662,Alaska,7/28/16 13:16
448,1.8,52.7849,-166.8049,Alaska,7/28/16 13:37
449,1.9,59.9663,-152.6361,Alaska,7/28/16 13:48
454,2,52.7061,-166.7263,Alaska,7/28/16 14:22
457,2.5,51.5772,-173.3847,Alaska,7/28/16 14:31
458,0.7,63.0971,-149.2056,Alaska,7/28/16 14:33
461,0.8,63.5278,-150.8334,Alaska,7/28/16 14:50
463,2.5,51.5063,-173.9599,Alaska,7/28/16 15:01
468,1.5,62.381,-151.8536,Alaska,7/28/16 15:42
473,3.5,52.8432,-166.8639,Alaska,7/28/16 16:14
482,2,52.8378,-166.8442,Alaska,7/28/16 16:50
490,1.5,56.4738,-158.267,Alaska,7/28/16 17:06
491,1.1,51.6145,-177.1008,Alaska,7/28/16 17:08
493,1.5,51.6521,-178.0728,Alaska,7/28/16 17:23
497,1.8,63.2403,-151.3192,Alaska,7/28/16 17:40
498,1.6,52.8035,-166.8364,Alaska,7/28/16 17:43
501,1.8,52.5608,-168.3342,Alaska,7/28/16 17:57
504,2.9,52.8506,-166.8466,Alaska,7/28/16 18:33
509,1.4,62.7133,-152.2003,Alaska,7/28/16 19:03
512,1.4,64.9915,-147.3396,Alaska,7/28/16 19:07
513,1.9,52.8165,-166.8265,Alaska,7/28/16 19:13
518,1.6,67.2493,-157.7773,Alaska,7/28/16 19:28
528,0.2,64.5479,-147.0142,Alaska,7/28/16 19:51
530,0.8,62.2554,-153.4697,Alaska,7/28/16 19:57
531,0.5,65.4631,-149.1188,Alaska,7/28/16 19:59
535,0.8,53.9341,-166.5812,Alaska,7/28/16 20:20
536,0.7,53.9333,-166.5429,Alaska,7/28/16 20:21
541,1.6,60.7119,-146.6923,Alaska,7/28/16 20:49
542,1.2,60.4306,-150.5643,Alaska,7/28/16 20:52
543,2.8,63.1233,-150.9305,Alaska,7/28/16 20:57
549,0.9,63.2219,-151.3203,Alaska,7/28/16 21:26
553,2.2,52.7677,-166.7285,Alaska,7/28/16 21:43
556,1.5,58.3646,-154.889,Alaska,7/28/16 21:59
557,1.4,59.7799,-153.1323,Alaska,7/28/16 22:07
558,2.2,51.083,178.4816,Alaska,7/28/16 22:09
562,1,63.3391,-151.1064,Alaska,7/28/16 22:21
563,0.8,64.9416,-150.7866,Alaska,7/28/16 22:30
564,2.5,56.9929,-157.7649,Alaska,7/28/16 22:39
565,1.4,51.7607,178.6764,Alaska,7/28/16 22:50
566,1.7,62.2571,-149.4046,Alaska,7/28/16 22:54
572,1.4,64.88,-148.6435,Alaska,7/28/16 23:16
573,0.7,63.4913,-151.1947,Alaska,7/28/16 23:28
574,,59.9003,-153.2405,Alaska,7/28/16 23:31
577,1.2,63.3368,-151.1836,Alaska,7/28/16 23:52
578,2,55.2066,-163.7002,Alaska,7/28/16 23:52
581,1.4,51.4908,-178.1699,Alaska,7/29/16 0:06
583,1.4,67.6417,-146.7954,Alaska,7/29/16 0:14
584,1.5,60.027,-152.8692,Alaska,7/29/16 0:16
588,1.6,51.5057,-175.2898,Alaska,7/29/16 0:33
593,1.9,59.6869,-152.718,Alaska,7/29/16 0:48
594,1.3,59.5338,-152.4114,Alaska,7/29/16 0:57
596,1.8,52.8585,-166.8619,Alaska,7/29/16 1:00
597,1.8,51.8243,-179.3942,Alaska,7/29/16 1:23
598,1.1,61.3158,-152.2172,Alaska,7/29/16 1:24
600,1,54.2022,-165.0311,Alaska,7/29/16 1:27
603,2.2,54.5426,-162.5853,Alaska,7/29/16 1:45
604,1.6,63.4668,-147.7709,Alaska,7/29/16 1:51
605,2.2,52.7414,-166.7779,Alaska,7/29/16 2:07
606,1,62.1405,-152.5558,Alaska,7/29/16 2:23
610,1.8,64.2079,-148.5514,Alaska,7/29/16 2:48
611,1.4,60.175,-151.9955,Alaska,7/29/16 2:49
613,1.3,62.0827,-145.414,Alaska,7/29/16 2:54
615,1.9,56.9798,-157.7623,Alaska,7/29/16 3:07
616,1.8,53.658,-164.8545,Alaska,7/29/16 3:10
620,1,62.2794,-146.2305,Alaska,7/29/16 3:39
624,2.3,52.7538,-166.7053,Alaska,7/29/16 3:52
625,1.7,51.9592,-174.4556,Alaska,7/29/16 4:01
627,1.8,60.0676,-140.6684,Alaska,7/29/16 4:09
628,0.2,64.5785,-147.928,Alaska,7/29/16 4:10
629,1.8,61.0883,-150.7321,Alaska,7/29/16 4:10
632,2,55.4102,-163.115,Alaska,7/29/16 4:17
635,1.8,62.7307,-149.4495,Alaska,7/29/16 4:31
637,1.4,61.3076,-152.4781,Alaska,7/29/16 4:38
638,1.5,60.3005,-152.2588,Alaska,7/29/16 4:49
640,1.7,63.4649,-151.8874,Alaska,7/29/16 5:00
641,2.6,53.0032,-169.541,Alaska,7/29/16 5:01
644,1.2,63.3647,-152.6733,Alaska,7/29/16 5:12
647,1.7,52.7454,-167.5684,Alaska,7/29/16 5:25
648,2.3,61.3038,-152.4851,Alaska,7/29/16 5:29
649,1,61.309,-152.4639,Alaska,7/29/16 5:36
650,2.1,61.4642,-140.6685,Alaska,7/29/16 5:37
654,2.6,63.0314,-151.5678,Alaska,7/29/16 6:01
655,1.7,53.3339,-167.2707,Alaska,7/29/16 6:03
657,2.4,58.161,-154.8593,Alaska,7/29/16 6:17
661,2.1,62.9673,-148.7633,Alaska,7/29/16 7:04
665,3.8,51.8256,176.2708,Alaska,7/29/16 7:30
666,2.6,51.864,-171.0013,Alaska,7/29/16 7:38
668,1.7,53.3479,-164.055,Alaska,7/29/16 7:51
670,1.7,58.3166,-154.9214,Alaska,7/29/16 7:55
671,1.8,60.0367,-151.5331,Alaska,7/29/16 8:05
676,1,63.3077,-151.4598,Alaska,7/29/16 8:32
679,2.4,52.3274,-175.6794,Alaska,7/29/16 8:35
681,1.8,60.4268,-152.0762,Alaska,7/29/16 8:40
688,1.3,55.0123,-161.7813,Alaska,7/29/16 9:22
695,1.3,60.8694,-148.031,Alaska,7/29/16 10:03
696,1.9,53.2657,-166.6508,Alaska,7/29/16 10:06
700,0.9,61.5027,-141.5306,Alaska,7/29/16 10:30
701,1.8,51.536,-179.7503,Alaska,7/29/16 10:40
706,0.6,53.7825,-166.7826,Alaska,7/29/16 10:55
709,1.2,61.2327,-147.573,Alaska,7/29/16 11:04
711,2.1,54.1492,-164.0869,Alaska,7/29/16 11:08
714,1,60.2996,-141.1182,Alaska,7/29/16 11:12
715,1.8,59.739,-153.1472,Alaska,7/29/16 11:30
716,1.5,60.2031,-141.3439,Alaska,7/29/16 11:30
718,1.5,60.3077,-141.1318,Alaska,7/29/16 11:33
719,1,61.3669,-145.951,Alaska,7/29/16 11:38
720,1.6,54.7742,-163.6866,Alaska,7/29/16 11:38
734,1,63.2192,-151.3136,Alaska,7/29/16 12:48
735,1.6,54.1869,-166.0956,Alaska,7/29/16 12:49
736,1.7,64.4481,-154.0284,Alaska,7/29/16 12:50
740,1.2,54.1744,-166.0592,Alaska,7/29/16 13:20
745,2,54.1116,-164.2641,Alaska,7/29/16 13:31
750,4,52.7785,-166.4747,Alaska,7/29/16 14:02
759,2,57.8977,-154.9605,Alaska,7/29/16 14:49
760,1.7,55.345,-158.5232,Alaska,7/29/16 14:51
770,1.6,54.633,-161.2883,Alaska,7/29/16 15:20
773,1.6,60.0247,-140.0608,Alaska,7/29/16 15:29
774,1.8,60.0918,-147.8622,Alaska,7/29/16 15:29
783,1.8,51.225,-178.9564,Alaska,7/29/16 15:56
784,1.8,61.3192,-152.468,Alaska,7/29/16 15:58
786,1.3,61.2973,-152.4703,Alaska,7/29/16 16:09
789,1.1,63.2852,-151.1169,Alaska,7/29/16 16:15
794,1.6,57.3423,-155.8065,Alaska,7/29/16 17:04
799,1.3,60.1698,-147.2884,Alaska,7/29/16 17:17
801,1.5,58.07,-154.1855,Alaska,7/29/16 17:21
804,1.8,60.0172,-147.9526,Alaska,7/29/16 17:41
805,2.5,59.5902,-138.9988,Alaska,7/29/16 17:45
808,3.4,59.7232,-153.1053,Alaska,7/29/16 17:57
812,1.9,60.2149,-153.2736,Alaska,7/29/16 18:07
818,1.1,61.6933,-148.8268,Alaska,7/29/16 18:22
823,1.4,61.1596,-147.4195,Alaska,7/29/16 19:00
827,1.8,57.014,-155.2176,Alaska,7/29/16 19:40
831,1.5,59.6493,-147.5332,Alaska,7/29/16 19:58
840,2.1,52.7809,-166.6797,Alaska,7/29/16 20:19
842,1,63.501,-151.2846,Alaska,7/29/16 20:27
845,1.2,51.3639,-176.2909,Alaska,7/29/16 20:37
848,1.7,64.9886,-147.3234,Alaska,7/29/16 20:45
853,2.2,55.6019,-154.2593,Alaska,7/29/16 21:02
861,1.6,66.4037,-142.4666,Alaska,7/29/16 21:40
863,1.1,64.944,-152.4281,Alaska,7/29/16 21:43
864,1.5,61.0409,-148.3908,Alaska,7/29/16 21:50
865,2,51.577,-175.0529,Alaska,7/29/16 22:00
871,1.9,62.1883,-148.088,Alaska,7/29/16 22:19
872,1.5,60.3183,-143.1225,Alaska,7/29/16 22:19
876,1.5,62.4988,-151.5468,Alaska,7/29/16 22:47
878,,60.3108,-143.1361,Alaska,7/29/16 22:51
880,1.4,60.1675,-141.3445,Alaska,7/29/16 23:19
885,1.2,63.2146,-151.3176,Alaska,7/29/16 23:45
886,1.7,59.7493,-138.1269,Alaska,7/29/16 23:45
888,2.8,51.8957,-174.3648,Alaska,7/29/16 23:51
889,0.8,61.587,-141.3229,Alaska,7/29/16 23:57
894,2.9,53.3349,-165.952,Alaska,7/30/16 0:29
897,1.1,61.3893,-146.7696,Alaska,7/30/16 0:59
920,2.7,53.9754,-163.3774,Alaska,7/30/16 1:47
925,1.7,59.7664,-153.0736,Alaska,7/30/16 2:01
930,1.5,59.736,-153.1338,Alaska,7/30/16 2:35
950,1.1,63.0277,-149.7004,Alaska,7/30/16 3:08
955,1.5,60.7573,-149.654,Alaska,7/30/16 3:20
961,2.3,52.0872,-178.5881,Alaska,7/30/16 3:32
965,1.4,60.6197,-151.8273,Alaska,7/30/16 3:48
974,1.2,63.201,-150.3519,Alaska,7/30/16 4:27
976,2.4,61.2572,-151.3553,Alaska,7/30/16 4:34
978,2.6,58.7883,-154.57,Alaska,7/30/16 4:40
979,0.9,61.6241,-150.0134,Alaska,7/30/16 4:56
989,1,62.9928,-149.7272,Alaska,7/30/16 5:28
996,1.5,62.364,-151.2215,Alaska,7/30/16 5:50
997,1.9,55.6338,-161.1083,Alaska,7/30/16 5:56
1004,2.1,59.6717,-152.4202,Alaska,7/30/16 6:46
1005,1.4,60.4578,-147.8239,Alaska,7/30/16 6:50
1006,2.7,54.2313,-160.34,Alaska,7/30/16 7:11
1009,1.2,60.7232,-147.4084,Alaska,7/30/16 7:23
1011,2.7,52.625,-166.5368,Alaska,7/30/16 7:24
1012,1.6,61.2227,-146.9914,Alaska,7/30/16 7:29
1014,0.9,61.6537,-146.5984,Alaska,7/30/16 7:48
1015,1.5,59.6744,-151.763,Alaska,7/30/16 7:52
1019,2,58.4268,-137.0841,Alaska,7/30/16 8:14
1024,1.5,57.1368,-154.0759,Alaska,7/30/16 8:39
1025,1.1,60.4214,-147.7431,Alaska,7/30/16 8:42
1035,0.8,64.6293,-148.3569,Alaska,7/30/16 9:45
1037,2.1,52.7661,-166.7707,Alaska,7/30/16 10:09
1038,1.8,51.4149,-179.0627,Alaska,7/30/16 10:14
1043,1.1,60.3762,-151.536,Alaska,7/30/16 10:45
1047,1,59.4787,-135.9748,Alaska,7/30/16 10:48
1049,2,63.2134,-150.5278,Alaska,7/30/16 10:56
1050,1.6,61.0796,-152.4757,Alaska,7/30/16 10:59
1052,1.7,63.0876,-151.4417,Alaska,7/30/16 11:18
1057,1,61.9587,-148.7586,Alaska,7/30/16 11:54
1061,1.2,69.1248,-144.7244,Alaska,7/30/16 12:31
1064,1.8,54.8032,-161.7226,Alaska,7/30/16 12:52
1066,2.8,53.2828,-169.1466,Alaska,7/30/16 13:05
1084,3.3,52.7821,-166.8001,Alaska,7/30/16 14:12
1085,0.7,64.7706,-149.1207,Alaska,7/30/16 14:23
1090,1.2,63.4217,-150.1358,Alaska,7/30/16 14:50
1093,2.7,53.303,-167.3817,Alaska,7/30/16 14:53
1094,1.6,61.63,-151.1163,Alaska,7/30/16 15:05
1096,2,60.4458,-147.389,Alaska,7/30/16 15:12
1098,1.3,61.7971,-149.762,Alaska,7/30/16 15:24
1100,1.2,63.9224,-154.3509,Alaska,7/30/16 15:44
1103,1.3,51.7515,-178.4997,Alaska,7/30/16 15:56
1106,0.9,62.2132,-145.6229,Alaska,7/30/16 16:12
1113,1.7,51.3814,-177.065,Alaska,7/30/16 16:46
1114,0.8,60.9166,-146.8476,Alaska,7/30/16 16:50
1115,1.6,51.2385,-177.9068,Alaska,7/30/16 16:52
1118,1.2,63.9492,-148.8093,Alaska,7/30/16 16:56
1121,1.7,59.9726,-153.5487,Alaska,7/30/16 17:06
1124,1.2,62.9117,-151.2382,Alaska,7/30/16 17:25
1125,0.9,66.9748,-148.8893,Alaska,7/30/16 17:28
1128,2,52.0812,-173.8818,Alaska,7/30/16 17:39
1129,2.3,53.8769,-163.2166,Alaska,7/30/16 17:48
1135,0.8,65.2157,-148.2246,Alaska,7/30/16 18:09
1136,1.8,59.2354,-137.2304,Alaska,7/30/16 18:12
1147,2.2,53.391,-165.9275,Alaska,7/30/16 18:53
1149,0.8,66.5575,-147.2801,Alaska,7/30/16 18:58
1154,1.2,64.9796,-147.3448,Alaska,7/30/16 19:42
1157,3.7,53.1525,-161.3268,Alaska,7/30/16 20:02
1158,0.9,60.4981,-143.0907,Alaska,7/30/16 20:08
1159,0.5,60.4916,-143.1315,Alaska,7/30/16 20:12
1160,1.8,59.9338,-152.8029,Alaska,7/30/16 20:20
1164,1.4,60.0168,-139.2502,Alaska,7/30/16 20:47
1168,1.3,60.1539,-141.4389,Alaska,7/30/16 20:54
1169,2.3,53.4541,-165.6122,Alaska,7/30/16 20:56
1174,2,51.0726,-178.9462,Alaska,7/30/16 21:17
1175,1.5,60.505,-148.1879,Alaska,7/30/16 21:18
1177,1,60.3988,-144.6567,Alaska,7/30/16 21:38
1179,1.5,59.2936,-151.9308,Alaska,7/30/16 21:48
1181,1,61.7042,-149.816,Alaska,7/30/16 21:48
1192,3.6,60.7586,-151.739,Alaska,7/30/16 21:59
1194,2,54.0544,-164.3683,Alaska,7/30/16 22:09
1211,1.6,61.532,-150.9319,Alaska,7/30/16 23:01
1214,1.3,60.5145,-149.1256,Alaska,7/30/16 23:29
1215,1.1,62.2125,-145.6393,Alaska,7/30/16 23:29
1220,1.7,59.9892,-151.8268,Alaska,7/31/16 0:12
1221,0.7,63.3239,-151.2065,Alaska,7/31/16 0:15
1224,2.3,61.3615,-146.7737,Alaska,7/31/16 0:23
1227,1.9,56.1195,-157.2091,Alaska,7/31/16 0:39
1237,4.3,51.4128,-179.1796,Alaska,7/31/16 1:58
1242,1,65.2085,-150.0446,Alaska,7/31/16 2:04
1243,1.9,51.4476,-179.1688,Alaska,7/31/16 2:09
1244,1.9,54.7807,-160.5767,Alaska,7/31/16 2:12
1250,2.1,68.6643,-146.0327,Alaska,7/31/16 3:00
1251,2.1,52.6695,-166.5297,Alaska,7/31/16 3:04
1254,1.2,69.1613,-144.7409,Alaska,7/31/16 3:24
1255,2.5,59.9736,-152.5678,Alaska,7/31/16 3:26
1256,1.6,62.3872,-149.8868,Alaska,7/31/16 3:36
1259,1.3,59.9625,-152.1553,Alaska,7/31/16 3:53
1263,1.5,61.6546,-149.5861,Alaska,7/31/16 4:14
1268,2.2,51.1998,178.085,Alaska,7/31/16 4:33
1270,1.1,62.7596,-150.6365,Alaska,7/31/16 4:45
1272,1.5,61.293,-150.1629,Alaska,7/31/16 5:04
1277,2.1,51.5642,179.3458,Alaska,7/31/16 5:32
1281,2.2,60.566,-151.3425,Alaska,7/31/16 5:36
1287,1.1,61.477,-140.6343,Alaska,7/31/16 5:53
1288,1.5,65.6269,-144.7407,Alaska,7/31/16 5:54
1290,2.8,59.469,-152.7015,Alaska,7/31/16 6:04
1293,2,52.0531,-175.8554,Alaska,7/31/16 6:24
1294,2.4,59.6661,-152.9532,Alaska,7/31/16 6:29
1298,1.7,59.7763,-153.0293,Alaska,7/31/16 6:48
1302,1.6,59.7332,-152.9831,Alaska,7/31/16 7:08
1304,1.6,59.7452,-153.1112,Alaska,7/31/16 7:23
1305,0.9,66.4279,-148.2038,Alaska,7/31/16 7:28
1311,1.8,61.0593,-152.393,Alaska,7/31/16 8:01
1312,1.3,60.6331,-146.8815,Alaska,7/31/16 8:03
1315,1.2,63.2366,-149.1528,Alaska,7/31/16 8:17
1316,1,60.7557,-142.6586,Alaska,7/31/16 8:20
1318,0.2,64.9744,-148.5246,Alaska,7/31/16 8:32
1321,1.7,51.8889,-173.9887,Alaska,7/31/16 9:16
1322,1.6,61.1249,-147.5462,Alaska,7/31/16 9:36
1324,0.6,64.6384,-149.1953,Alaska,7/31/16 9:42
1325,1.2,63.272,-150.5954,Alaska,7/31/16 9:44
1328,0.9,60.7645,-142.6305,Alaska,7/31/16 9:48
1330,1.5,59.626,-152.4247,Alaska,7/31/16 9:51
1336,0.5,60.4975,-143.132,Alaska,7/31/16 10:24
1338,0.6,60.5899,-141.9535,Alaska,7/31/16 10:39
1339,1.9,58.2196,-154.7818,Alaska,7/31/16 10:45
1340,1.5,60.0501,-152.9982,Alaska,7/31/16 10:49
1341,1.8,58.1954,-154.7429,Alaska,7/31/16 10:49
1344,1.5,61.3033,-152.4481,Alaska,7/31/16 11:03
1345,1.4,61.3921,-146.7422,Alaska,7/31/16 11:06
1346,,62.8688,-150.5537,Alaska,7/31/16 11:07
1351,1.4,60.1006,-141.341,Alaska,7/31/16 11:34
1353,3.2,51.2215,179.0698,Alaska,7/31/16 11:50
1355,2.7,58.9164,-152.3078,Alaska,7/31/16 12:03
1360,3,51.6948,176.9222,Alaska,7/31/16 12:08
1368,1.5,51.5424,-177.501,Alaska,7/31/16 13:01
1369,2.2,51.392,179.8712,Alaska,7/31/16 13:08
1374,1.1,62.2259,-149.2353,Alaska,7/31/16 13:20
1378,1.7,61.1246,-147.5133,Alaska,7/31/16 13:36
1385,2.8,55.6903,-158.4671,Alaska,7/31/16 14:09
1388,1.4,59.8557,-152.9248,Alaska,7/31/16 14:19
1390,1.6,58.2028,-154.9712,Alaska,7/31/16 14:24
1395,0.6,60.5523,-143.3074,Alaska,7/31/16 15:01
1396,2.9,59.852,-153.2777,Alaska,7/31/16 15:07
1403,1.7,61.3004,-152.4329,Alaska,7/31/16 15:31
1404,0.9,61.3831,-147.8867,Alaska,7/31/16 15:57
1407,1.7,62.2866,-150.5746,Alaska,7/31/16 16:17
1409,1.7,59.3207,-153.5901,Alaska,7/31/16 16:23
1411,2.1,51.6008,-178.0545,Alaska,7/31/16 16:35
1420,1.7,59.9556,-153.214,Alaska,7/31/16 17:04
1430,0.9,60.5472,-143.2838,Alaska,7/31/16 17:43
1431,0.5,64.4042,-149.665,Alaska,7/31/16 17:45
1441,1.4,51.4985,-174.8866,Alaska,7/31/16 18:53
1442,1.9,57.9615,-154.9819,Alaska,7/31/16 18:54
1443,2.3,65.7434,-155.1608,Alaska,7/31/16 18:54
1446,1.8,63.338,-151.1841,Alaska,7/31/16 19:24
1449,1.6,60.5418,-152.4025,Alaska,7/31/16 19:32
1451,2.9,52.4189,-170.46,Alaska,7/31/16 19:45
1453,1.7,60.3336,-152.7229,Alaska,7/31/16 19:55
1455,1.7,61.5675,-150.8162,Alaska,7/31/16 20:01
1460,2.6,53.4756,-165.1874,Alaska,7/31/16 20:44
1463,2.6,52.5292,-176.2105,Alaska,7/31/16 21:01
1466,1,63.5636,-151.069,Alaska,7/31/16 21:27
1471,2.2,59.8004,-152.9272,Alaska,7/31/16 21:47
1474,0.9,61.2772,-147.7174,Alaska,7/31/16 22:03
1475,1.9,54.1551,-163.4103,Alaska,7/31/16 22:05
1481,1.6,57.2491,-157.7355,Alaska,7/31/16 22:54
1482,2.9,52.818,-166.8352,Alaska,7/31/16 23:01
1485,0.9,62.6963,-149.0645,Alaska,7/31/16 23:26
1486,0.8,62.7195,-151.8517,Alaska,7/31/16 23:27
1487,2.8,56.0377,-155.9464,Alaska,7/31/16 23:27
1490,1.5,51.9545,-175.3057,Alaska,7/31/16 23:40
1491,1.9,59.5712,-153.4338,Alaska,7/31/16 23:40
1492,1.7,60.3627,-153.1161,Alaska,7/31/16 23:44
1497,0.5,64.6487,-148.0709,Alaska,8/1/16 0:02
1501,0.4,64.6521,-146.9257,Alaska,8/1/16 0:21
1507,0.9,61.0114,-147.3317,Alaska,8/1/16 0:56
1508,1,64.9982,-148.0209,Alaska,8/1/16 0:58
1513,0.9,60.9927,-149.7277,Alaska,8/1/16 1:19
1516,1.7,59.1038,-152.8292,Alaska,8/1/16 1:28
1517,1.6,61.1397,-147.5096,Alaska,8/1/16 1:29
1522,1.5,61.1467,-147.4717,Alaska,8/1/16 1:53
1525,1.7,61.1447,-147.4953,Alaska,8/1/16 2:08
1528,1.7,60.6785,-146.7372,Alaska,8/1/16 2:15
1529,1.3,59.7899,-152.7746,Alaska,8/1/16 2:18
1532,1.2,60.1923,-141.3573,Alaska,8/1/16 2:20
1536,3.1,51.5249,-177.1019,Alaska,8/1/16 2:22
1537,0.9,62.9763,-149.8621,Alaska,8/1/16 2:30
1542,1.6,51.4667,178.785,Alaska,8/1/16 2:52
1543,2,52.8049,-166.7432,Alaska,8/1/16 3:00
1544,2.4,52.8271,-166.8922,Alaska,8/1/16 3:00
1547,0.8,63.3309,-144.9501,Alaska,8/1/16 3:10
1552,2,52.7265,-166.6678,Alaska,8/1/16 3:26
1553,1.5,68.5498,-147.1049,Alaska,8/1/16 3:33
1554,0.8,60.7749,-142.6127,Alaska,8/1/16 3:39
1558,1.7,51.4042,-178.7848,Alaska,8/1/16 3:54
1562,0.8,65.164,-143.448,Alaska,8/1/16 4:11
1563,1.5,59.3606,-153.4297,Alaska,8/1/16 4:13
1564,1.6,59.3125,-153.0779,Alaska,8/1/16 4:15
1565,0.7,62.7451,-152.2184,Alaska,8/1/16 4:17
1569,1.5,59.6353,-153.015,Alaska,8/1/16 4:24
1572,0.8,61.6138,-146.346,Alaska,8/1/16 4:36
1574,1.6,59.8671,-153.4808,Alaska,8/1/16 4:41
1576,1.7,51.3176,-179.0095,Alaska,8/1/16 4:43
1586,2.3,61.2996,-152.4729,Alaska,8/1/16 5:22
1588,1.3,60.3444,-152.2269,Alaska,8/1/16 5:42
1591,2.1,69.2981,-143.9804,Alaska,8/1/16 5:46
1595,1.4,59.6144,-152.9746,Alaska,8/1/16 6:01
1596,1.7,69.2724,-143.9188,Alaska,8/1/16 6:04
1597,1.1,62.5599,-149.3551,Alaska,8/1/16 6:06
1601,1.8,52.7228,-168.8357,Alaska,8/1/16 6:23
1603,0.6,63.2805,-152.742,Alaska,8/1/16 6:31
1606,2.7,52.4685,-167.0386,Alaska,8/1/16 6:59
1608,0.4,64.9077,-148.6683,Alaska,8/1/16 7:05
1613,2.1,54.4862,-160.7369,Alaska,8/1/16 7:19
1617,0.5,64.6853,-147.8893,Alaska,8/1/16 7:30
1618,3.4,53.1832,-161.0028,Alaska,8/1/16 7:31
1620,0.9,62.5261,-150.6965,Alaska,8/1/16 7:40
1623,2.1,56.9891,-157.6023,Alaska,8/1/16 8:04
1624,1.4,59.5281,-152.9623,Alaska,8/1/16 8:05
1625,0.6,63.4605,-147.5727,Alaska,8/1/16 8:10
1626,1.9,57.044,-157.3523,Alaska,8/1/16 8:19
1633,2,52.7356,-166.5897,Alaska,8/1/16 8:35
1634,2.2,52.4691,-167.0664,Alaska,8/1/16 8:44
1635,2.1,52.5173,-167.0752,Alaska,8/1/16 8:53
1636,1.8,57.4032,-155.1201,Alaska,8/1/16 8:53
1637,2.6,52.051,178.7001,Alaska,8/1/16 8:56
1638,1.2,61.077,-148.266,Alaska,8/1/16 8:56
1640,1.5,61.7638,-149.3446,Alaska,8/1/16 9:03
1643,1.7,61.0687,-152.4171,Alaska,8/1/16 9:09
1644,0.5,63.4899,-150.919,Alaska,8/1/16 9:11
1645,0.7,61.5543,-146.2728,Alaska,8/1/16 9:16
1648,2.1,58.871,-153.8189,Alaska,8/1/16 9:29
1653,1.9,51.7418,178.7187,Alaska,8/1/16 9:49
1654,1.1,60.2828,-151.6057,Alaska,8/1/16 9:50
1655,1.5,61.1573,-147.3643,Alaska,8/1/16 9:51
1656,0.4,63.2698,-151.2215,Alaska,8/1/16 9:57
1657,1.7,60.8594,-150.1868,Alaska,8/1/16 10:06
1658,0.7,61.7333,-148.0184,Alaska,8/1/16 10:13
1664,2.3,52.7599,-166.8092,Alaska,8/1/16 10:33
1665,2.5,51.9782,-175.7369,Alaska,8/1/16 10:33
1668,0.8,60.7497,-142.6314,Alaska,8/1/16 10:43
1669,1.2,61.0412,-146.3667,Alaska,8/1/16 10:43
1670,2,52.7659,-166.7561,Alaska,8/1/16 10:48
1671,1.4,61.2943,-152.4501,Alaska,8/1/16 10:55
1673,0.8,61.2977,-152.2365,Alaska,8/1/16 10:56
1674,1.4,62.655,-150.5724,Alaska,8/1/16 11:01
1676,0.8,61.3238,-152.2703,Alaska,8/1/16 11:04
1679,1,63.4352,-149.155,Alaska,8/1/16 11:18
1681,0.8,61.8707,-147.7612,Alaska,8/1/16 11:32
1682,1.1,60.2084,-151.6651,Alaska,8/1/16 11:37
1684,0.3,64.8042,-149.0172,Alaska,8/1/16 11:47
1688,1.9,51.5419,-179.0269,Alaska,8/1/16 12:08
1691,0.9,64.5615,-147.0862,Alaska,8/1/16 12:21
1693,0.8,64.5511,-147.036,Alaska,8/1/16 12:35
1694,1.5,58.4731,-154.3934,Alaska,8/1/16 12:41
1696,1.6,58.1876,-154.8139,Alaska,8/1/16 12:48
1697,0.8,65.8514,-151.3692,Alaska,8/1/16 12:50
1698,1.2,59.7862,-152.6789,Alaska,8/1/16 13:00
1702,1,63.2799,-151.3922,Alaska,8/1/16 13:10
1704,0.9,63.0204,-151.6177,Alaska,8/1/16 13:13
1705,1.4,51.895,-177.825,Alaska,8/1/16 13:14
1709,1.2,61.8732,-149.9418,Alaska,8/1/16 13:34
1713,0.8,65.3736,-144.6674,Alaska,8/1/16 13:49
1714,0.8,61.8402,-154.2899,Alaska,8/1/16 13:50
1715,0.5,64.2283,-148.8796,Alaska,8/1/16 13:51
1716,0.1,64.5416,-147.145,Alaska,8/1/16 13:52
1720,1.3,63.8385,-149.3932,Alaska,8/1/16 14:03
1725,0.8,65.3738,-144.6514,Alaska,8/1/16 14:19
1726,1.4,51.5251,-176.2824,Alaska,8/1/16 14:19
1727,1,65.3871,-144.6905,Alaska,8/1/16 14:20
1732,2.6,59.7402,-153.1095,Alaska,8/1/16 14:31
1736,1.2,60.1736,-141.3695,Alaska,8/1/16 14:43
1742,1.5,60.255,-152.4707,Alaska,8/1/16 15:06
1746,1.5,60.153,-141.3343,Alaska,8/1/16 15:30
1750,0.8,61.8796,-141.4495,Alaska,8/1/16 15:43
1751,0.9,60.3942,-147.753,Alaska,8/1/16 15:45
1753,1.3,61.2339,-147.5021,Alaska,8/1/16 15:50
1755,1.3,62.5851,-149.2139,Alaska,8/1/16 15:53
1756,1.9,64.8097,-147.4671,Alaska,8/1/16 15:57
1757,0.1,64.8205,-147.5012,Alaska,8/1/16 15:59
1759,1.5,60.194,-141.3359,Alaska,8/1/16 16:16
1761,1.5,69.0874,-147.6592,Alaska,8/1/16 16:35
1764,1.3,60.7873,-151.7647,Alaska,8/1/16 16:59
1767,1.1,62.9625,-150.3473,Alaska,8/1/16 17:12
1769,1.3,63.8531,-149.2946,Alaska,8/1/16 17:19
1771,1.1,65.3755,-144.7835,Alaska,8/1/16 17:29
1773,1.3,62.8827,-149.3124,Alaska,8/1/16 17:40
1774,1.6,62.3058,-151.1315,Alaska,8/1/16 17:43
1775,1.1,60.4316,-149.7342,Alaska,8/1/16 17:47
1776,1.6,64.5593,-150.5779,Alaska,8/1/16 17:56
1778,3.5,51.6199,-173.2757,Alaska,8/1/16 18:02
1782,1.3,63.2382,-151.586,Alaska,8/1/16 18:20
1786,0.8,60.666,-145.3542,Alaska,8/1/16 18:52
1787,1.6,62.3366,-148.1857,Alaska,8/1/16 18:55
1788,1.1,64.971,-147.3804,Alaska,8/1/16 19:03
1793,2.9,51.9982,-171.8854,Alaska,8/1/16 19:37
1795,1.5,60.5019,-152.1447,Alaska,8/1/16 19:38
1796,1.7,59.5163,-152.8964,Alaska,8/1/16 19:40
1798,1.4,62.3022,-151.3455,Alaska,8/1/16 19:48
1799,2.1,59.802,-153.0703,Alaska,8/1/16 19:52
1800,1.5,52.7228,-169.4087,Alaska,8/1/16 19:55
1801,1.9,51.7592,-174.0212,Alaska,8/1/16 19:57
1803,1.4,59.9345,-151.7132,Alaska,8/1/16 20:12
1805,1.9,59.3867,-153.4373,Alaska,8/1/16 20:19
1807,4.1,62.049,-149.3909,Alaska,8/1/16 20:25
1809,2.8,51.0021,-177.116,Alaska,8/1/16 20:38
1813,2.2,59.4739,-149.2543,Alaska,8/1/16 20:49
1814,1.5,59.7773,-153.14,Alaska,8/1/16 20:54
1816,1.5,63.2996,-149.7793,Alaska,8/1/16 20:57
1818,1.2,60.4456,-152.22,Alaska,8/1/16 21:07
1819,0.9,65.4229,-144.6854,Alaska,8/1/16 21:09
1820,2,61.4798,-159.1268,Alaska,8/1/16 21:13
1823,1.8,59.0243,-153.1615,Alaska,8/1/16 21:45
1825,0.3,64.894,-147.1921,Alaska,8/1/16 21:45
1826,2.2,54.6268,-160.8678,Alaska,8/1/16 21:58
1828,2.9,54.2235,-162.3729,Alaska,8/1/16 22:09
1829,1.3,61.5955,-150.438,Alaska,8/1/16 22:17
1832,1.6,53.6147,-165.3412,Alaska,8/1/16 22:31
1833,1.8,60.1787,-141.263,Alaska,8/1/16 22:36
1836,1,62.1093,-149.3658,Alaska,8/1/16 22:46
1841,1.7,63.249,-151.3276,Alaska,8/1/16 23:02
1842,0.8,63.5556,-147.9745,Alaska,8/1/16 23:09
1849,1,61.5107,-146.6262,Alaska,8/1/16 23:55
1853,2.3,52.2326,-168.5789,Alaska,8/2/16 0:11
1854,1.3,60.7029,-147.2993,Alaska,8/2/16 0:13
1862,2.2,51.8051,-177.0719,Alaska,8/2/16 0:28
1868,2.2,59.6703,-159.0339,Alaska,8/2/16 1:02
1869,0.7,66.3836,-153.3584,Alaska,8/2/16 1:03
1873,2.6,59.9456,-153.4122,Alaska,8/2/16 1:12
1878,1.4,61.7979,-150.3474,Alaska,8/2/16 1:43
1881,1.7,62.0683,-149.4338,Alaska,8/2/16 1:55
1882,0.6,66.6323,-150.6129,Alaska,8/2/16 2:09
1883,2.3,55.9812,-158.1502,Alaska,8/2/16 2:16
1884,0.8,61.291,-152.4482,Alaska,8/2/16 2:20
1890,1.7,58.913,-153.4099,Alaska,8/2/16 2:51
1892,1,60.1609,-142.8264,Alaska,8/2/16 2:57
1896,1.4,60.3775,-147.2584,Alaska,8/2/16 3:23
1899,1.9,52.2442,-174.5412,Alaska,8/2/16 3:35
1900,1.5,60.3944,-151.5328,Alaska,8/2/16 3:37
1901,0.8,64.2185,-148.0316,Alaska,8/2/16 3:42
1902,1.3,63.2421,-150.6417,Alaska,8/2/16 3:58
1904,0.8,63.0789,-151.5173,Alaska,8/2/16 3:59
1908,2.3,60.9328,-150.281,Alaska,8/2/16 4:19
1912,2.1,62.0651,-149.4024,Alaska,8/2/16 4:45
1914,1.2,61.0605,-148.1686,Alaska,8/2/16 5:02
1920,1.2,63.9473,-152.9813,Alaska,8/2/16 5:21
1921,2.6,52.3022,-173.1535,Alaska,8/2/16 5:21
1923,1.8,59.4361,-152.0848,Alaska,8/2/16 5:27
1924,1,60.1815,-141.4317,Alaska,8/2/16 5:28
1925,0.6,63.1369,-147.6798,Alaska,8/2/16 5:35
1926,1,62.1038,-141.9711,Alaska,8/2/16 5:38
1933,1.5,61.1165,-147.4229,Alaska,8/2/16 6:23
1938,2.6,51.9607,175.8219,Alaska,8/2/16 6:51
1948,0.7,63.4812,-151.2948,Alaska,8/2/16 7:40
1950,2.7,60.2244,-152.7611,Alaska,8/2/16 7:45
1956,2.1,60.8301,-150.3134,Alaska,8/2/16 8:14
1957,1.1,62.223,-154.7978,Alaska,8/2/16 8:16
1958,1.5,68.727,-143.3747,Alaska,8/2/16 8:16
1961,0.9,63.5536,-147.6157,Alaska,8/2/16 8:28
1962,2.8,60.0561,-152.9186,Alaska,8/2/16 8:30
1964,1.7,53.3008,-165.5971,Alaska,8/2/16 8:44
1968,1.4,63.1731,-150.9104,Alaska,8/2/16 8:57
1971,1.2,62.9376,-150.9669,Alaska,8/2/16 9:27
1972,1.1,61.9126,-148.5354,Alaska,8/2/16 9:28
1973,1.4,63.1167,-149.6266,Alaska,8/2/16 9:30
1976,2,51.5087,-179.9235,Alaska,8/2/16 9:34
1980,1.8,61.7258,-151.7188,Alaska,8/2/16 9:48
1982,2.2,59.9625,-152.3531,Alaska,8/2/16 9:57
1987,2.2,56.0925,-157.0747,Alaska,8/2/16 10:27
1988,1,61.9265,-147.9293,Alaska,8/2/16 10:32
1992,2.5,56.2214,-158.8809,Alaska,8/2/16 10:53
1994,1.3,61.2885,-150.1459,Alaska,8/2/16 10:58
1995,0.7,63.4268,-151.4424,Alaska,8/2/16 11:10
1996,1.3,61.4128,-146.1674,Alaska,8/2/16 11:14
1998,0.6,60.3113,-143.0066,Alaska,8/2/16 11:26
2003,1.7,61.6534,-150.3619,Alaska,8/2/16 12:15
2005,2.2,65.1511,-149.0704,Alaska,8/2/16 12:40
2008,1.4,61.9681,-151.3426,Alaska,8/2/16 13:03
2012,0.9,66.3581,-146.8902,Alaska,8/2/16 13:33
2013,1.3,63.0553,-150.7727,Alaska,8/2/16 13:35
2014,1.3,65.8849,-150.6064,Alaska,8/2/16 13:37
2016,0.8,65.8939,-151.0271,Alaska,8/2/16 14:02
2018,1.9,51.3909,-179.1585,Alaska,8/2/16 14:04
2019,0.9,59.9414,-140.8666,Alaska,8/2/16 14:04
2022,2.3,56.6322,-157.5412,Alaska,8/2/16 14:15
2025,1.3,64.7478,-148.613,Alaska,8/2/16 14:32
2027,1.8,51.32,178.5545,Alaska,8/2/16 14:39
2044,1.8,60.0792,-153.1792,Alaska,8/2/16 15:44
2045,1.1,60.9769,-146.6598,Alaska,8/2/16 15:49
2047,1.2,53.8407,-166.6051,Alaska,8/2/16 15:53
2049,1.8,57.9265,-153.7655,Alaska,8/2/16 16:01
2051,1,66.0106,-151.51,Alaska,8/2/16 16:07
2052,1.1,61.1782,-148.0986,Alaska,8/2/16 16:08
2054,1.3,63.1043,-150.4268,Alaska,8/2/16 16:26
2060,1.9,60.6528,-153.3784,Alaska,8/2/16 17:03
2065,1.4,60.6156,-145.0794,Alaska,8/2/16 17:20
2067,0.4,64.8962,-149.2372,Alaska,8/2/16 17:33
2070,1,64.9688,-147.3903,Alaska,8/2/16 17:42
2072,1,61.5566,-146.2998,Alaska,8/2/16 17:48
2081,0.2,64.28,-148.5281,Alaska,8/2/16 18:27
2082,1.7,59.0675,-152.4821,Alaska,8/2/16 18:29
2092,2.8,53.5516,-163.9197,Alaska,8/2/16 19:25
2093,3.2,51.1288,-178.1359,Alaska,8/2/16 19:25
2094,2,52.7085,-169.3468,Alaska,8/2/16 19:30
2095,2.3,59.8546,-152.303,Alaska,8/2/16 19:31
2101,1.5,60.0226,-152.4233,Alaska,8/2/16 20:16
2102,1.7,61.0413,-152.4132,Alaska,8/2/16 20:20
2103,1.4,60.5047,-147.7625,Alaska,8/2/16 20:28
2113,2.3,61.8528,-151.1656,Alaska,8/2/16 21:24
2114,1.7,59.4953,-152.5396,Alaska,8/2/16 21:31
2116,2.1,52.9477,-168.1297,Alaska,8/2/16 22:07
2119,1.5,51.3679,-177.8027,Alaska,8/2/16 22:24
2127,2,51.4176,-176.0566,Alaska,8/2/16 23:00
2131,0.8,62.0992,-145.0381,Alaska,8/2/16 23:24
2132,0.6,63.4062,-151.2958,Alaska,8/2/16 23:24
2133,1.7,53.61,-165.3659,Alaska,8/2/16 23:29
2134,1.8,62.0323,-152.0805,Alaska,8/2/16 23:33
2141,1.7,62.0855,-147.0273,Alaska,8/2/16 23:46
2142,1.3,62.9234,-150.8957,Alaska,8/2/16 23:50
2143,0.9,66.684,-151.7285,Alaska,8/2/16 23:52
2152,2.1,52.6836,-167.0618,Alaska,8/3/16 0:39
2157,1.1,62.0537,-149.4002,Alaska,8/3/16 1:15
2160,3.4,55.3625,-158.3999,Alaska,8/3/16 1:25
2161,0.2,64.689,-146.8785,Alaska,8/3/16 1:25
2163,0.9,62.2161,-149.574,Alaska,8/3/16 1:29
2169,0.4,63.2305,-149.4275,Alaska,8/3/16 1:38
2171,1.1,53.8807,-166.4382,Alaska,8/3/16 1:56
2172,1.6,60.1768,-141.3755,Alaska,8/3/16 2:01
2173,2.6,51.8213,-173.1301,Alaska,8/3/16 2:04
2174,1.5,61.1224,-150.6628,Alaska,8/3/16 2:08
2176,1.1,61.5328,-149.9911,Alaska,8/3/16 2:20
2184,1,61.736,-148.208,Alaska,8/3/16 2:48
2185,0.9,66.54,-147.3257,Alaska,8/3/16 3:23
2186,1.9,52.8133,-166.7861,Alaska,8/3/16 3:27
2187,1.6,59.6679,-152.6026,Alaska,8/3/16 3:28
2192,1.2,62.6459,-151.2347,Alaska,8/3/16 3:42
2193,0.7,61.6069,-148.2603,Alaska,8/3/16 3:44
2194,0.9,61.6836,-149.8977,Alaska,8/3/16 3:47
2195,1.3,61.7986,-151.2679,Alaska,8/3/16 3:48
2198,2,53.2447,-165.4868,Alaska,8/3/16 4:06
2199,0.5,63.4125,-151.3958,Alaska,8/3/16 4:07
2201,0.6,63.4204,-145.1247,Alaska,8/3/16 4:14
2202,1.1,61.7748,-149.5694,Alaska,8/3/16 4:15
2205,1.2,63.149,-150.4609,Alaska,8/3/16 4:29
2209,1,61.6711,-149.8787,Alaska,8/3/16 4:57
2216,1,63.5498,-150.9799,Alaska,8/3/16 5:49
2217,0.9,65.5456,-144.7486,Alaska,8/3/16 5:51
2218,1.2,60.2876,-147.9073,Alaska,8/3/16 5:56
2222,1.7,51.2774,-179.3761,Alaska,8/3/16 6:07
2225,0.7,63.0701,-151.5793,Alaska,8/3/16 6:18
2230,2.3,61.296,-152.4855,Alaska,8/3/16 6:32
2231,1.3,51.597,-178.4448,Alaska,8/3/16 6:35
2232,1.2,61.2988,-152.423,Alaska,8/3/16 6:45
2233,0.9,68.5399,-146.6489,Alaska,8/3/16 6:45
2236,1.1,62.2854,-151.2335,Alaska,8/3/16 6:59
2237,0.6,61.4178,-152.2929,Alaska,8/3/16 7:01
2238,1.9,61.0679,-151.3796,Alaska,8/3/16 7:05
2240,1.7,56.3836,-158.7491,Alaska,8/3/16 7:11
2241,1.4,51.7539,-177.4761,Alaska,8/3/16 7:11
2242,1.5,62.9888,-150.6362,Alaska,8/3/16 7:20
2249,3.4,61.0451,-150.2174,Alaska,8/3/16 7:51
2250,1.5,61.1723,-147.4572,Alaska,8/3/16 7:57
2255,0.9,67.477,-152.2254,Alaska,8/3/16 8:07
2258,1.1,61.6425,-151.3224,Alaska,8/3/16 8:21
2262,1.2,61.7505,-149.6259,Alaska,8/3/16 8:55
2264,2.1,60.9126,-150.8214,Alaska,8/3/16 9:00
2266,0.5,64.3858,-149.7964,Alaska,8/3/16 9:02
2267,1.4,65.1668,-148.9766,Alaska,8/3/16 9:06
2270,1.8,60.6581,-152.6838,Alaska,8/3/16 9:24
2278,0.8,64.4856,-147.198,Alaska,8/3/16 10:10
2279,1.8,54.0148,-165.1241,Alaska,8/3/16 10:14
2280,2.6,51.1357,-176.3201,Alaska,8/3/16 10:19
2281,3.4,61.0581,-150.1958,Alaska,8/3/16 10:32
2282,1.7,61.0623,-150.2372,Alaska,8/3/16 10:36
2284,3.4,51.7779,-175.6702,Alaska,8/3/16 10:37
2287,2.3,51.6157,-176.4996,Alaska,8/3/16 10:56
2288,1.3,61.4883,-146.4963,Alaska,8/3/16 11:03
2289,3.9,60.1623,-139.5874,Alaska,8/3/16 11:04
2290,1.7,60.1743,-139.5215,Alaska,8/3/16 11:08
2292,1.4,59.2403,-148.8837,Alaska,8/3/16 11:12
2295,1.6,59.4585,-152.2245,Alaska,8/3/16 11:18
2296,1.3,60.2618,-152.3901,Alaska,8/3/16 11:22
2303,0.8,60.1305,-153.5779,Alaska,8/3/16 11:42
2305,1.1,59.6043,-138.8413,Alaska,8/3/16 11:48
2307,0.4,64.2131,-147.92,Alaska,8/3/16 11:52
2308,1.6,59.8879,-153.3523,Alaska,8/3/16 11:56
2313,2.4,61.7453,-150.7926,Alaska,8/3/16 12:15
2314,0.9,61.4989,-146.5166,Alaska,8/3/16 12:23
2315,1.1,60.3251,-141.3498,Alaska,8/3/16 12:29
2318,1.2,60.159,-139.5459,Alaska,8/3/16 12:41
2323,1.6,65.226,-152.4248,Alaska,8/3/16 13:03
2332,1.1,59.8469,-150.5807,Alaska,8/3/16 13:34
2335,1.7,62.1367,-152.1119,Alaska,8/3/16 13:49
2336,1.2,63.5621,-150.7797,Alaska,8/3/16 13:51
2338,1.1,64.4991,-152.7641,Alaska,8/3/16 14:19
2339,0.9,66.2984,-141.4104,Alaska,8/3/16 14:20
2340,0.7,63.4638,-147.8433,Alaska,8/3/16 14:20
2341,0.9,62.154,-150.0331,Alaska,8/3/16 14:37
2345,2.4,56.8547,-154.9645,Alaska,8/3/16 14:47
2346,1.5,51.2838,-176.4202,Alaska,8/3/16 14:49
2350,1.1,51.5296,-176.029,Alaska,8/3/16 15:27
2351,1.1,51.6088,-175.5541,Alaska,8/3/16 15:34
2352,1.1,61.0734,-150.3976,Alaska,8/3/16 15:34
2353,1.5,60.9384,-150.6841,Alaska,8/3/16 15:42
2361,2.6,52.1016,-174.2688,Alaska,8/3/16 16:07
2362,1.6,59.7879,-152.5172,Alaska,8/3/16 16:17
2365,2.4,61.4075,-150.9117,Alaska,8/3/16 16:34
2366,0.8,63.4035,-147.4212,Alaska,8/3/16 16:48
2367,0.7,51.6314,-177.1621,Alaska,8/3/16 16:49
2368,1.9,51.8369,178.4578,Alaska,8/3/16 16:52
2371,1.6,59.0153,-152.8602,Alaska,8/3/16 17:31
2372,1.2,61.5468,-150.5485,Alaska,8/3/16 17:35
2375,1.1,51.4854,179.4122,Alaska,8/3/16 17:50
2378,0.2,64.3932,-146.992,Alaska,8/3/16 18:08
2380,0.4,64.4974,-147.9134,Alaska,8/3/16 18:15
2382,1.6,58.8145,-152.7472,Alaska,8/3/16 18:21
2383,1,64.6614,-149.8895,Alaska,8/3/16 18:24
2388,1.5,59.7225,-152.5124,Alaska,8/3/16 18:46
2390,1.1,61.1645,-152.2261,Alaska,8/3/16 18:51
2391,1.8,52.7588,-168.2193,Alaska,8/3/16 18:58
2393,2.5,59.8442,-152.8763,Alaska,8/3/16 19:06
2394,1.4,69.2682,-145.9506,Alaska,8/3/16 19:06
2396,1.1,63.2241,-149.3175,Alaska,8/3/16 19:25
2397,1.3,64.9886,-147.3406,Alaska,8/3/16 19:28
2400,1.2,62.9558,-149.4496,Alaska,8/3/16 19:45
2401,2.1,52.1406,-176.1671,Alaska,8/3/16 19:50
2402,1.8,50.994,-179.7973,Alaska,8/3/16 19:52
2405,0.9,62.6739,-149.373,Alaska,8/3/16 19:57
2407,1.1,60.1442,-139.553,Alaska,8/3/16 20:09
2408,4,51.4562,-173.7246,Alaska,8/3/16 20:16
2409,2,54.7086,-161.6911,Alaska,8/3/16 20:26
2412,1.6,61.1221,-147.3106,Alaska,8/3/16 20:45
2413,1.7,61.0784,-150.2403,Alaska,8/3/16 20:49
2417,1.1,62.6705,-152.3145,Alaska,8/3/16 21:18
2419,1.4,51.6087,179.5113,Alaska,8/3/16 21:39
2428,1.5,61.0275,-152.3874,Alaska,8/3/16 22:40
2429,1,62.5024,-151.2313,Alaska,8/3/16 22:47
2430,1.3,60.0496,-140.8298,Alaska,8/3/16 22:59
2434,1.2,61.701,-149.8222,Alaska,8/3/16 23:13
2436,2.5,52.7208,-166.6369,Alaska,8/3/16 23:15
2437,1.5,59.4724,-153.0069,Alaska,8/3/16 23:29
2438,1.7,60.112,-150.4306,Alaska,8/3/16 23:56
2440,0.7,63.0192,-147.918,Alaska,8/4/16 0:02
2443,1.2,62.4511,-150.5962,Alaska,8/4/16 0:18
2446,1.2,64.7092,-147.4995,Alaska,8/4/16 0:22
2448,2,56.0914,-155.9814,Alaska,8/4/16 0:29
2449,1.8,67.9739,-157.8149,Alaska,8/4/16 0:33
2451,2.7,51.9256,-172.6177,Alaska,8/4/16 0:39
2454,0.2,64.6501,-146.853,Alaska,8/4/16 0:48
2460,0.8,63.3809,-151.8037,Alaska,8/4/16 1:02
2472,1.2,60.5546,-146.1277,Alaska,8/4/16 1:13
2491,2.1,59.8819,-153.1805,Alaska,8/4/16 1:28
2493,0.7,63.2949,-151.2214,Alaska,8/4/16 1:29
2509,1.3,58.7579,-157.1253,Alaska,8/4/16 1:44
2517,3.5,51.2094,-177.7303,Alaska,8/4/16 1:54
2522,2.3,51.7732,178.3304,Alaska,8/4/16 2:06
2525,1.3,68.9017,-145.6415,Alaska,8/4/16 2:09
2529,3.3,51.963,-170.7836,Alaska,8/4/16 2:12
2531,2.1,58.0176,-154.9193,Alaska,8/4/16 2:14
2534,0.5,63.1276,-150.4162,Alaska,8/4/16 2:22
2535,2.5,51.3579,-177.0699,Alaska,8/4/16 2:22
2537,0.7,63.3891,-145.0961,Alaska,8/4/16 2:25
2540,1.2,63.2596,-150.7429,Alaska,8/4/16 2:34
2546,2,54.6743,-165.0466,Alaska,8/4/16 2:40
2553,0.9,62.1476,-148.7366,Alaska,8/4/16 2:52
2563,1.3,63.1206,-150.7818,Alaska,8/4/16 3:27
2567,1.1,62.8314,-150.5752,Alaska,8/4/16 3:31
2578,0.7,62.8771,-143.679,Alaska,8/4/16 4:01
2581,1.5,62.8739,-151.3024,Alaska,8/4/16 4:11
2590,1.9,59.5702,-153.264,Alaska,8/4/16 4:34
2593,1.2,63.1559,-150.6281,Alaska,8/4/16 4:48
2615,2,60.383,-152.9368,Alaska,8/4/16 6:05
2616,2.7,59.1505,-150.9599,Alaska,8/4/16 6:10
2619,0.8,63.1975,-150.8486,Alaska,8/4/16 6:16
2624,2.1,51.4129,-172.9868,Alaska,8/4/16 6:35
2627,0.8,66.0296,-153.632,Alaska,8/4/16 6:38
2629,1.4,59.8192,-151.7698,Alaska,8/4/16 6:43
2630,0.8,63.1675,-150.8493,Alaska,8/4/16 6:57
2637,0.9,60.9749,-146.6694,Alaska,8/4/16 7:18
2642,0.6,65.7511,-151.697,Alaska,8/4/16 7:37
2644,0.8,68.5148,-147.2668,Alaska,8/4/16 7:46
2647,3.6,57.8355,-154.8599,Alaska,8/4/16 8:00
2654,2.2,53.7227,-164.0937,Alaska,8/4/16 8:40
2658,1.1,59.9072,-140.6894,Alaska,8/4/16 8:47
2660,1,66.1328,-150.2822,Alaska,8/4/16 8:51
2665,1.1,60.1696,-139.5047,Alaska,8/4/16 9:01
2666,2.2,61.1207,-152.4507,Alaska,8/4/16 9:15
2677,1.4,53.2872,-166.0014,Alaska,8/4/16 9:46
2681,1.7,61.6565,-151.6088,Alaska,8/4/16 10:13
2685,0.3,67.1656,-144.4631,Alaska,8/4/16 10:23
2689,2.1,61.7225,-147.741,Alaska,8/4/16 10:51
2692,0.8,61.2953,-152.4418,Alaska,8/4/16 11:06
2695,2.6,62.167,-151.6705,Alaska,8/4/16 11:17
2696,1.7,52.715,-166.6745,Alaska,8/4/16 11:29
2705,1.4,63.9266,-148.636,Alaska,8/4/16 11:42
2709,1.5,59.4726,-152.7611,Alaska,8/4/16 11:48
2713,2.3,52.6662,-166.613,Alaska,8/4/16 12:00
2716,1.1,63.7099,-149.6248,Alaska,8/4/16 12:11
2718,1.1,62.4047,-151.2366,Alaska,8/4/16 12:20
2724,1.3,51.4142,-178.0918,Alaska,8/4/16 12:48
2725,1.6,62.009,-152.1416,Alaska,8/4/16 13:01
2727,1.6,63.571,-150.6338,Alaska,8/4/16 13:02
2732,1.6,60.3794,-151.9016,Alaska,8/4/16 13:29
2736,1.2,61.256,-146.915,Alaska,8/4/16 14:04
2741,0.8,63.1126,-151.5018,Alaska,8/4/16 14:28
2744,1.2,60.1011,-151.3949,Alaska,8/4/16 14:39
2748,1.2,63.1373,-150.5357,Alaska,8/4/16 15:00
2751,1.8,63.3666,-151.4803,Alaska,8/4/16 15:24
2752,0.9,64.8181,-149.1685,Alaska,8/4/16 15:26
2757,1.6,64.1187,-148.709,Alaska,8/4/16 16:09
2758,1.2,63.5307,-150.6719,Alaska,8/4/16 16:23
2763,1,61.5794,-148.1326,Alaska,8/4/16 16:49
2766,1.2,62.8733,-149.5232,Alaska,8/4/16 16:57
2767,1.6,53.2867,-166.8479,Alaska,8/4/16 16:58
2768,0.7,63.536,-152.4858,Alaska,8/4/16 16:58
2771,1.3,61.5229,-146.4081,Alaska,8/4/16 17:02
2775,1.2,63.0805,-149.6725,Alaska,8/4/16 17:22
2782,1.9,59.8358,-152.9536,Alaska,8/4/16 17:51
2784,1.7,60.2808,-148.1912,Alaska,8/4/16 18:15
2792,1.3,61.4702,-146.4359,Alaska,8/4/16 18:51
2793,1.1,63.2504,-150.5087,Alaska,8/4/16 18:53
2795,2.5,61.9472,-150.0608,Alaska,8/4/16 19:05
2798,1.3,51.362,-177.0324,Alaska,8/4/16 19:12
2802,1.4,64.9713,-147.3852,Alaska,8/4/16 19:25
2803,2.9,58.1062,-154.7812,Alaska,8/4/16 19:34
2809,1,63.2774,-151.1832,Alaska,8/4/16 19:53
2813,1,65.7328,-145.0301,Alaska,8/4/16 20:26
2814,1.8,61.281,-147.7108,Alaska,8/4/16 20:30
2817,1.4,63.4667,-146.8679,Alaska,8/4/16 21:00
2825,2.4,59.3375,-153.3164,Alaska,8/4/16 21:18
2827,2,53.227,-167.174,Alaska,8/4/16 21:32
2829,2.2,58.1886,-154.0942,Alaska,8/4/16 21:47
2838,1.4,61.281,-147.7108,Alaska,8/4/16 22:07
2839,2.7,56.6778,-157.3849,Alaska,8/4/16 22:14
2841,1,63.5479,-150.7848,Alaska,8/4/16 22:19
2845,3,55.7346,-162.0136,Alaska,8/4/16 22:56
2885,1.3,61.4228,-145.947,Alaska,8/5/16 2:16
2886,1.2,63.4045,-150.0943,Alaska,8/5/16 2:17
2905,2.1,51.8088,178.5029,Alaska,8/5/16 3:50
2909,2.4,61.2755,-152.6008,Alaska,8/5/16 4:36
2913,1.5,61.3274,-152.5008,Alaska,8/5/16 5:13
2919,1.3,63.094,-151.3247,Alaska,8/5/16 5:55
2931,1.8,66.9371,-146.5288,Alaska,8/5/16 7:53
2938,0.9,60.4292,-142.2832,Alaska,8/5/16 8:55
2947,1.7,65.4024,-143.2936,Alaska,8/5/16 9:38
2950,1.5,66.9335,-146.4015,Alaska,8/5/16 9:45
2951,1.3,60.6,-149.9999,Alaska,8/5/16 9:51
2960,1.7,63.2939,-151.3338,Alaska,8/5/16 10:36
2961,1.6,64.7493,-151.4686,Alaska,8/5/16 10:40
2973,2.1,63.7114,-146.6154,Alaska,8/5/16 12:18
2977,2.2,62.2662,-151.319,Alaska,8/5/16 12:38
2978,0.7,63.3993,-150.4461,Alaska,8/5/16 12:49
2979,1.5,60.3296,-141.2161,Alaska,8/5/16 12:55
2982,1.9,65.8496,-151.3665,Alaska,8/5/16 13:11
2983,1.5,60.0909,-140.9654,Alaska,8/5/16 13:17
2988,1.5,60.2584,-151.0113,Alaska,8/5/16 13:47
2995,2.3,52.6472,-166.5735,Alaska,8/5/16 14:27
2997,1.4,64.5661,-147.8561,Alaska,8/5/16 14:36
3010,1.3,64.9086,-145.8072,Alaska,8/5/16 15:58
3011,3.1,55.6209,-159.8656,Alaska,8/5/16 15:58
3014,1.8,57.7894,-153.7267,Alaska,8/5/16 16:12
3021,1,62.5046,-149.2148,Alaska,8/5/16 16:46
3022,1.1,63.0929,-151.4351,Alaska,8/5/16 16:47
3023,1.7,59.8416,-140.999,Alaska,8/5/16 16:52
3025,1.4,61.6041,-146.4247,Alaska,8/5/16 17:12
3028,2.7,51.807,-177.025,Alaska,8/5/16 17:42
3029,0.3,64.8879,-149.115,Alaska,8/5/16 17:50
3047,1.5,64.9546,-147.3372,Alaska,8/5/16 19:08
3054,2.3,59.9145,-151.455,Alaska,8/5/16 20:04
3055,3.1,60.0526,-152.6732,Alaska,8/5/16 20:11
3057,2.4,52.7129,-166.8033,Alaska,8/5/16 20:22
3061,1.6,51.8949,-173.6562,Alaska,8/5/16 20:38
3069,1.5,52.1483,-175.3425,Alaska,8/5/16 21:17
3071,1.2,64.1148,-153.5993,Alaska,8/5/16 21:24
3078,1.7,61.4368,-150.7349,Alaska,8/5/16 21:47
3079,2.1,58.6438,-141.3398,Alaska,8/5/16 22:03
3084,1.1,62.1349,-145.1409,Alaska,8/5/16 22:12
3086,1.8,60.401,-144.6398,Alaska,8/5/16 22:29
3088,2,63.2221,-143.5374,Alaska,8/5/16 22:45
3091,1.2,59.6407,-152.3835,Alaska,8/5/16 22:54
3103,0.6,61.399,-152.2659,Alaska,8/5/16 23:33
3107,1.5,60.078,-150.6031,Alaska,8/5/16 23:41
3111,2.3,53.5905,-167.2551,Alaska,8/5/16 23:49
3112,1,60.0368,-140.7365,Alaska,8/5/16 23:56
3114,1.7,52.2503,-175.275,Alaska,8/5/16 23:58
3116,1.5,60.7008,-140.3598,Alaska,8/6/16 0:09
3119,0.6,64.7554,-147.7827,Alaska,8/6/16 0:17
3122,1.2,59.8393,-151.0772,Alaska,8/6/16 0:19
3123,1.9,52.5702,-174.679,Alaska,8/6/16 0:19
3126,3.1,53.7954,-163.5029,Alaska,8/6/16 0:41
3131,2.9,59.6248,-153.4251,Alaska,8/6/16 0:48
3140,1.6,59.0564,-153.5181,Alaska,8/6/16 1:15
3142,2.1,52.9883,-166.3353,Alaska,8/6/16 1:17
3146,0.5,63.4292,-147.8178,Alaska,8/6/16 1:36
3147,1.5,61.2865,-140.8544,Alaska,8/6/16 1:43
3155,1.3,62.4862,-152.097,Alaska,8/6/16 2:14
3158,1,62.9941,-150.4292,Alaska,8/6/16 2:27
3161,1.2,61.0326,-150.5982,Alaska,8/6/16 2:29
3164,1.2,62.8703,-150.9994,Alaska,8/6/16 2:42
3165,1.6,59.753,-153.2669,Alaska,8/6/16 2:47
3167,1.6,61.7849,-151.7277,Alaska,8/6/16 3:00
3170,1.2,51.4038,-176.2287,Alaska,8/6/16 3:17
3175,2.1,59.2107,-153.6004,Alaska,8/6/16 3:33
3177,1.6,51.8179,-176.9952,Alaska,8/6/16 3:38
3184,1.1,61.9648,-151.6676,Alaska,8/6/16 4:37
3187,1.4,63.5068,-147.7218,Alaska,8/6/16 4:48
3188,3.4,61.2892,-150.3973,Alaska,8/6/16 4:53
3189,1.3,60.5828,-143.2705,Alaska,8/6/16 4:54
3190,1.3,61.0971,-150.7488,Alaska,8/6/16 5:02
3192,1.2,62.9707,-150.7162,Alaska,8/6/16 5:06
3194,1.8,53.9661,-164.7264,Alaska,8/6/16 5:10
3206,1.6,62.873,-150.5607,Alaska,8/6/16 5:32
3212,2.2,52.2459,-169.5256,Alaska,8/6/16 5:56
3215,2.2,57.2153,-156.6564,Alaska,8/6/16 6:20
3229,1.5,51.3466,-177.1004,Alaska,8/6/16 7:48
3232,1.3,62.1782,-150.0636,Alaska,8/6/16 8:19
3240,3.2,52.8175,-163.7891,Alaska,8/6/16 8:57
3241,2.2,59.2857,-151.9839,Alaska,8/6/16 9:17
3245,0.8,60.2956,-142.3549,Alaska,8/6/16 9:25
3248,2.1,59.9224,-153.4972,Alaska,8/6/16 9:28
3249,1,63.2235,-151.087,Alaska,8/6/16 9:33
3251,1.6,51.1624,179.7075,Alaska,8/6/16 9:42
3255,1.8,60.4546,-150.8719,Alaska,8/6/16 9:49
3257,2.5,52.3684,-167.8971,Alaska,8/6/16 10:10
3262,1.5,59.5262,-152.9002,Alaska,8/6/16 10:18
3267,2,52.4077,-167.8794,Alaska,8/6/16 10:40
3268,1,61.2365,-151.6521,Alaska,8/6/16 10:40
3273,1,51.8234,-176.9972,Alaska,8/6/16 10:55
3277,1,64.4196,-147.0229,Alaska,8/6/16 11:05
3281,1.3,61.3485,-149.5849,Alaska,8/6/16 11:20
3283,1.2,63.238,-150.4714,Alaska,8/6/16 11:31
3288,1.1,61.5513,-141.0364,Alaska,8/6/16 12:02
3291,0.9,61.5447,-140.9995,Alaska,8/6/16 12:25
3294,1.1,61.5303,-140.9951,Alaska,8/6/16 12:38
3295,1.3,61.8465,-150.5469,Alaska,8/6/16 12:41
3301,1.5,63.2284,-143.5423,Alaska,8/6/16 13:29
3302,2.1,61.7555,-149.6528,Alaska,8/6/16 13:34
3303,1.4,51.4386,-178.4062,Alaska,8/6/16 13:48
3305,1.9,63.0879,-150.7896,Alaska,8/6/16 14:11
3308,0.7,63.3277,-151.771,Alaska,8/6/16 14:19
3313,2.8,53.5998,-168.7443,Alaska,8/6/16 14:51
3314,1.8,53.3527,-165.4578,Alaska,8/6/16 14:59
3316,1.4,54.7469,-164.0731,Alaska,8/6/16 15:03
3317,0.8,64.4268,-146.9795,Alaska,8/6/16 15:06
3318,0.8,63.3005,-151.3999,Alaska,8/6/16 15:09
3319,0.9,66.1347,-149.5793,Alaska,8/6/16 15:09
3324,1.4,61.3422,-151.4403,Alaska,8/6/16 15:40
3328,2.6,58.007,-152.934,Alaska,8/6/16 16:02
3331,1,64.3478,-149.8397,Alaska,8/6/16 16:17
3334,1.6,51.3594,-176.8744,Alaska,8/6/16 16:20
3351,1.8,51.122,-178.2961,Alaska,8/6/16 17:34
3354,1.5,51.3342,-177.6876,Alaska,8/6/16 17:38
3355,1.7,65.0889,-154.3601,Alaska,8/6/16 17:41
3364,1.1,64.9871,-147.3273,Alaska,8/6/16 18:38
3370,2.4,64.8457,-148.7311,Alaska,8/6/16 18:59
3372,1.6,50.9134,-177.023,Alaska,8/6/16 19:06
3380,1.5,65.5788,-151.8766,Alaska,8/6/16 20:21
3382,1.6,51.7299,-177.2876,Alaska,8/6/16 20:25
3387,0.6,64.8904,-148.6279,Alaska,8/6/16 20:36
3389,2,62.5497,-151.2604,Alaska,8/6/16 20:39
3400,0.7,63.5379,-151.2384,Alaska,8/6/16 21:14
3403,1.9,53.801,-164.3013,Alaska,8/6/16 21:21
3410,1.5,51.6756,-176.4465,Alaska,8/6/16 22:01
3412,1.9,52.5445,-166.4735,Alaska,8/6/16 22:20
3415,1.2,61.4048,-147.1344,Alaska,8/6/16 22:36
3420,2,60.1052,-153.0256,Alaska,8/6/16 22:58
3422,2.5,61.4989,-149.7476,Alaska,8/6/16 23:07
3444,0.9,60.4039,-142.8848,Alaska,8/7/16 0:52
3448,2.5,51.6372,-175.0783,Alaska,8/7/16 1:01
3453,1.6,63.2268,-150.6599,Alaska,8/7/16 1:23
3455,1.3,64.69,-147.1727,Alaska,8/7/16 1:25
3457,0.2,64.6797,-147.173,Alaska,8/7/16 1:26
3458,1.8,53.835,-164.3986,Alaska,8/7/16 1:50
3461,2,53.8488,-164.3634,Alaska,8/7/16 2:00
3462,2,51.7938,178.6851,Alaska,8/7/16 2:07
3465,1.3,61.2104,-140.6612,Alaska,8/7/16 2:11
3469,2.5,51.5232,178.1716,Alaska,8/7/16 2:38
3478,1.5,53.7109,-165.6416,Alaska,8/7/16 3:11
3492,1,68.4651,-146.9818,Alaska,8/7/16 4:28
3494,1.9,55.3903,-158.4919,Alaska,8/7/16 4:49
3497,1.8,66.1989,-149.3848,Alaska,8/7/16 5:04
3504,2,52.6424,-169.1406,Alaska,8/7/16 5:47
3506,0.8,67.468,-147.3128,Alaska,8/7/16 6:02
3508,1.6,60.4622,-140.9677,Alaska,8/7/16 6:16
3516,2.2,53.422,-163.6456,Alaska,8/7/16 6:50
3519,2,59.3057,-152.9136,Alaska,8/7/16 6:55
3523,1.3,62.8322,-150.7978,Alaska,8/7/16 7:10
3525,1.8,59.8348,-152.9431,Alaska,8/7/16 7:19
3526,1,61.5697,-151.1332,Alaska,8/7/16 7:23
3559,2.1,51.8737,178.5231,Alaska,8/7/16 9:19
3560,2.8,58.7101,-151.4016,Alaska,8/7/16 9:20
3565,1.9,52.9685,-169.2758,Alaska,8/7/16 9:55
3573,2.3,54.4496,-161.692,Alaska,8/7/16 10:11
3575,1.4,51.4418,-175.4906,Alaska,8/7/16 10:12
3577,1.9,51.5445,-178.1565,Alaska,8/7/16 10:38
3584,2,50.8553,-173.8211,Alaska,8/7/16 11:17
3585,2.4,62.8472,-150.793,Alaska,8/7/16 11:22
3589,1.6,60.0772,-139.4052,Alaska,8/7/16 11:43
3591,1.5,60.0357,-153.0566,Alaska,8/7/16 12:02
3594,1.7,60.8805,-150.5419,Alaska,8/7/16 12:18
3600,1.7,62.0389,-151.5928,Alaska,8/7/16 12:27
3605,1.9,59.0252,-154.1312,Alaska,8/7/16 13:10
3608,1.7,63.1636,-150.4637,Alaska,8/7/16 13:16
3610,1.1,61.9738,-143.7119,Alaska,8/7/16 13:22
3612,1.6,65.3952,-144.6804,Alaska,8/7/16 13:27
3615,1.4,62.8953,-149.2791,Alaska,8/7/16 13:39
3618,1.8,51.3745,179.4784,Alaska,8/7/16 13:45
3623,1.7,60.3962,-147.7496,Alaska,8/7/16 14:10
3625,1.7,54.2514,-164.6045,Alaska,8/7/16 14:21
3631,1.8,59.8773,-152.8944,Alaska,8/7/16 15:07
3637,1.7,63.1395,-150.2223,Alaska,8/7/16 15:24
3639,1.5,63.4227,-150.0452,Alaska,8/7/16 15:28
3640,1.3,61.317,-146.8092,Alaska,8/7/16 15:38
3642,1.8,51.3897,-176.0867,Alaska,8/7/16 15:41
3646,1.8,51.9713,-174.1974,Alaska,8/7/16 16:05
3647,2,61.1176,-150.9037,Alaska,8/7/16 16:08
3650,2.5,54.4923,-165.754,Alaska,8/7/16 16:20
3651,0.9,65.3883,-144.7489,Alaska,8/7/16 16:30
3654,2.5,51.1374,-179.2769,Alaska,8/7/16 16:45
3657,2,59.5093,-153.2788,Alaska,8/7/16 17:03
3658,1.4,69.3298,-144.0389,Alaska,8/7/16 17:07
3659,1,51.5638,-176.0213,Alaska,8/7/16 17:09
3661,1.2,51.5338,-176.022,Alaska,8/7/16 17:17
3663,2.9,65.4149,-144.6867,Alaska,8/7/16 17:19
3665,2.3,65.3982,-144.6628,Alaska,8/7/16 17:26
3667,1,65.4416,-144.6736,Alaska,8/7/16 17:35
3671,2,51.2834,-179.1731,Alaska,8/7/16 18:00
3674,1.7,58.2184,-152.9191,Alaska,8/7/16 18:06
3677,1.8,51.5377,178.5689,Alaska,8/7/16 18:30
3678,1.4,60.3294,-140.1499,Alaska,8/7/16 18:31
3685,1.1,64.9806,-147.3609,Alaska,8/7/16 19:11
3687,1.7,63.5671,-147.9412,Alaska,8/7/16 19:14
3688,1.2,63.543,-148.0646,Alaska,8/7/16 19:22
3690,2,57.1822,-156.1079,Alaska,8/7/16 19:25
3698,2,53.7563,-164.9068,Alaska,8/7/16 20:01
3708,3,51.6694,179.0724,Alaska,8/7/16 20:29
3711,3.9,51.3946,-174.4984,Alaska,8/7/16 20:44
3713,1.2,60.3274,-140.0669,Alaska,8/7/16 21:23
3714,0.6,63.4398,-151.3796,Alaska,8/7/16 21:23
3716,1.2,62.1438,-151.7438,Alaska,8/7/16 21:25
3717,1.2,60.0029,-151.8227,Alaska,8/7/16 21:30
3721,1.3,63.6089,-148.249,Alaska,8/7/16 21:59
3722,1.1,61.101,-150.6205,Alaska,8/7/16 22:04
3723,2.5,53.004,-173.1624,Alaska,8/7/16 22:08
3724,1.6,51.231,-178.0065,Alaska,8/7/16 22:19
3726,1.2,64.5767,-148.9165,Alaska,8/7/16 22:25
3729,2.2,60.3036,-152.5372,Alaska,8/7/16 22:36
3731,1.4,60.3458,-152.4249,Alaska,8/7/16 22:47
3734,0.6,63.6367,-151.092,Alaska,8/7/16 22:50
3737,3.6,51.7989,-175.2099,Alaska,8/7/16 23:12
3739,1.6,61.7828,-152.068,Alaska,8/7/16 23:18
3740,1.4,64.7038,-149.0939,Alaska,8/7/16 23:21
3742,1.4,63.5279,-147.3281,Alaska,8/7/16 23:28
3749,1.8,65.3867,-144.7231,Alaska,8/8/16 0:12
3759,1.3,62.4712,-152.2853,Alaska,8/8/16 0:51
3762,1.9,54.2011,-164.1404,Alaska,8/8/16 1:06
3764,1.6,59.3412,-153.2157,Alaska,8/8/16 1:14
3775,1.3,63.2599,-150.8699,Alaska,8/8/16 1:35
3778,1.4,62.3176,-151.2483,Alaska,8/8/16 1:52
3779,2.3,53.8883,-163.8987,Alaska,8/8/16 1:52
3782,1.2,61.2051,-140.6621,Alaska,8/8/16 2:03
3784,2.4,53.8031,-164.9588,Alaska,8/8/16 2:12
3785,1.1,62.2195,-149.5614,Alaska,8/8/16 2:18
3786,1.2,61.5421,-147.2439,Alaska,8/8/16 2:31
3793,1.9,57.2312,-155.7158,Alaska,8/8/16 2:52
3794,1.1,62.7475,-150.2481,Alaska,8/8/16 2:52
3798,1.5,59.5195,-152.2921,Alaska,8/8/16 3:33
3801,1.9,59.3429,-152.7067,Alaska,8/8/16 3:48
3807,1.5,61.9271,-144.063,Alaska,8/8/16 4:00
3809,0.4,63.5553,-150.9386,Alaska,8/8/16 4:10
3811,1.4,60.7925,-147.3303,Alaska,8/8/16 4:14
3812,2.6,58.4186,-152.5832,Alaska,8/8/16 4:35
3817,2,53.64,-166.6457,Alaska,8/8/16 4:52
3820,1.5,60.9658,-150.7812,Alaska,8/8/16 4:58
3823,1.2,63.0137,-150.7221,Alaska,8/8/16 5:10
3825,1.8,62.8318,-144.8256,Alaska,8/8/16 5:18
3826,1.5,51.4791,-175.5066,Alaska,8/8/16 5:18
3827,0.4,59.386,-153.3702,Alaska,8/8/16 5:21
3835,1.2,63.2621,-150.4669,Alaska,8/8/16 5:42
3837,2,56.5711,-155.4098,Alaska,8/8/16 5:44
3840,1.7,59.8068,-153.0934,Alaska,8/8/16 5:56
3857,2.1,59.7647,-153.0383,Alaska,8/8/16 6:58
3858,1.5,52.9296,-167.3012,Alaska,8/8/16 6:58
3863,1.2,53.4459,-167.2504,Alaska,8/8/16 7:07
3865,0.6,65.4288,-144.6979,Alaska,8/8/16 7:15
3877,0.7,63.1098,-151.5426,Alaska,8/8/16 7:46
3884,1.8,61.1476,-149.5861,Alaska,8/8/16 8:00
3889,2.7,58.902,-136.4099,Alaska,8/8/16 8:07
3891,2,59.9633,-153.4134,Alaska,8/8/16 8:15
3892,1.3,51.7397,-175.0279,Alaska,8/8/16 8:17
3893,0.4,64.6888,-147.7854,Alaska,8/8/16 8:20
3895,1.4,65.3983,-144.702,Alaska,8/8/16 8:23
3902,1.7,57.8201,-152.3278,Alaska,8/8/16 8:44
3903,1.7,51.4242,-175.6152,Alaska,8/8/16 8:47
3913,0.5,64.4033,-146.7867,Alaska,8/8/16 9:38
3916,0.7,63.4234,-146.0158,Alaska,8/8/16 10:09
3917,1.8,51.3701,-175.8206,Alaska,8/8/16 10:22
3919,2.3,62.8905,-149.5402,Alaska,8/8/16 10:26
3922,1.4,59.7517,-152.9541,Alaska,8/8/16 10:37
3925,1,62.7485,-149.863,Alaska,8/8/16 10:57
3926,1.4,62.53,-151.2271,Alaska,8/8/16 10:57
3927,0.6,65.0305,-148.9609,Alaska,8/8/16 10:58
3931,1.2,62.3352,-151.2374,Alaska,8/8/16 11:09
3932,1.2,62.8231,-151.4364,Alaska,8/8/16 11:16
3935,1,61.3221,-149.8313,Alaska,8/8/16 11:34
3939,1.1,65.3923,-144.6941,Alaska,8/8/16 11:59
3945,0.9,65.4065,-144.693,Alaska,8/8/16 12:26
3946,0.9,65.4239,-144.6781,Alaska,8/8/16 12:27
3950,0.8,65.3708,-144.72,Alaska,8/8/16 12:45
3952,1,65.4424,-144.6753,Alaska,8/8/16 12:50
3953,3.4,51.8532,174.7562,Alaska,8/8/16 12:54
3954,1.7,65.4016,-144.7131,Alaska,8/8/16 13:05
3955,1.5,63.8384,-149.2131,Alaska,8/8/16 13:05
3958,1.6,63.5908,-150.6888,Alaska,8/8/16 13:14
3962,2,51.7392,-177.1669,Alaska,8/8/16 13:29
3964,1.5,62.8974,-151.4007,Alaska,8/8/16 13:33
3967,0.8,65.423,-144.6774,Alaska,8/8/16 13:40
3968,2.6,52.0888,-174.4267,Alaska,8/8/16 13:42
3969,1.6,58.2106,-154.8299,Alaska,8/8/16 13:56
3978,1.5,51.5297,-177.3303,Alaska,8/8/16 14:52
3980,1.3,60.2062,-141.1622,Alaska,8/8/16 15:01
3983,1,63.1168,-150.206,Alaska,8/8/16 15:12
3986,0.5,67.6831,-144.0394,Alaska,8/8/16 15:25
3987,1.6,61.8485,-150.5819,Alaska,8/8/16 15:28
3988,0.5,64.4993,-148.9409,Alaska,8/8/16 15:30
3989,0.9,63.0872,-151.5726,Alaska,8/8/16 15:34
3990,1.8,58.7423,-134.4947,Alaska,8/8/16 15:35
3991,2.3,51.9859,179.4728,Alaska,8/8/16 15:38
3992,1.5,62.0413,-149.9147,Alaska,8/8/16 15:43
3994,1.4,51.5101,-178.1604,Alaska,8/8/16 15:58
3996,1.5,59.546,-152.9658,Alaska,8/8/16 16:12
3997,1.7,63.5365,-150.0347,Alaska,8/8/16 16:32
4000,1.7,62.416,-150.9993,Alaska,8/8/16 16:44
4003,1.9,60.8317,-150.5856,Alaska,8/8/16 16:51
4007,1.4,64.986,-148.0445,Alaska,8/8/16 17:11
4008,1.5,60.1889,-139.5515,Alaska,8/8/16 17:20
4012,1.1,63.0205,-149.3117,Alaska,8/8/16 17:46
4018,1.2,62.3038,-148.9091,Alaska,8/8/16 18:17
4027,2.2,59.5212,-139.1042,Alaska,8/8/16 18:51
4028,1.4,51.5996,-178.148,Alaska,8/8/16 18:54
4029,2.1,53.6233,-165.0641,Alaska,8/8/16 19:01
4031,1,61.7431,-148.184,Alaska,8/8/16 19:03
4033,1.8,53.5599,-165.0746,Alaska,8/8/16 19:08
4034,1.3,64.9793,-147.3396,Alaska,8/8/16 19:11
4038,2.5,62.0202,-149.1384,Alaska,8/8/16 19:23
4039,1.1,68.3857,-148.7708,Alaska,8/8/16 19:24
4041,1,63.0209,-149.899,Alaska,8/8/16 19:27
4043,1.4,62.4263,-151.9919,Alaska,8/8/16 19:42
4046,1.2,51.4879,-176.1378,Alaska,8/8/16 19:50
4051,1.8,62.8176,-150.7953,Alaska,8/8/16 20:17
4053,1.5,61.5101,-150.6809,Alaska,8/8/16 20:29
4061,2.2,60.9938,-151.3774,Alaska,8/8/16 21:41
4074,1.4,63.3276,-152.56,Alaska,8/8/16 23:00
4089,2.5,61.8925,-149.9171,Alaska,8/9/16 0:32
4090,0.7,64.7908,-149.3566,Alaska,8/9/16 0:38
4092,1.1,65.3699,-144.7518,Alaska,8/9/16 0:44
4096,1.4,65.3699,-144.7518,Alaska,8/9/16 1:19
4104,1.9,52.6934,-166.6563,Alaska,8/9/16 2:10
4120,1.1,60.4683,-143.3703,Alaska,8/9/16 3:13
4132,1.7,67.3393,-145.0209,Alaska,8/9/16 3:49
4133,1.7,67.3393,-145.0209,Alaska,8/9/16 3:54
4145,1.2,64.6977,-150.1812,Alaska,8/9/16 5:08
4150,1.4,60.1355,-139.5499,Alaska,8/9/16 5:42
4151,1.9,58.4571,-154.8786,Alaska,8/9/16 5:57
4152,0.9,60.528,-143.1797,Alaska,8/9/16 6:18
4155,2.5,52.2946,-173.7102,Alaska,8/9/16 6:25
4157,1.6,68.8961,-146.6924,Alaska,8/9/16 6:35
4161,1.3,63.2755,-145.3305,Alaska,8/9/16 6:47
4162,1,63.2378,-151.8861,Alaska,8/9/16 6:52
4164,0.5,64.7331,-148.7743,Alaska,8/9/16 7:00
4169,1.1,62.1494,-149.572,Alaska,8/9/16 7:24
4170,0.5,64.6185,-147.9668,Alaska,8/9/16 7:26
4176,3.1,57.7375,-154.5828,Alaska,8/9/16 7:43
4177,1.8,63.4988,-151.8468,Alaska,8/9/16 7:53
4178,1.4,63.5391,-151.7936,Alaska,8/9/16 7:55
4185,1.5,62.5244,-152.7083,Alaska,8/9/16 8:52
4192,2.5,52.3834,-172.8662,Alaska,8/9/16 9:38
4203,1.7,58.5032,-154.981,Alaska,8/9/16 10:26
4211,3.1,51.713,176.0961,Alaska,8/9/16 11:27
4218,1.4,62.86,-150.5687,Alaska,8/9/16 12:27
4219,1.3,61.7385,-148.2052,Alaska,8/9/16 12:29
4221,0.2,64.7486,-149.2541,Alaska,8/9/16 13:04
4232,1.8,64.9963,-150.6413,Alaska,8/9/16 14:47
4238,1.7,59.8484,-153.0934,Alaska,8/9/16 15:06
4249,1.6,61.281,-147.7108,Alaska,8/9/16 16:27
4250,1.1,63.2939,-151.3338,Alaska,8/9/16 16:29
4258,1.2,63.1939,-151.3293,Alaska,8/9/16 17:02
4260,1.7,57.0638,-157.6476,Alaska,8/9/16 17:11
4268,1.5,63.2439,-151.3315,Alaska,8/9/16 17:46
4271,0.7,64.7393,-146.7798,Alaska,8/9/16 17:58
4273,1,64.7393,-146.7798,Alaska,8/9/16 17:59
4280,1.1,63.831,-147.6213,Alaska,8/9/16 18:40
4288,1.2,64.9546,-147.3372,Alaska,8/9/16 19:04
4295,1.6,60.1727,-150.7386,Alaska,8/9/16 19:27
4303,1.3,63.2949,-151.2227,Alaska,8/9/16 19:49
4304,1.7,69.7401,-146.3768,Alaska,8/9/16 19:53
4310,1.9,53.5354,-167.0346,Alaska,8/9/16 20:21
4315,1.2,65.4196,-144.7398,Alaska,8/9/16 20:54
4322,2.5,57.0389,-155.2424,Alaska,8/9/16 21:41
4334,2.2,60.7739,-147.3371,Alaska,8/9/16 23:07
4339,3.3,60.0478,-153.2733,Alaska,8/9/16 23:12
4346,1.2,63.5479,-150.7848,Alaska,8/9/16 23:24
4356,1.2,62.35,-150.1076,Alaska,8/10/16 0:11
4366,1.3,63.1798,-150.5364,Alaska,8/10/16 0:43
4367,0.9,63.8996,-150.3404,Alaska,8/10/16 0:46
4372,1.6,61.5399,-148.3215,Alaska,8/10/16 1:02
4373,0.7,60.5227,-141.3395,Alaska,8/10/16 1:07
4384,1.8,59.581,-139.0724,Alaska,8/10/16 1:47
4399,0.6,65.0477,-150.1704,Alaska,8/10/16 2:26
4400,1.9,59.7454,-152.2752,Alaska,8/10/16 2:27
4405,1.4,61.7433,-148.6273,Alaska,8/10/16 2:37
4407,1.1,66.801,-154.9373,Alaska,8/10/16 2:55
4412,1.4,60.6779,-147.5493,Alaska,8/10/16 3:08
4417,1.1,64.219,-148.011,Alaska,8/10/16 3:30
4418,1.5,59.7197,-152.0593,Alaska,8/10/16 3:38
4423,1.2,65.4196,-144.7398,Alaska,8/10/16 3:51
4428,1,60.5561,-141.7571,Alaska,8/10/16 4:29
4430,0.8,63.3859,-149.3808,Alaska,8/10/16 4:35
4436,1.7,61.8994,-149.5755,Alaska,8/10/16 5:06
4438,1,60.1294,-152.4171,Alaska,8/10/16 5:18
4442,1.2,59.1503,-153.4851,Alaska,8/10/16 5:33
4476,0.8,65.6418,-149.4239,Alaska,8/10/16 7:28
4479,2.7,59.0729,-145.252,Alaska,8/10/16 7:42
4504,0.9,63.1458,-151.1059,Alaska,8/10/16 10:12
4505,1.4,63.2458,-151.1096,Alaska,8/10/16 10:13
4507,1.6,65.3699,-144.7518,Alaska,8/10/16 10:25
4515,2.5,52.1835,-166.2985,Alaska,8/10/16 10:46
4545,2.4,62.9914,-150.7953,Alaska,8/10/16 11:46
4547,1.5,59.5101,-135.7909,Alaska,8/10/16 11:49
4556,1.6,60.5773,-151.9246,Alaska,8/10/16 12:27
4562,2.1,63.5314,-147.3025,Alaska,8/10/16 13:08
4573,1.3,62.5731,-150.6819,Alaska,8/10/16 14:17
4575,0.7,64.6428,-146.9119,Alaska,8/10/16 14:39
4581,1.1,64.9546,-147.3372,Alaska,8/10/16 15:21
4585,1.4,61.8496,-150.3177,Alaska,8/10/16 15:26
4588,1.8,62.6206,-148.6874,Alaska,8/10/16 15:52
4593,1.4,65.4246,-144.8594,Alaska,8/10/16 16:14
4596,1.7,60.3092,-152.4214,Alaska,8/10/16 16:42
4600,1,59.7554,-151.3788,Alaska,8/10/16 17:07
4617,1.8,62.0695,-150.9124,Alaska,8/10/16 17:54
4630,1.2,65.0045,-147.3303,Alaska,8/10/16 19:32
4633,1.6,61.654,-146.4189,Alaska,8/10/16 19:47
4639,1.5,59.8164,-152.9079,Alaska,8/10/16 20:11
4644,1.5,52.8016,-169.5285,Alaska,8/10/16 20:29
4645,1.2,60.1555,-151.9671,Alaska,8/10/16 20:30
4646,1,68.5065,-146.7595,Alaska,8/10/16 20:39
4647,1.5,61.2789,-146.6074,Alaska,8/10/16 20:46
4648,1.7,61.4606,-151.3652,Alaska,8/10/16 20:46
4649,2.2,60.1307,-153.4151,Alaska,8/10/16 20:52
4651,1.6,51.4633,-177.8138,Alaska,8/10/16 20:58
4661,1.2,63.2174,-150.7422,Alaska,8/10/16 21:30
4664,1.3,51.5763,-175.8142,Alaska,8/10/16 21:55
4668,1.4,62.4981,-149.3759,Alaska,8/10/16 22:01
4669,1.6,61.5718,-151.113,Alaska,8/10/16 22:06
4676,1.5,51.424,-178.4164,Alaska,8/10/16 22:53
4680,1.2,63.2237,-150.7109,Alaska,8/10/16 23:24
4681,1.4,61.2503,-147.7788,Alaska,8/10/16 23:45
4684,0.9,61.7435,-149.7278,Alaska,8/11/16 0:08
4686,0.2,63.568,-151.7647,Alaska,8/11/16 0:10
4687,0.6,63.0838,-151.5083,Alaska,8/11/16 0:16
4688,1.7,53.9427,-164.8509,Alaska,8/11/16 0:25
4690,1.4,61.195,-147.7142,Alaska,8/11/16 0:32
4691,2.4,51.9703,-169.0866,Alaska,8/11/16 0:39
4692,1.7,54.0373,-164.2127,Alaska,8/11/16 0:39
4695,1.6,60.2945,-152.3039,Alaska,8/11/16 0:47
4698,1.2,61.3785,-154.0609,Alaska,8/11/16 0:57
4701,2,51.0139,-173.8699,Alaska,8/11/16 1:10
4705,2.4,59.1721,-136.9447,Alaska,8/11/16 1:21
4706,0.4,53.8647,-166.649,Alaska,8/11/16 1:24
4707,2.5,52.105,-173.2046,Alaska,8/11/16 1:25
4710,0.7,66.4673,-148.2577,Alaska,8/11/16 1:34
4713,1.2,60.3756,-143.12,Alaska,8/11/16 1:36
4714,1.4,60.6203,-153.2565,Alaska,8/11/16 1:39
4715,0.9,61.7086,-146.2654,Alaska,8/11/16 1:56
4717,0.5,64.9721,-148.9042,Alaska,8/11/16 2:08
4723,1.5,59.792,-151.9534,Alaska,8/11/16 2:30
4724,1.3,62.885,-150.8943,Alaska,8/11/16 2:34
4726,1.5,59.7933,-153.0949,Alaska,8/11/16 2:47
4728,0.7,53.6866,-166.937,Alaska,8/11/16 2:56
4731,2.1,57.3268,-156.7701,Alaska,8/11/16 3:09
4734,0.2,63.2774,-151.2538,Alaska,8/11/16 3:14
4738,1.4,59.9063,-152.9496,Alaska,8/11/16 3:32
4739,1.2,59.8088,-152.9813,Alaska,8/11/16 3:37
4740,0.8,63.1932,-151.3403,Alaska,8/11/16 3:40
4742,1.1,60.6864,-144.4572,Alaska,8/11/16 3:42
4744,0.9,61.6231,-150.2161,Alaska,8/11/16 3:52
4745,2.2,54.8503,-159.7898,Alaska,8/11/16 4:02
4746,1.3,51.4494,-176.5659,Alaska,8/11/16 4:03
4748,0.9,61.4154,-146.7621,Alaska,8/11/16 4:11
4754,1.3,62.9267,-151.2793,Alaska,8/11/16 4:26
4756,0.8,60.163,-141.1062,Alaska,8/11/16 4:30
4759,1.2,63.3968,-149.6182,Alaska,8/11/16 4:51
4760,1.1,60.5694,-151.9193,Alaska,8/11/16 4:53
4767,0.7,63.1648,-150.7916,Alaska,8/11/16 5:38
4768,1.6,54.1582,-164.1905,Alaska,8/11/16 5:43
4770,0.3,64.6473,-147.0245,Alaska,8/11/16 5:53
4777,0.7,62.4097,-148.0968,Alaska,8/11/16 6:44
4778,1.1,58.1782,-153.5219,Alaska,8/11/16 6:45
4787,1,60.8044,-146.6773,Alaska,8/11/16 7:18
4791,1.1,61.4749,-150.2518,Alaska,8/11/16 7:31
4795,0.9,64.2881,-150.6534,Alaska,8/11/16 7:51
4796,1.7,63.1057,-150.5032,Alaska,8/11/16 7:52
4799,2.1,53.029,-166.8546,Alaska,8/11/16 8:00
4811,0.7,63.5271,-150.9872,Alaska,8/11/16 8:31
4812,0.8,63.5643,-150.7527,Alaska,8/11/16 8:33
4824,0.6,63.3121,-151.3592,Alaska,8/11/16 9:03
4825,0.4,63.0631,-151.4004,Alaska,8/11/16 9:04
4827,1.3,58.2393,-152.8407,Alaska,8/11/16 9:09
4829,0.8,61.4006,-149.7811,Alaska,8/11/16 9:19
4830,3,52.2032,-173.3885,Alaska,8/11/16 9:24
4832,1.5,53.7732,-164.8109,Alaska,8/11/16 9:30
4833,1.6,59.5866,-153.4804,Alaska,8/11/16 9:33
4839,1.8,54.2577,-161.3909,Alaska,8/11/16 9:57
4840,1.7,60.3377,-151.8161,Alaska,8/11/16 9:59
4845,0.5,64.6424,-149.1288,Alaska,8/11/16 10:26
4851,1.9,51.4839,-178.1267,Alaska,8/11/16 10:37
4855,1,63.2394,-150.1951,Alaska,8/11/16 10:48
4859,1.6,53.7985,-164.1819,Alaska,8/11/16 11:01
4861,1.1,61.1281,-151.805,Alaska,8/11/16 11:06
4867,1.3,53.1372,-167.1051,Alaska,8/11/16 11:41
4868,2.2,59.9464,-140.2046,Alaska,8/11/16 11:50
4870,1,63.534,-150.8498,Alaska,8/11/16 11:51
4871,1.8,51.4496,-177.5111,Alaska,8/11/16 11:53
4874,1,60.61,-143.2116,Alaska,8/11/16 12:01
4880,1.5,59.7875,-153.2308,Alaska,8/11/16 12:29
4881,1,62.4782,-151.3,Alaska,8/11/16 12:34
4883,1.5,59.8852,-152.8785,Alaska,8/11/16 13:05
4884,1,61.607,-146.4722,Alaska,8/11/16 13:05
4886,1.7,61.5356,-141.358,Alaska,8/11/16 13:23
4890,1.7,57.1781,-157.9139,Alaska,8/11/16 13:31
4891,1.2,60.5329,-150.6201,Alaska,8/11/16 13:32
4894,0.6,60.6312,-143.1957,Alaska,8/11/16 13:54
4902,4.1,59.7282,-153.3328,Alaska,8/11/16 14:34
4908,1.9,51.3891,-175.7178,Alaska,8/11/16 15:02
4913,0.3,63.3059,-151.3272,Alaska,8/11/16 15:32
4914,1.5,65.389,-144.7026,Alaska,8/11/16 15:34
4915,0.7,63.7743,-146.9619,Alaska,8/11/16 15:44
4916,1.2,67.2056,-153.2863,Alaska,8/11/16 15:50
4928,1.5,64.6039,-149.3134,Alaska,8/11/16 16:40
4931,1.2,63.205,-151.4055,Alaska,8/11/16 16:48
4935,1.2,62.0647,-141.1654,Alaska,8/11/16 16:53
4936,2.4,52.7324,-166.7216,Alaska,8/11/16 16:53
4937,1.4,60.2193,-139.626,Alaska,8/11/16 17:04
4943,0.5,63.4033,-151.5458,Alaska,8/11/16 17:34
4945,1.7,58.9452,-154.386,Alaska,8/11/16 17:45
4946,2.3,54.8805,-160.2368,Alaska,8/11/16 17:48
4957,1.8,63.1669,-150.5443,Alaska,8/11/16 18:26
4960,3.8,51.2614,-174.2214,Alaska,8/11/16 18:39
4962,0.9,63.338,-151.2509,Alaska,8/11/16 18:46
4976,1.8,53.2531,-165.5596,Alaska,8/11/16 19:56
4983,0.9,61.2055,-140.6705,Alaska,8/11/16 20:17
4990,1.6,59.9683,-152.484,Alaska,8/11/16 21:01
4994,1.9,64.9415,-149.2969,Alaska,8/11/16 21:17
4995,1.3,59.7176,-152.2565,Alaska,8/11/16 21:19
4998,1.5,62.3512,-151.464,Alaska,8/11/16 21:25
5000,1.8,59.6413,-138.9203,Alaska,8/11/16 21:29
5001,1.9,60.0119,-149.8933,Alaska,8/11/16 21:31
5002,3,51.3055,177.8094,Alaska,8/11/16 21:32
5015,1.8,58.0582,-155.8267,Alaska,8/11/16 22:28
5017,1.3,63.0793,-148.9509,Alaska,8/11/16 22:33
5021,0.8,65.4095,-144.7545,Alaska,8/11/16 22:46
5025,1.4,59.8116,-152.0443,Alaska,8/11/16 23:03
5028,1.5,59.251,-153.7331,Alaska,8/11/16 23:22
5030,1.1,62.6274,-151.2,Alaska,8/11/16 23:28
5041,0.8,63.5871,-147.531,Alaska,8/12/16 0:13
5043,2.3,51.4233,-176.4345,Alaska,8/12/16 0:20
5049,1.3,61.5074,-146.5159,Alaska,8/12/16 0:35
5053,1.3,65.4214,-144.6997,Alaska,8/12/16 0:49
5054,2.5,59.8315,-152.9633,Alaska,8/12/16 0:57
5064,0.7,63.2696,-152.7758,Alaska,8/12/16 1:54
5065,1,61.3354,-147.3557,Alaska,8/12/16 1:56
5070,1.6,63.0217,-151.5699,Alaska,8/12/16 2:09
5082,1.2,63.095,-150.7816,Alaska,8/12/16 3:11
5086,1.4,62.5762,-152.1291,Alaska,8/12/16 3:25
5088,1.1,61.0398,-148.9426,Alaska,8/12/16 3:41
5090,1,61.4433,-151.5418,Alaska,8/12/16 3:45
5099,1.1,63.2622,-151.2012,Alaska,8/12/16 4:18
5107,1.6,59.5819,-153.4236,Alaska,8/12/16 4:31
5108,0.9,63.8236,-149.7082,Alaska,8/12/16 4:33
5109,1.3,63.8142,-149.709,Alaska,8/12/16 4:42
5112,0.9,67.5683,-149.7719,Alaska,8/12/16 5:00
5115,1.2,62.7573,-150.5742,Alaska,8/12/16 5:09
5117,0.4,63.1039,-151.4988,Alaska,8/12/16 5:15
5118,0.6,65.4031,-144.7395,Alaska,8/12/16 5:19
5121,1.4,62.1074,-148.9604,Alaska,8/12/16 5:38
5132,0.3,64.7123,-147.5897,Alaska,8/12/16 6:52
5133,1,61.5539,-141.1626,Alaska,8/12/16 6:59
5139,0.8,63.2667,-151.7462,Alaska,8/12/16 7:21
5146,1.6,59.7598,-153.0714,Alaska,8/12/16 7:54
5147,1.2,61.6092,-150.534,Alaska,8/12/16 7:59
5150,1.3,58.3098,-153.4711,Alaska,8/12/16 8:07
5154,0.5,64.5651,-150.6257,Alaska,8/12/16 8:28
5155,1.3,61.9726,-143.6893,Alaska,8/12/16 8:35
5156,1.1,60.0849,-152.2579,Alaska,8/12/16 8:52
5160,1.4,53.6307,-165.6259,Alaska,8/12/16 8:58
5164,2.4,57.0212,-157.8313,Alaska,8/12/16 9:21
5165,1.6,63.2521,-151.1554,Alaska,8/12/16 9:27
5167,1.8,61.9845,-151.1237,Alaska,8/12/16 9:32
5168,1,63.5256,-150.9736,Alaska,8/12/16 9:34
5174,1.9,61.037,-149.1244,Alaska,8/12/16 10:08
5175,1.6,60.757,-152.818,Alaska,8/12/16 10:09
5177,0.9,60.5109,-148.5152,Alaska,8/12/16 10:36
5178,0.7,64.809,-147.5556,Alaska,8/12/16 10:40
5184,0.7,63.5094,-151.0509,Alaska,8/12/16 10:57
5196,0.9,61.1932,-153.3336,Alaska,8/12/16 11:59
5201,2.4,61.6868,-150.5532,Alaska,8/12/16 12:22
5209,2.1,60.1193,-153.0982,Alaska,8/12/16 12:59
5210,0.2,64.6067,-150.1823,Alaska,8/12/16 13:03
5212,0.9,61.0406,-149.0792,Alaska,8/12/16 13:07
5214,2.6,51.7062,-176.8948,Alaska,8/12/16 13:14
5216,1.6,65.5771,-148.4808,Alaska,8/12/16 13:19
5217,0.7,63.2636,-143.9567,Alaska,8/12/16 13:25
5220,0.7,65.0017,-150.6247,Alaska,8/12/16 13:35
5232,1.9,63.928,-148.9664,Alaska,8/12/16 14:17
5235,1.6,60.1653,-153.9196,Alaska,8/12/16 14:26
5238,1.1,64.7769,-147.7978,Alaska,8/12/16 14:37
5247,2.6,57.0262,-157.8319,Alaska,8/12/16 15:18
5250,1.8,56.0323,-156.3842,Alaska,8/12/16 15:34
5254,1.3,54.1503,-165.9406,Alaska,8/12/16 15:44
5257,1.2,66.577,-150.6133,Alaska,8/12/16 16:04
5260,1.1,61.8747,-150.9061,Alaska,8/12/16 16:16
5262,2.2,51.5658,-176.2712,Alaska,8/12/16 16:29
5266,1.7,59.9031,-152.1906,Alaska,8/12/16 16:42
5270,2.6,70.7787,-145.8338,Alaska,8/12/16 16:52
5271,1.9,57.0545,-154.0047,Alaska,8/12/16 16:55
5273,1.7,61.3905,-146.9751,Alaska,8/12/16 17:00
5275,1.1,68.5202,-147.1397,Alaska,8/12/16 17:08
5277,2.8,55.3817,-158.4217,Alaska,8/12/16 17:21
5278,1.4,65.2624,-146.9467,Alaska,8/12/16 17:23
5279,2.2,53.2214,-166.8433,Alaska,8/12/16 17:28
5280,1.4,62.3261,-148.2102,Alaska,8/12/16 17:31
5286,1,68.5352,-147.3435,Alaska,8/12/16 17:59
5292,1.4,64.9799,-147.3572,Alaska,8/12/16 19:06
5293,1.1,61.2028,-149.3134,Alaska,8/12/16 19:15
5296,1.3,64.7248,-149.2301,Alaska,8/12/16 19:47
5299,1.5,60.0116,-141.6315,Alaska,8/12/16 20:04
5311,1.3,63.5145,-147.5866,Alaska,8/12/16 20:30
5312,2.5,54.4417,-161.4767,Alaska,8/12/16 20:30
5316,1,63.5884,-152.4592,Alaska,8/12/16 20:41
5328,0.5,64.7317,-149.2616,Alaska,8/12/16 21:15
5337,2.3,55.0464,-160.6423,Alaska,8/12/16 21:56
5338,2,57.0522,-154.0094,Alaska,8/12/16 22:01
5349,1.5,60.7429,-149.5181,Alaska,8/12/16 22:51
5352,0.6,65.353,-150.0282,Alaska,8/12/16 23:06
5356,0.4,65.2912,-148.9182,Alaska,8/12/16 23:26
5366,0.9,68.5523,-146.7302,Alaska,8/13/16 0:07
5367,1.1,61.2062,-140.6373,Alaska,8/13/16 0:08
5372,0.6,64.3171,-148.152,Alaska,8/13/16 0:32
5373,1.1,63.4826,-150.8909,Alaska,8/13/16 0:39
5380,1.2,62.4969,-151.2532,Alaska,8/13/16 1:24
5383,0.9,63.5269,-147.8621,Alaska,8/13/16 1:39
5385,2.7,59.6982,-153.1597,Alaska,8/13/16 1:46
5388,2.3,57.761,-155.6636,Alaska,8/13/16 1:56
5393,1,61.6235,-150.0515,Alaska,8/13/16 2:25
5396,1.7,57.5681,-155.2433,Alaska,8/13/16 2:38
5397,1.1,62.8153,-152.0323,Alaska,8/13/16 2:49
5398,1.8,53.2181,-167.5328,Alaska,8/13/16 2:53
5402,3.5,57.7346,-137.844,Alaska,8/13/16 3:12
5410,1.3,62.4188,-149.3426,Alaska,8/13/16 3:56
5411,0.7,64.6907,-146.6029,Alaska,8/13/16 3:57
5412,1.6,58.1939,-154.2112,Alaska,8/13/16 4:02
5421,0.2,64.737,-149.2338,Alaska,8/13/16 4:31
5422,0.5,64.7184,-149.556,Alaska,8/13/16 4:36
5425,2.6,62.9154,-151.2892,Alaska,8/13/16 4:57
5430,1,61.803,-144.8339,Alaska,8/13/16 5:17
5439,1.4,62.1587,-152.1518,Alaska,8/13/16 6:29
5444,1.8,61.6199,-146.4152,Alaska,8/13/16 7:03
5446,2.8,55.4921,-158.496,Alaska,8/13/16 7:07
5447,1.7,63.5504,-151.05,Alaska,8/13/16 7:17
5448,1.1,60.3042,-150.4927,Alaska,8/13/16 7:25
5450,1.2,62.663,-151.4071,Alaska,8/13/16 7:32
5454,0.8,64.1333,-147.6862,Alaska,8/13/16 7:50
5455,1.6,61.4661,-146.6427,Alaska,8/13/16 7:56
5456,1.6,59.9997,-148.991,Alaska,8/13/16 7:57
5458,1.3,60.0984,-151.8509,Alaska,8/13/16 8:14
5468,2,63.3474,-144.9528,Alaska,8/13/16 9:05
5469,1.6,63.1834,-149.4224,Alaska,8/13/16 9:07
5475,2.1,58.4177,-154.1135,Alaska,8/13/16 9:34
5480,2.7,51.0928,-179.659,Alaska,8/13/16 10:07
5491,1.9,51.2815,-179.978,Alaska,8/13/16 11:19
5498,1.3,61.5061,-151.2119,Alaska,8/13/16 11:41
5504,1.5,68.8871,-146.6969,Alaska,8/13/16 11:58
5511,0.6,63.8393,-149.0354,Alaska,8/13/16 12:31
5516,1.2,68.8822,-146.7663,Alaska,8/13/16 12:57
5534,1.5,61.3818,-150.0843,Alaska,8/13/16 14:41
5536,0.6,64.8338,-149.0193,Alaska,8/13/16 14:47
5537,0.6,66.0522,-151.143,Alaska,8/13/16 14:49
5538,1.2,63.288,-151.3852,Alaska,8/13/16 14:50
5545,1.2,63.4508,-155.0776,Alaska,8/13/16 15:03
5554,2.2,62.0021,-148.8573,Alaska,8/13/16 15:44
5555,1,65.6437,-145.1602,Alaska,8/13/16 16:03
5556,2,56.8836,-155.1412,Alaska,8/13/16 16:05
5559,1.7,60.5628,-144.495,Alaska,8/13/16 16:15
5563,1.8,61.0415,-152.4121,Alaska,8/13/16 16:27
5568,1.6,57.4916,-154.8056,Alaska,8/13/16 16:48
5573,1.2,63.1506,-149.2433,Alaska,8/13/16 17:15
5577,1.8,59.7906,-153.1006,Alaska,8/13/16 17:23
5578,2.3,63.1072,-150.9096,Alaska,8/13/16 17:39
5579,0.7,65.2537,-149.5042,Alaska,8/13/16 17:48
5584,1.1,62.07,-148.5086,Alaska,8/13/16 18:09
5585,0.6,63.3435,-151.1847,Alaska,8/13/16 18:11
5588,1.5,63.2477,-150.6236,Alaska,8/13/16 18:22
5590,0.4,64.9054,-149.1443,Alaska,8/13/16 18:45
5591,0.2,64.8959,-149.1601,Alaska,8/13/16 18:46
5594,1.4,68.5261,-146.8176,Alaska,8/13/16 18:53
5597,0.9,64.9145,-148.9921,Alaska,8/13/16 19:04
5598,2.2,57.9081,-156.1435,Alaska,8/13/16 19:21
5603,1,64.9656,-147.3386,Alaska,8/13/16 19:34
5606,1.3,68.5226,-146.7418,Alaska,8/13/16 19:59
5607,1.1,63.1422,-150.6094,Alaska,8/13/16 20:01
5638,3.8,51.6085,-174.3213,Alaska,8/13/16 23:11
5640,1,65.2419,-149.4479,Alaska,8/13/16 23:13
5642,1.4,64.9879,-149.1079,Alaska,8/13/16 23:21
5646,1.1,60.6062,-142.7535,Alaska,8/13/16 23:34
5651,4.5,52.2427,-171.6494,Alaska,8/14/16 0:05
5661,1.1,65.2862,-148.9668,Alaska,8/14/16 1:19
5663,1.5,61.5624,-141.0506,Alaska,8/14/16 1:27
5669,2.8,51.8853,178.3211,Alaska,8/14/16 1:57
5680,1.7,60.9757,-147.4234,Alaska,8/14/16 4:04
5681,1.9,57.2792,-157.4136,Alaska,8/14/16 4:18
5695,1.2,63.2949,-151.2227,Alaska,8/14/16 5:49
5698,1.9,63.8129,-149.2656,Alaska,8/14/16 5:53
5706,2.2,67.147,-146.8771,Alaska,8/14/16 6:51
5711,1,65.2419,-149.4479,Alaska,8/14/16 7:29
5717,2.1,59.8081,-152.5377,Alaska,8/14/16 8:00
5720,1.2,63.2449,-151.2206,Alaska,8/14/16 8:06
5722,2.5,53.76,-165.9033,Alaska,8/14/16 8:08
5734,1.3,65.3699,-144.7518,Alaska,8/14/16 9:21
5735,0.9,64.9894,-149.2261,Alaska,8/14/16 9:22
5741,1.3,68.632,-143.4345,Alaska,8/14/16 9:51
5744,1.6,61.0381,-146.6493,Alaska,8/14/16 10:03
5749,1.5,61.8474,-149.1524,Alaska,8/14/16 10:30
5750,4.3,51.9803,-170.0901,Alaska,8/14/16 10:33
5763,1.1,63.7232,-152.8211,Alaska,8/14/16 11:23
5764,1.7,62.2383,-148.1758,Alaska,8/14/16 11:25
5769,1.5,62.3545,-152.5185,Alaska,8/14/16 11:54
5772,1.1,64.7498,-150.7655,Alaska,8/14/16 12:27
5773,5.6,51.5396,179.5501,Alaska,8/14/16 12:28
5783,1.2,67.5924,-149.4258,Alaska,8/14/16 13:22
5785,2.3,59.6167,-153.4225,Alaska,8/14/16 13:40
5794,1.1,64.6996,-150.649,Alaska,8/14/16 14:33
5798,2.1,59.8484,-153.0934,Alaska,8/14/16 14:49
5801,0.7,64.6409,-149.3658,Alaska,8/14/16 14:57
5805,1.2,61.5841,-147.8988,Alaska,8/14/16 15:24
5811,1.3,63.3928,-151.4499,Alaska,8/14/16 15:43
5813,0.9,65.2862,-148.9668,Alaska,8/14/16 16:06
5830,1.7,62.5812,-143.0423,Alaska,8/14/16 17:45
5838,1.5,61.2014,-140.6232,Alaska,8/14/16 19:00
5841,1.3,60.686,-151.8713,Alaska,8/14/16 19:49
5842,2.2,61.5316,-146.436,Alaska,8/14/16 20:07
5858,1.6,65.4246,-144.8594,Alaska,8/14/16 22:23
5869,2,60.0455,-152.6859,Alaska,8/14/16 23:01
5878,1.9,60.9238,-147.3246,Alaska,8/14/16 23:38
5884,2.1,63.0665,-149.172,Alaska,8/15/16 0:36
5885,1.4,61.3826,-147.8079,Alaska,8/15/16 0:40
5887,2.8,61.7665,-151.4605,Alaska,8/15/16 0:52
5895,0.9,64.3954,-149.8432,Alaska,8/15/16 2:11
5899,0.8,64.5732,-148.2049,Alaska,8/15/16 2:25
5904,1.4,64.5895,-149.2523,Alaska,8/15/16 2:56
5910,2.1,63.0389,-151.4062,Alaska,8/15/16 4:07
5913,1.6,61.7546,-150.7905,Alaska,8/15/16 4:23
5922,1.5,63.0665,-149.172,Alaska,8/15/16 5:19
5931,1,59.355,-153.4347,Alaska,8/15/16 6:24
5941,0.9,65.1604,-143.4846,Alaska,8/15/16 7:38
5947,1.7,65.2344,-149.3468,Alaska,8/15/16 8:19
5955,1.5,58.4537,-153.4418,Alaska,8/15/16 9:20
5966,1.3,64.4885,-145.3054,Alaska,8/15/16 10:50
5967,2.5,61.8113,-152.0498,Alaska,8/15/16 11:04
5971,1.4,63.0011,-150.589,Alaska,8/15/16 11:20
5980,2,61.7192,-150.873,Alaska,8/15/16 12:06
5981,1.5,65.4196,-144.7398,Alaska,8/15/16 12:16
5992,1.2,66.296,-149.8805,Alaska,8/15/16 13:27
5996,1.5,65.7032,-154.7689,Alaska,8/15/16 13:59
5997,1.9,61.793,-151.6962,Alaska,8/15/16 14:00
6020,1.1,63.2173,-150.4632,Alaska,8/15/16 16:41
6022,2.1,59.5002,-152.9306,Alaska,8/15/16 16:51
6026,1.5,62.4265,-152.5915,Alaska,8/15/16 17:07
6029,2.3,61.22,-151.0192,Alaska,8/15/16 17:10
6031,0.8,64.8132,-147.7095,Alaska,8/15/16 17:15
6051,1.7,65.6418,-152.5759,Alaska,8/15/16 18:33
6059,4.3,51.9449,178.1702,Alaska,8/15/16 18:56
6061,1.2,65.0074,-147.4484,Alaska,8/15/16 19:09
6066,1.6,61.9182,-151.1909,Alaska,8/15/16 19:44
6067,0.3,64.4601,-147.3889,Alaska,8/15/16 19:49
6069,1.2,63.4428,-151.4524,Alaska,8/15/16 20:10
6071,1.3,59.3911,-152.9786,Alaska,8/15/16 20:52
6074,0.4,59.355,-153.4347,Alaska,8/15/16 21:01
6076,1.5,62.4744,-152.7038,Alaska,8/15/16 21:22
6095,1.5,61.6041,-146.4247,Alaska,8/15/16 23:23
6096,2,63.5793,-147.5298,Alaska,8/15/16 23:24
6106,2,62.7172,-150.5697,Alaska,8/16/16 0:28
6116,1.4,59.707,-152.3385,Alaska,8/16/16 1:47
6117,3.4,51.6569,176.7505,Alaska,8/16/16 1:50
6123,0.7,64.3868,-146.7186,Alaska,8/16/16 2:26
6125,0.9,63.3066,-144.7679,Alaska,8/16/16 2:49
6134,1.4,62.2382,-151.1663,Alaska,8/16/16 5:00
6137,1.9,62.7657,-151.1746,Alaska,8/16/16 5:07
6144,1.4,63.5479,-150.7848,Alaska,8/16/16 5:57
6151,1.3,63.5377,-148.0941,Alaska,8/16/16 6:43
6154,2,59.8131,-153.0646,Alaska,8/16/16 7:20
6160,0.8,63.5567,-150.8688,Alaska,8/16/16 8:35
6161,1.7,61.9355,-147.9812,Alaska,8/16/16 8:43
6163,1.9,61.1192,-149.8697,Alaska,8/16/16 8:53
6168,1.4,60.1613,-152.4945,Alaska,8/16/16 9:02
6170,1.1,63.4847,-147.8737,Alaska,8/16/16 9:27
6173,1.2,61.1,-149.9999,Alaska,8/16/16 9:49
6175,0.3,59.3688,-153.3928,Alaska,8/16/16 10:08
6179,0.8,61.4271,-152.3136,Alaska,8/16/16 10:26
6180,3,51.4568,-175.7514,Alaska,8/16/16 10:29
6183,0.6,64.8158,-147.8268,Alaska,8/16/16 10:51
6184,0.7,64.8158,-147.8268,Alaska,8/16/16 10:52
6190,1.3,68.4645,-143.0789,Alaska,8/16/16 11:25
6191,1,64.688,-149.129,Alaska,8/16/16 11:44
6201,1.3,61.0998,-143.5768,Alaska,8/16/16 12:44
6222,1.2,65.8052,-145.6257,Alaska,8/16/16 14:39
6235,1.9,59.539,-152.8683,Alaska,8/16/16 15:43
6240,4.1,56.9786,-157.8265,Alaska,8/16/16 15:58
6254,0.6,63.4439,-151.3407,Alaska,8/16/16 16:59
6265,1.3,62.8102,-143.6481,Alaska,8/16/16 17:57
6269,1.3,61.0944,-148.7588,Alaska,8/16/16 18:19
6274,1.4,65.0514,-147.2051,Alaska,8/16/16 19:06
6277,2.9,57.645,-154.7716,Alaska,8/16/16 19:31
6286,1.8,60.2926,-148.5874,Alaska,8/16/16 20:12
6287,0.6,64.833,-148.766,Alaska,8/16/16 20:37
6290,1,64.0445,-152.2561,Alaska,8/16/16 20:54
6297,1.8,59.493,-153.0692,Alaska,8/16/16 21:34
6301,1.3,61.6996,-149.6836,Alaska,8/16/16 22:08
6302,0.9,63.3449,-151.2248,Alaska,8/16/16 22:16
6311,1.5,59.8204,-152.9247,Alaska,8/16/16 22:55
6314,2,60.0841,-152.6223,Alaska,8/16/16 23:07
6322,1.5,62.9914,-150.7953,Alaska,8/16/16 23:51
6326,2.6,59.8484,-153.0934,Alaska,8/17/16 0:02
6341,1.1,65.4146,-144.6202,Alaska,8/17/16 1:43
6343,2.2,62.3109,-153.3351,Alaska,8/17/16 1:55
6350,0.9,63.2929,-151.4449,Alaska,8/17/16 2:26
6359,1.2,63.395,-145.982,Alaska,8/17/16 3:16
6362,1.2,68.5068,-147.1768,Alaska,8/17/16 3:23
6363,2.9,59.8484,-153.0934,Alaska,8/17/16 3:27
6365,1.1,65.6877,-145.1626,Alaska,8/17/16 3:45
6371,1.9,61.7494,-149.5775,Alaska,8/17/16 4:17
6372,1.4,60.4902,-151.624,Alaska,8/17/16 4:25
6376,1,63.4794,-147.5383,Alaska,8/17/16 4:41
6379,1.4,62.9238,-156.0454,Alaska,8/17/16 4:43
6381,1.4,60.1998,-152.4304,Alaska,8/17/16 4:53
6383,1.2,62.2,-149.9999,Alaska,8/17/16 5:30
6385,1.4,60.0834,-152.1054,Alaska,8/17/16 6:15
6389,1.8,60.9149,-151.4737,Alaska,8/17/16 6:54
6393,1.9,63.781,-147.6255,Alaska,8/17/16 7:27
6394,2,60.8494,-150.4104,Alaska,8/17/16 7:33
6395,1.4,61.3486,-149.3744,Alaska,8/17/16 7:44
6399,2.5,62.9412,-150.1864,Alaska,8/17/16 8:08
6401,0.6,64.749,-147.1305,Alaska,8/17/16 8:27
6412,1,61.7496,-149.6831,Alaska,8/17/16 9:34
6416,3.1,59.3069,-152.6506,Alaska,8/17/16 10:27
6417,2.3,59.9219,-154.2082,Alaska,8/17/16 10:30
6418,1.4,60.9961,-151.0309,Alaska,8/17/16 10:37
6420,1.3,60.1695,-141.3316,Alaska,8/17/16 10:42
6428,1,63.3417,-151.5587,Alaska,8/17/16 11:34
6440,1.4,61.3994,-150.4176,Alaska,8/17/16 12:52
6444,1.9,62.9477,-149.9584,Alaska,8/17/16 13:20
6448,1.4,63.519,-146.9744,Alaska,8/17/16 13:41
6451,0.8,63.1449,-148.7834,Alaska,8/17/16 13:47
6454,0.9,63.1966,-150.997,Alaska,8/17/16 14:12
6465,1.5,62.9998,-150.22,Alaska,8/17/16 15:09
6480,1,67.5789,-148.3773,Alaska,8/17/16 17:06
6483,1.1,62.9958,-151.1002,Alaska,8/17/16 17:23
6487,1.7,62.9914,-150.7953,Alaska,8/17/16 18:08
6489,2.1,59.7957,-152.7079,Alaska,8/17/16 18:11
6498,2.2,61.2774,-152.4969,Alaska,8/17/16 19:13
6501,1.2,64.9546,-147.3372,Alaska,8/17/16 19:21
6512,0.9,64.3712,-148.11,Alaska,8/17/16 20:35
6515,0.9,60.0638,-153.1068,Alaska,8/17/16 20:59
6519,1.6,62.8975,-150.4963,Alaska,8/17/16 21:26
6522,2.2,60.6152,-145.207,Alaska,8/17/16 22:10
6527,1.2,63.5793,-147.5298,Alaska,8/17/16 22:40
6529,1.6,61.4498,-150.2091,Alaska,8/17/16 22:47
6533,2.4,59.8907,-152.939,Alaska,8/17/16 23:01
6545,1.2,65.4196,-144.7398,Alaska,8/18/16 0:03
6547,3.1,60.0628,-138.5516,Alaska,8/18/16 0:11
6548,2.4,60.6018,-141.0099,Alaska,8/18/16 0:11
6551,2.2,62.3359,-149.1563,Alaska,8/18/16 0:18
6552,2.1,62.2793,-149.4578,Alaska,8/18/16 0:18
6557,2.1,59.7957,-152.7079,Alaska,8/18/16 0:46
6570,1.5,64.9728,-153.8368,Alaska,8/18/16 2:18
6572,3.1,59.5366,-152.3193,Alaska,8/18/16 2:29
6573,1.3,60.1832,-141.3356,Alaska,8/18/16 2:39
6575,1.8,60.8877,-147.5968,Alaska,8/18/16 3:12
6589,0.8,64.391,-149.3808,Alaska,8/18/16 4:30
6598,1.5,59.7559,-136.7016,Alaska,8/18/16 5:23
6602,1.5,61.4071,-146.5517,Alaska,8/18/16 5:48
6606,1.3,63.5754,-147.3055,Alaska,8/18/16 6:20
6615,0.8,63.1418,-151.5481,Alaska,8/18/16 7:41
6616,1,68.547,-146.7591,Alaska,8/18/16 7:45
6633,1.6,63.1512,-150.2971,Alaska,8/18/16 10:57
6636,1.6,62.9849,-149.885,Alaska,8/18/16 11:14
6660,1.1,63.4473,-150.8938,Alaska,8/18/16 13:41
6666,1,63.1429,-151.4376,Alaska,8/18/16 14:11
6685,1,63.4449,-148.7708,Alaska,8/18/16 15:24
6696,2,68.2832,-146.2662,Alaska,8/18/16 17:08
6705,1.5,60.2476,-150.8059,Alaska,8/18/16 18:26
6709,1.5,65.6426,-145.2946,Alaska,8/18/16 18:56
6711,1.5,62.545,-148.8077,Alaska,8/18/16 19:16
6714,2.6,57.2772,-154.2568,Alaska,8/18/16 19:39
6717,1.7,60.9776,-147.5264,Alaska,8/18/16 19:47
6719,1.6,66.4799,-153.5064,Alaska,8/18/16 20:01
6730,2.4,65.0329,-148.7492,Alaska,8/18/16 20:52
6738,1.2,61.5438,-140.9707,Alaska,8/18/16 21:36
6743,2.1,60.9812,-152.2675,Alaska,8/18/16 22:07
6749,1.4,64.9347,-148.8756,Alaska,8/18/16 22:25
6753,1.4,60.6161,-150.9195,Alaska,8/18/16 22:56
6757,1.5,61.684,-150.7802,Alaska,8/18/16 23:24
6758,1.4,63.5098,-144.8434,Alaska,8/18/16 23:37
6759,1.8,62.9635,-150.6615,Alaska,8/18/16 23:47
6769,1.1,63.3917,-151.5614,Alaska,8/19/16 1:20
6771,1.2,63.0929,-151.4351,Alaska,8/19/16 1:38
6774,1.8,63.1485,-150.6635,Alaska,8/19/16 2:04
6777,1,62.3181,-153.0129,Alaska,8/19/16 2:45
6787,1.8,61.8925,-149.9171,Alaska,8/19/16 3:30
6790,1.1,63.3973,-150.8923,Alaska,8/19/16 3:37
6797,2.6,59.6286,-147.626,Alaska,8/19/16 3:57
6803,2.1,63.0665,-149.172,Alaska,8/19/16 4:19
6804,1.7,62.814,-149.6321,Alaska,8/19/16 4:21
6809,2.3,62.5852,-152.0622,Alaska,8/19/16 5:15
6812,2.3,60.949,-149.4852,Alaska,8/19/16 5:49
6816,2.9,59.6167,-153.4225,Alaska,8/19/16 6:02
6818,2.6,65.3438,-144.1555,Alaska,8/19/16 6:19
6821,2.8,61.3181,-146.8283,Alaska,8/19/16 6:32
6823,1.3,60.3674,-144.026,Alaska,8/19/16 6:32
6829,2.1,61.6844,-151.7521,Alaska,8/19/16 6:49
6830,1.2,64.4687,-147.9835,Alaska,8/19/16 6:52
6832,2.6,65.6527,-144.3174,Alaska,8/19/16 7:18
6833,1.9,61.1854,-150.8562,Alaska,8/19/16 7:27
6834,2.2,59.0488,-136.6872,Alaska,8/19/16 7:28
6838,0.9,65.3361,-148.9629,Alaska,8/19/16 8:07
6841,1.3,64.1945,-152.2629,Alaska,8/19/16 8:09
6849,1.3,63.1363,-144.2436,Alaska,8/19/16 8:55
6853,1.5,60.3152,-152.2373,Alaska,8/19/16 9:08
6856,1.1,61.741,-148.4163,Alaska,8/19/16 9:31
6861,1.3,63.0997,-150.8382,Alaska,8/19/16 10:08
6868,1.4,60.9776,-147.5264,Alaska,8/19/16 10:55
6872,1.6,59.704,-153.1126,Alaska,8/19/16 11:24
6882,1.9,62.5391,-151.548,Alaska,8/19/16 12:27
6887,1.7,60.8494,-149.5894,Alaska,8/19/16 13:27
6888,2.7,59.0357,-152.4349,Alaska,8/19/16 13:33
6890,4.2,61.6036,-146.3339,Alaska,8/19/16 13:36
6892,1.4,61.6513,-146.3138,Alaska,8/19/16 13:43
6894,1.6,62.3368,-148.0622,Alaska,8/19/16 13:57
6901,2.1,61.7665,-151.4605,Alaska,8/19/16 14:49
6902,1.5,61.6513,-146.3138,Alaska,8/19/16 14:54
6905,1.1,63.46,-144.8523,Alaska,8/19/16 15:16
6917,1.3,61.7439,-146.0388,Alaska,8/19/16 16:27
6918,1.3,60.2971,-141.1395,Alaska,8/19/16 16:33
6920,1.5,59.9617,-140.9623,Alaska,8/19/16 16:37
6930,2.5,56.4945,-156.3732,Alaska,8/19/16 17:36
6935,1.6,61.6513,-146.3138,Alaska,8/19/16 18:21
6939,1.6,62.8645,-150.414,Alaska,8/19/16 18:25
6944,1.1,63.2923,-150.3162,Alaska,8/19/16 18:54
6946,2.5,63.0838,-152.019,Alaska,8/19/16 19:02
6947,1,63.5109,-147.4528,Alaska,8/19/16 19:02
6948,1.5,60.5903,-152.4329,Alaska,8/19/16 19:17
6949,2,61.654,-146.4189,Alaska,8/19/16 19:22
6951,1.3,65.0045,-147.3303,Alaska,8/19/16 19:34
6960,1.5,63.2479,-149.2093,Alaska,8/19/16 20:23
6961,1.4,63.4449,-145.9751,Alaska,8/19/16 20:29
6973,2,61.8113,-152.0498,Alaska,8/19/16 22:19
6974,2,59.5873,-153.2992,Alaska,8/19/16 22:25
6979,1.6,60.9042,-141.0175,Alaska,8/19/16 22:44
6993,2,60.6349,-150.3442,Alaska,8/20/16 0:15
6996,1.5,60.7359,-151.5172,Alaska,8/20/16 0:35
6998,1.8,60.3339,-152.5994,Alaska,8/20/16 0:46
7000,1.6,62.2398,-144.4824,Alaska,8/20/16 1:03
7001,1.1,61.6014,-146.3197,Alaska,8/20/16 1:14
7003,2.1,60.8961,-150.2331,Alaska,8/20/16 1:32
7021,3.3,63.0389,-151.4062,Alaska,8/20/16 3:58
7023,1.1,60.6613,-142.8437,Alaska,8/20/16 4:14
7030,1.2,60.1832,-141.3356,Alaska,8/20/16 4:32
7039,1.2,60.3451,-146.158,Alaska,8/20/16 5:20
7049,2.1,68.9507,-145.1455,Alaska,8/20/16 6:19
7063,2.1,68.9009,-145.1587,Alaska,8/20/16 7:24
7066,2.4,61.22,-151.0192,Alaska,8/20/16 7:31
7073,1.2,61.3996,-149.6866,Alaska,8/20/16 7:57
7074,2,60.0792,-152.7598,Alaska,8/20/16 8:09
7078,1.7,59.1941,-152.6618,Alaska,8/20/16 8:35
7082,1.2,62.2,-150.1071,Alaska,8/20/16 9:11
7087,2.4,60.5115,-148.9035,Alaska,8/20/16 9:46
7099,2.7,56.6207,-148.4718,Alaska,8/20/16 10:56
7102,1.1,61.6014,-146.3197,Alaska,8/20/16 11:32
7103,1.5,65.1893,-152.7872,Alaska,8/20/16 11:36
7109,2.6,59.5778,-152.8702,Alaska,8/20/16 12:16
7110,1.9,61.654,-146.4189,Alaska,8/20/16 12:16
7112,1.9,69.6423,-144.8114,Alaska,8/20/16 12:41
7113,2,59.5778,-152.8702,Alaska,8/20/16 12:42
7114,2,66.8041,-147.1892,Alaska,8/20/16 12:47
7116,1.3,64.4909,-149.3748,Alaska,8/20/16 13:13
7119,1.1,62.9486,-151.1268,Alaska,8/20/16 13:25
7120,1.2,63.3939,-151.3384,Alaska,8/20/16 13:29
7121,2,60.4783,-143.1902,Alaska,8/20/16 13:43
7126,2.2,60.9938,-151.3774,Alaska,8/20/16 14:16
7132,1.3,61.1756,-147.4072,Alaska,8/20/16 14:54
7140,1.5,61.7012,-146.3079,Alaska,8/20/16 16:32
7145,1,64.9546,-147.3372,Alaska,8/20/16 16:56
7146,1.6,64.6895,-149.2459,Alaska,8/20/16 17:08
7148,0.9,62.6206,-148.6874,Alaska,8/20/16 17:25
7150,2.8,62.5391,-151.548,Alaska,8/20/16 17:28
7151,1.1,60.0983,-139.6169,Alaska,8/20/16 17:33
7165,2.1,61.5392,-151.8217,Alaska,8/20/16 18:17
7171,1.3,63.7587,-146.4967,Alaska,8/20/16 19:47
7180,2.2,63.5939,-147.9187,Alaska,8/20/16 20:30
7183,1.1,63.6848,-145.6027,Alaska,8/20/16 20:42
7189,2.4,58.1398,-151.6103,Alaska,8/20/16 20:59
7190,1.1,61.7922,-148.5194,Alaska,8/20/16 21:04
7195,1.6,62.3431,-148.6003,Alaska,8/20/16 21:34
7201,1.5,58.8299,-134.4972,Alaska,8/20/16 21:57
7204,1.5,63.2917,-151.5561,Alaska,8/20/16 22:08
7210,1.8,61.6513,-146.3138,Alaska,8/20/16 22:15
7215,1.9,60.0792,-152.7598,Alaska,8/20/16 22:47
7220,2.6,61.7192,-150.873,Alaska,8/20/16 23:04
7221,1.2,63.3939,-151.3384,Alaska,8/20/16 23:18
7226,1.2,61.898,-149.2572,Alaska,8/20/16 23:59
7233,1.5,61.5212,-147.1688,Alaska,8/21/16 0:42
7239,0.7,63.4949,-151.2311,Alaska,8/21/16 1:47
7245,1.1,61.6014,-146.3197,Alaska,8/21/16 2:18
7249,1.1,63.5362,-147.9821,Alaska,8/21/16 2:28
7250,1.8,62.8459,-151.0947,Alaska,8/21/16 2:34
7254,1.4,61.6513,-146.3138,Alaska,8/21/16 2:42
7255,1.6,59.0668,-152.3613,Alaska,8/21/16 2:44
7260,2.3,62.6941,-151.307,Alaska,8/21/16 2:56
7264,1,62.0339,-147.8681,Alaska,8/21/16 3:09
7270,1.4,60.1069,-141.1457,Alaska,8/21/16 3:18
7272,1.3,60.1069,-141.1457,Alaska,8/21/16 3:26
7273,1.5,61.2179,-147.8467,Alaska,8/21/16 3:30
7283,1,63.6811,-147.6338,Alaska,8/21/16 4:42
7290,2,63.173,-150.3938,Alaska,8/21/16 5:24
7294,3.1,56.5386,-159.1101,Alaska,8/21/16 5:36
7296,3.4,59.5423,-153.0477,Alaska,8/21/16 5:38
7302,0.9,64.9207,-146.1598,Alaska,8/21/16 6:02
7308,1.1,64.9017,-147.2264,Alaska,8/21/16 6:39
7324,1.3,60.3743,-147.3697,Alaska,8/21/16 8:01
7335,1.7,59.9335,-152.0959,Alaska,8/21/16 9:15
7338,1.3,61.0276,-152.4773,Alaska,8/21/16 9:36
7342,1.5,61.9598,-143.7178,Alaska,8/21/16 10:42
7343,1.7,61.9634,-143.6682,Alaska,8/21/16 10:42
7348,1.1,65.5077,-143.3837,Alaska,8/21/16 11:18
7353,2.4,59.8984,-150.5329,Alaska,8/21/16 11:45
7363,1.5,60.3296,-141.2161,Alaska,8/21/16 13:19
7369,2.5,62.833,-148.9752,Alaska,8/21/16 13:48
7375,1.9,61.3828,-147.3996,Alaska,8/21/16 14:26
7380,0.8,65.1363,-148.9783,Alaska,8/21/16 15:13
7385,1.3,62.5305,-150.9062,Alaska,8/21/16 15:44
7436,1.3,65.0045,-147.3303,Alaska,8/21/16 19:12
7438,1.6,61.9101,-143.7279,Alaska,8/21/16 19:36
7441,1,63.6944,-145.9401,Alaska,8/21/16 20:12
7443,1.4,60.163,-141.2319,Alaska,8/21/16 20:16
7456,1.5,62.7839,-149.3966,Alaska,8/21/16 20:55
7463,2.6,58.8282,-134.3607,Alaska,8/21/16 21:26
7469,1.6,62.0248,-152.6641,Alaska,8/21/16 22:27
7471,1.6,62.0838,-150.4604,Alaska,8/21/16 22:53
7480,1.5,63.2296,-152.4404,Alaska,8/21/16 23:17
7481,1.8,63.2796,-152.4446,Alaska,8/21/16 23:17
7482,2.8,61.9364,-143.4948,Alaska,8/21/16 23:17
7485,1,65.7492,-151.4868,Alaska,8/21/16 23:31
7486,0.8,63.2458,-151.1096,Alaska,8/21/16 23:35
7488,1.4,61.2623,-146.7757,Alaska,8/21/16 23:45
7489,1.6,60.102,-139.4753,Alaska,8/21/16 23:45
7491,2.2,61.4452,-150.656,Alaska,8/21/16 23:58
7496,1.4,60.676,-147.4473,Alaska,8/22/16 0:18
7501,2,60.676,-147.4473,Alaska,8/22/16 0:46
7504,1.6,60.676,-147.4473,Alaska,8/22/16 0:58
7505,1.1,64.65,-150.9999,Alaska,8/22/16 0:58
7508,1.3,63.5733,-147.1934,Alaska,8/22/16 1:16
7517,1.9,61.0424,-148.5543,Alaska,8/22/16 2:14
7521,1,66.4734,-148.118,Alaska,8/22/16 2:53
7522,1.8,68.2445,-145.0557,Alaska,8/22/16 2:55
7523,2,68.5382,-144.8409,Alaska,8/22/16 3:01
7525,1.4,60.6986,-149.387,Alaska,8/22/16 3:09
7543,1.8,63.0406,-151.653,Alaska,8/22/16 5:22
7544,0.8,64.9347,-148.8756,Alaska,8/22/16 5:22
7547,1.8,60.676,-147.4473,Alaska,8/22/16 5:33
7551,1.6,63.0292,-150.8274,Alaska,8/22/16 6:07
7555,2.6,61.8775,-147.1961,Alaska,8/22/16 6:26
7556,1,60.4081,-143.8152,Alaska,8/22/16 6:26
7560,1,63.4428,-148.5474,Alaska,8/22/16 6:58
7579,2,60.5805,-152.6458,Alaska,8/22/16 9:31
7584,1.8,60.1507,-141.2592,Alaska,8/22/16 10:22
7587,1.8,67.5424,-149.4291,Alaska,8/22/16 10:33
7601,1.3,63.5275,-147.4221,Alaska,8/22/16 11:53
7608,2,61.5979,-147.0105,Alaska,8/22/16 12:28
7615,1.4,61.6014,-146.3197,Alaska,8/22/16 13:37
7616,2.3,62.6123,-149.366,Alaska,8/22/16 13:48
7624,1.8,63.4813,-147.6501,Alaska,8/22/16 14:27
7630,1.6,63.4313,-152.3456,Alaska,8/22/16 15:13
7635,1.3,68.5068,-147.1768,Alaska,8/22/16 15:32
7639,1.5,61.4273,-147.491,Alaska,8/22/16 16:11
7640,0.8,64.788,-149.122,Alaska,8/22/16 16:35
7662,1.5,65.0045,-147.3303,Alaska,8/22/16 19:11
7670,1.8,63.5793,-147.5298,Alaska,8/22/16 19:48
7676,1.6,64.2489,-150.4247,Alaska,8/22/16 20:11
7678,2.5,63.2113,-143.5616,Alaska,8/22/16 20:21
7679,1.7,65.106,-144.4562,Alaska,8/22/16 20:21
7689,1.8,68.5503,-146.8955,Alaska,8/22/16 21:08
7692,2.2,58.8582,-153.2884,Alaska,8/22/16 21:47
7696,4.3,50.8732,177.7846,Alaska,8/22/16 22:37
7715,1.5,60.0157,-140.0329,Alaska,8/23/16 1:30
7727,1.1,64.8391,-146.764,Alaska,8/23/16 3:35
7728,1.8,63.2076,-149.4408,Alaska,8/23/16 3:39
7736,1.3,66.7499,-151.1266,Alaska,8/23/16 4:24
7739,1.7,68.407,-147.1936,Alaska,8/23/16 4:54
7744,1.4,67.8487,-150.3369,Alaska,8/23/16 5:46
7746,1.4,63.9444,-149.3631,Alaska,8/23/16 5:51
7749,1.5,63.2966,-151.0004,Alaska,8/23/16 5:58
7751,1.6,63.2466,-150.9987,Alaska,8/23/16 6:01
7757,1.5,69.1024,-146.9328,Alaska,8/23/16 6:22
7775,1.8,63.368,-145.0922,Alaska,8/23/16 7:26
7776,2.6,63.173,-150.3938,Alaska,8/23/16 7:34
7779,1.4,65.7531,-154.7762,Alaska,8/23/16 7:38
7801,2.4,65.5976,-151.847,Alaska,8/23/16 9:28
7804,1.3,68.3072,-147.2103,Alaska,8/23/16 9:44
7808,0.9,65.5969,-151.968,Alaska,8/23/16 9:55
7816,1.9,60.1071,-141.4657,Alaska,8/23/16 10:47
7822,2.8,61.8113,-152.0498,Alaska,8/23/16 11:17
7823,1.2,68.5004,-146.9045,Alaska,8/23/16 11:20
7832,1.7,59.5633,-153.0836,Alaska,8/23/16 12:02
7835,2.6,63.2622,-143.2209,Alaska,8/23/16 12:26
7843,1,63.2529,-143.4401,Alaska,8/23/16 13:04
7853,1.7,60.1071,-141.4657,Alaska,8/23/16 14:30
7854,1.2,61.8422,-148.517,Alaska,8/23/16 14:31
7855,1.2,63.368,-145.0922,Alaska,8/23/16 14:33
7871,1.7,63.533,-147.7581,Alaska,8/23/16 16:08
7876,3,59.8081,-152.5377,Alaska,8/23/16 16:36
7883,2.3,69.5927,-143.5277,Alaska,8/23/16 17:13
7888,1.7,60.7296,-147.6477,Alaska,8/23/16 18:01
7890,1.9,61.6731,-147.2604,Alaska,8/23/16 18:10
7897,0.9,64.7408,-149.3597,Alaska,8/23/16 19:11
7900,1.3,63.4847,-147.8737,Alaska,8/23/16 19:33
7902,1.4,63.0929,-151.4351,Alaska,8/23/16 19:37
7906,1.6,64.9546,-147.3372,Alaska,8/23/16 20:11
7915,2.5,68.5037,-147.0407,Alaska,8/23/16 21:12
7916,0.9,64.7313,-148.6573,Alaska,8/23/16 21:28
7922,1.7,64.6953,-149.8304,Alaska,8/23/16 22:06
7923,1.3,63.7028,-146.8713,Alaska,8/23/16 22:07
7934,1.3,61.7251,-147.3614,Alaska,8/23/16 23:17
7936,2.9,60.0374,-152.2006,Alaska,8/23/16 23:34
7939,2.1,61.5316,-146.436,Alaska,8/23/16 23:43
7950,1.7,59.89,-151.3821,Alaska,8/24/16 0:45
7954,1.3,63.5985,-150.6739,Alaska,8/24/16 1:09
7957,1.1,63.5439,-151.3453,Alaska,8/24/16 2:00
7960,1.4,62.9906,-151.6502,Alaska,8/24/16 2:21
7963,0.6,64.9347,-148.8756,Alaska,8/24/16 2:25
7964,1,64.397,-150.0745,Alaska,8/24/16 2:30
7966,1.3,63.2949,-151.2227,Alaska,8/24/16 2:46
7968,0.8,64.9847,-148.8716,Alaska,8/24/16 3:05
7969,2.3,60.7665,-151.7303,Alaska,8/24/16 3:11
7976,1.6,62.2909,-150.6412,Alaska,8/24/16 3:42
7977,1.9,60.1176,-152.6894,Alaska,8/24/16 3:51
7983,1.7,60.7462,-151.0229,Alaska,8/24/16 4:15
7986,3,51.6226,-166.5061,Alaska,8/24/16 4:37
7988,1.3,64.3569,-141.0255,Alaska,8/24/16 4:55
7994,0.1,64.963,-147.691,Alaska,8/24/16 5:46
7997,2.2,63.1019,-143.6665,Alaska,8/24/16 5:48
8000,2.3,60.0841,-152.6223,Alaska,8/24/16 6:02
8004,1.7,68.5829,-144.6911,Alaska,8/24/16 6:37
8006,3.8,67.2292,-142.9896,Alaska,8/24/16 7:08
8009,2.8,67.1998,-142.9781,Alaska,8/24/16 7:13
8010,2.1,67.1998,-142.9781,Alaska,8/24/16 7:20
8013,1.6,67.1566,-143.1224,Alaska,8/24/16 7:33
8018,1.6,62.894,-151.3158,Alaska,8/24/16 7:51
8020,1.6,60.0335,-152.1859,Alaska,8/24/16 8:20
8023,1.7,62.584,-148.7614,Alaska,8/24/16 9:11
8027,1,67.1566,-143.1224,Alaska,8/24/16 9:18
8034,1,64.838,-149.1185,Alaska,8/24/16 10:29
8036,1.8,61.0975,-149.1725,Alaska,8/24/16 10:31
8038,1.4,59.8306,-159.2062,Alaska,8/24/16 10:55
8040,1.1,67.2062,-143.1061,Alaska,8/24/16 10:58
8041,1.2,63.0996,-149.6686,Alaska,8/24/16 10:59
8042,3,67.2062,-143.1061,Alaska,8/24/16 11:03
8047,2.3,60.672,-147.2433,Alaska,8/24/16 11:48
8052,1.5,61.5817,-140.9023,Alaska,8/24/16 12:33
8061,1.1,63.2929,-151.4449,Alaska,8/24/16 13:21
8067,1.7,68.0482,-146.8507,Alaska,8/24/16 13:53
8077,1.4,68.358,-145.4345,Alaska,8/24/16 15:13
8079,1.5,63.4046,-150.6045,Alaska,8/24/16 15:30
8080,2,59.3954,-152.7883,Alaska,8/24/16 15:39
8085,1.7,60.1114,-146.788,Alaska,8/24/16 16:50
8091,2.8,67.1566,-143.1224,Alaska,8/24/16 17:19
8094,1.7,67.1998,-142.9781,Alaska,8/24/16 17:53
8095,1,66.0761,-148.2866,Alaska,8/24/16 18:06
8104,2.2,67.1503,-142.9946,Alaska,8/24/16 18:43
8112,1,64.9546,-147.3372,Alaska,8/24/16 19:10
8123,2,61.999,-149.4676,Alaska,8/24/16 20:01
8127,1.4,63.3535,-149.9872,Alaska,8/24/16 20:23
8129,1.2,63.95,-149.9999,Alaska,8/24/16 20:30
8131,1.5,61.3713,-147.1823,Alaska,8/24/16 20:33
8135,1.7,62.7748,-151.0213,Alaska,8/24/16 21:11
8141,0.9,63.3218,-151.0988,Alaska,8/24/16 21:41
8150,0.9,64.5396,-149.2556,Alaska,8/24/16 23:02
8155,0.9,64.2665,-147.8905,Alaska,8/24/16 23:28
8164,4.7,51.9892,175.1682,Alaska,8/25/16 1:03
8171,0.9,63.6811,-147.6338,Alaska,8/25/16 1:52
8172,1.7,62.0918,-151.2944,Alaska,8/25/16 1:53
8173,1.5,60.0014,-152.1091,Alaska,8/25/16 2:28
8174,1,65.3697,-144.6667,Alaska,8/25/16 2:31
8175,1.4,67.6381,-149.0283,Alaska,8/25/16 2:32
8176,1.5,65.3699,-144.7518,Alaska,8/25/16 2:35
8185,1.8,67.1998,-142.9781,Alaska,8/25/16 4:07
8186,1.3,64.3498,-150.769,Alaska,8/25/16 4:20
8189,1.3,61.2984,-150.6513,Alaska,8/25/16 4:22
8193,1.4,61.5708,-150.9872,Alaska,8/25/16 4:31
8199,1.8,58.5566,-153.2918,Alaska,8/25/16 4:54
8200,0.9,64.338,-147.9844,Alaska,8/25/16 4:57
8203,1.3,68.6066,-147.1599,Alaska,8/25/16 5:27
8212,1.6,67.1912,-149.323,Alaska,8/25/16 6:36
8213,1.6,63.1584,-143.5725,Alaska,8/25/16 6:53
8214,1,65.5326,-153.2939,Alaska,8/25/16 6:57
8216,2,58.2588,-154.1101,Alaska,8/25/16 7:16
8222,1.7,61.2755,-147.399,Alaska,8/25/16 7:41
8224,1.8,63.5329,-149.5755,Alaska,8/25/16 7:42
8228,1.1,63.2458,-151.1096,Alaska,8/25/16 7:56
8229,1.8,68.7868,-143.521,Alaska,8/25/16 8:03
8236,1.5,68.5004,-146.9045,Alaska,8/25/16 8:32
8241,1.5,61.679,-147.5762,Alaska,8/25/16 8:39
8244,1.3,63.3716,-145.2033,Alaska,8/25/16 9:05
8253,2.8,68.5037,-147.0407,Alaska,8/25/16 9:55
8257,2.8,68.4871,-147.1585,Alaska,8/25/16 9:58
8262,2,67.1998,-142.9781,Alaska,8/25/16 10:30
8267,2,68.8874,-143.9998,Alaska,8/25/16 10:40
8271,1.5,60.3995,-151.0319,Alaska,8/25/16 10:45
8273,2.3,65.2884,-150.0079,Alaska,8/25/16 10:49
8285,0.9,67.169,-143.378,Alaska,8/25/16 11:55
8295,2.2,62.9914,-150.7953,Alaska,8/25/16 12:35
8296,0.3,64.7811,-147.4867,Alaska,8/25/16 12:42
8297,1.2,62.2183,-141.5801,Alaska,8/25/16 12:43
8306,1.8,60.334,-150.8791,Alaska,8/25/16 13:16
8312,2.1,60.2812,-142.3532,Alaska,8/25/16 13:50
8314,1.9,61.1648,-146.8893,Alaska,8/25/16 13:57
8329,0.3,64.6634,-147.7278,Alaska,8/25/16 15:21
8334,0.8,61.7828,-154.3371,Alaska,8/25/16 15:43
8338,1.5,62.2996,-150.3224,Alaska,8/25/16 16:08
8342,2.6,54.0279,-162.0325,Alaska,8/25/16 16:40
8347,1.4,59.6587,-151.8856,Alaska,8/25/16 17:15
8348,2.5,53.5989,-163.3521,Alaska,8/25/16 17:16
8350,0.4,64.5661,-147.8561,Alaska,8/25/16 17:30
8354,1.6,59.6162,-136.1397,Alaska,8/25/16 18:21
8355,1.1,63.2449,-151.2206,Alaska,8/25/16 18:24
8357,2.1,62.9914,-150.7953,Alaska,8/25/16 18:40
8358,1.2,63.0731,-143.9237,Alaska,8/25/16 18:46
8360,1.5,61.6567,-146.524,Alaska,8/25/16 19:12
8361,4.6,52.0501,177.2868,Alaska,8/25/16 19:13
8363,3.1,67.1566,-143.1224,Alaska,8/25/16 19:19
8364,0.9,62.2612,-149.1279,Alaska,8/25/16 19:25
8365,0.7,67.1905,-143.0821,Alaska,8/25/16 19:25
8367,2.5,52.0884,177.2063,Alaska,8/25/16 19:28
8369,1.9,57.0406,-158.0128,Alaska,8/25/16 19:45
8371,2,56.9531,-157.8091,Alaska,8/25/16 19:49
8372,1.1,61.714,-149.7381,Alaska,8/25/16 19:50
8373,1,64.9575,-147.4551,Alaska,8/25/16 19:58
8375,1.8,59.8844,-151.5226,Alaska,8/25/16 21:04
8381,1.5,62.1883,-148.1788,Alaska,8/25/16 22:08
8385,1,64.8631,-147.7033,Alaska,8/25/16 22:46
8386,0.9,64.8631,-147.7033,Alaska,8/25/16 22:48
8388,1.9,60.2212,-141.2704,Alaska,8/25/16 23:08
8391,1.4,61.4984,-149.8627,Alaska,8/25/16 23:19
571,2.4,18.4358,-63.678,Anguilla,7/28/16 23:13
80,4,-23.3566,-66.9895,Argentina,7/27/16 7:45
100,4.1,-24.1725,-67.2739,Argentina,7/27/16 9:21
664,4.6,-24.137,-67.3328,Argentina,7/29/16 7:27
2166,4.4,-24.2092,-67.1068,Argentina,8/3/16 1:34
2229,4.9,-24.1993,-67.0919,Argentina,8/3/16 6:31
2683,6.2,-22.3942,-66.0814,Argentina,8/4/16 10:15
4022,3.9,-24.124,-67.3146,Argentina,8/8/16 18:27
5103,4.3,-22.5465,-66.1521,Argentina,8/12/16 4:27
5244,4.3,-24.187,-67.515,Argentina,8/12/16 15:04
6713,4.4,-23.9166,-66.866,Argentina,8/18/16 19:36
7360,4.2,-23.9638,-67.331,Argentina,8/21/16 12:35
5856,1,36.5669,-113.4802,Arizona,8/14/16 22:18
5923,1.3,36.5696,-113.4847,Arizona,8/15/16 5:28
7341,2.09,36.8116667,-113.6656667,Arizona,8/21/16 10:19
219,2.76,35.4215,-93.0776667,Arkansas,7/27/16 20:19
4601,2.41,35.8721667,-90.1301667,Arkansas,8/10/16 17:08
7898,1.49,35.8155,-90.0438333,Arkansas,8/23/16 19:12
1494,4.7,-11.1678,-12.975,Ascension Island region,7/31/16 23:55
3349,4.2,-25.5173,129.8064,Australia,8/6/16 17:16
5496,4.6,-23.844,152.9357,Australia,8/13/16 11:31
6555,5.7,-19.8593,148.7255,Australia,8/18/16 0:30
1505,5,39.9542,47.976,Azerbaijan,8/1/16 0:46
4765,4.7,36.5778,-12.5912,Azores-Cape St. Vincent Ridge,8/11/16 5:24
1986,4.2,-20.8192,-67.9641,Bolivia,8/2/16 10:25
2017,4.3,-21.4188,-66.8215,Bolivia,8/2/16 14:04
2411,4.4,-21.3395,-66.6236,Bolivia,8/3/16 20:39
43,2.7,19.3997,-64.2795,British Virgin Islands,7/27/16 4:04
284,2.1,19.0373,-64.3435,British Virgin Islands,7/28/16 1:03
306,2.4,19.0774,-64.355,British Virgin Islands,7/28/16 3:04
309,2.1,18.9195,-63.7612,British Virgin Islands,7/28/16 3:12
343,2.9,19.7007,-64.3908,British Virgin Islands,7/28/16 5:51
367,2.2,18.3805,-64.5873,British Virgin Islands,7/28/16 7:57
377,2.4,18.4454,-64.2626,British Virgin Islands,7/28/16 8:36
471,2.1,18.628,-64.6171,British Virgin Islands,7/28/16 16:04
492,2.4,18.8325,-64.3639,British Virgin Islands,7/28/16 17:11
779,2.3,18.8206,-64.4185,British Virgin Islands,7/29/16 15:51
967,2.2,19.0818,-64.7686,British Virgin Islands,7/30/16 3:49
1422,2.2,19.1035,-64.3462,British Virgin Islands,7/31/16 17:11
1888,2.6,18.7143,-64.6757,British Virgin Islands,8/2/16 2:40
1917,3.1,19.7935,-64.2861,British Virgin Islands,8/2/16 5:10
2155,2.2,19.2555,-64.8964,British Virgin Islands,8/3/16 1:13
2273,2.3,18.6916,-64.2816,British Virgin Islands,8/3/16 9:30
2276,2.3,19.2399,-64.5495,British Virgin Islands,8/3/16 9:50
2389,2.4,18.8507,-64.3399,British Virgin Islands,8/3/16 18:50
2410,2.3,19.047,-64.5652,British Virgin Islands,8/3/16 20:32
2617,2.2,18.9062,-64.3936,British Virgin Islands,8/4/16 6:13
2816,2,18.6667,-64.324,British Virgin Islands,8/4/16 20:58
2819,2.9,19.3405,-64.8703,British Virgin Islands,8/4/16 21:03
2875,2.6,18.7525,-64.1669,British Virgin Islands,8/5/16 1:28
2992,2.3,18.9967,-64.771,British Virgin Islands,8/5/16 14:07
3182,1.9,19.0575,-64.8184,British Virgin Islands,8/6/16 4:03
3280,2.3,19.0352,-64.8239,British Virgin Islands,8/6/16 11:19
3520,2.6,18.4955,-64.7601,British Virgin Islands,8/7/16 6:56
4166,2,18.5722,-64.7724,British Virgin Islands,8/9/16 7:09
4248,1.6,18.4978,-64.5272,British Virgin Islands,8/9/16 16:19
4325,2.1,18.941,-64.2946,British Virgin Islands,8/9/16 22:18
4328,2.4,18.8197,-64.2638,British Virgin Islands,8/9/16 22:29
4612,2.4,19.083,-64.816,British Virgin Islands,8/10/16 17:27
4614,2.3,18.9008,-64.7624,British Virgin Islands,8/10/16 17:33
5014,2.6,18.691,-64.311,British Virgin Islands,8/11/16 22:26
5169,2.4,19.1956,-64.726,British Virgin Islands,8/12/16 9:50
5215,2.7,18.923,-64.405,British Virgin Islands,8/12/16 13:14
5249,2,18.9825,-64.616,British Virgin Islands,8/12/16 15:29
5290,2.2,18.7099,-64.3485,British Virgin Islands,8/12/16 18:37
5304,3.2,18.6166,-64.3983,British Virgin Islands,8/12/16 20:18
5331,2,18.8899,-64.3133,British Virgin Islands,8/12/16 21:23
5374,2.2,18.666,-64.468,British Virgin Islands,8/13/16 0:43
5531,3.1,18.8246,-64.3414,British Virgin Islands,8/13/16 14:18
5532,2.8,18.8572,-64.294,British Virgin Islands,8/13/16 14:20
5995,2.1,18.8423,-64.2764,British Virgin Islands,8/15/16 13:41
6164,2.7,18.8651,-64.3062,British Virgin Islands,8/16/16 8:58
6165,2.6,18.843,-64.293,British Virgin Islands,8/16/16 9:00
6167,2,18.8304,-64.3858,British Virgin Islands,8/16/16 9:02
6169,2,18.673,-64.2125,British Virgin Islands,8/16/16 9:11
6316,2.1,19.0956,-64.8292,British Virgin Islands,8/16/16 23:32
6443,2.8,19.1072,-64.7865,British Virgin Islands,8/17/16 13:18
6455,1.9,19.1217,-64.5569,British Virgin Islands,8/17/16 14:13
6807,2.1,19.3843,-64.856,British Virgin Islands,8/19/16 4:23
6873,2,18.6478,-64.5849,British Virgin Islands,8/19/16 11:25
6877,2.5,19.1615,-64.6727,British Virgin Islands,8/19/16 11:58
7022,2.2,18.826,-64.1362,British Virgin Islands,8/20/16 4:01
7258,2.2,18.8834,-64.3515,British Virgin Islands,8/21/16 2:56
7288,1.7,18.6198,-64.7608,British Virgin Islands,8/21/16 5:12
7364,2.8,19.2933,-64.918,British Virgin Islands,8/21/16 13:25
7435,2.4,18.7362,-64.3291,British Virgin Islands,8/21/16 19:08
7449,2.2,18.7542,-64.2471,British Virgin Islands,8/21/16 20:38
7529,2.5,19.1805,-64.8852,British Virgin Islands,8/22/16 3:28
7768,3.2,19.264,-64.5122,British Virgin Islands,8/23/16 7:08
7770,2.1,19.2434,-64.5935,British Virgin Islands,8/23/16 7:12
7799,2.7,18.9643,-64.1315,British Virgin Islands,8/23/16 9:10
7809,2.3,19.1977,-64.6063,British Virgin Islands,8/23/16 10:02
7839,2,19.1884,-64.7165,British Virgin Islands,8/23/16 12:47
8060,2.7,19.1047,-64.779,British Virgin Islands,8/24/16 13:21
8163,2.8,19.26,-64.7488,British Virgin Islands,8/25/16 0:55
8217,3.3,19.1485,-64.6552,British Virgin Islands,8/25/16 7:24
8218,2.3,19.1126,-64.7443,British Virgin Islands,8/25/16 7:25
8232,1.9,19.1975,-64.8052,British Virgin Islands,8/25/16 8:23
8234,2.4,19.3187,-64.6835,British Virgin Islands,8/25/16 8:24
8235,2.8,19.1686,-64.7845,British Virgin Islands,8/25/16 8:25
8237,2.2,19.125,-64.7841,British Virgin Islands,8/25/16 8:34
8239,2.2,18.992,-64.8513,British Virgin Islands,8/25/16 8:37
8247,2.7,19.117,-64.8154,British Virgin Islands,8/25/16 9:31
8250,2.3,19.1683,-64.722,British Virgin Islands,8/25/16 9:37
8251,2.2,19.1669,-64.662,British Virgin Islands,8/25/16 9:41
8252,2.1,19.1714,-64.7248,British Virgin Islands,8/25/16 9:43
8254,1.9,18.891,-64.7165,British Virgin Islands,8/25/16 9:56
8255,3.2,19.1301,-64.6563,British Virgin Islands,8/25/16 9:57
8256,2.2,19.2474,-64.7287,British Virgin Islands,8/25/16 9:58
8259,2.9,19.1933,-64.7269,British Virgin Islands,8/25/16 10:13
8260,2.5,19.1231,-64.6875,British Virgin Islands,8/25/16 10:21
8266,1.9,19.2192,-64.7352,British Virgin Islands,8/25/16 10:39
8269,2.3,19.155,-64.7751,British Virgin Islands,8/25/16 10:44
8281,2.2,19.2266,-64.6556,British Virgin Islands,8/25/16 11:35
8283,1.8,19.2124,-64.693,British Virgin Islands,8/25/16 11:41
8294,2.4,19.18,-64.741,British Virgin Islands,8/25/16 12:32
8298,3.1,19.2369,-64.6463,British Virgin Islands,8/25/16 12:44
8308,1.7,19.1881,-64.7649,British Virgin Islands,8/25/16 13:22
8310,2.2,19.1448,-64.7583,British Virgin Islands,8/25/16 13:41
8320,2.3,19.1672,-64.726,British Virgin Islands,8/25/16 14:32
8322,1.5,18.753,-64.67,British Virgin Islands,8/25/16 14:47
8332,2.5,19.1543,-64.724,British Virgin Islands,8/25/16 15:28
8335,1.9,19.1245,-64.7396,British Virgin Islands,8/25/16 15:43
8341,2.4,19.1597,-64.724,British Virgin Islands,8/25/16 16:38
8351,2.2,19.1765,-64.7317,British Virgin Islands,8/25/16 17:30
2,4.9,21.5146,94.5721,Burma,7/27/16 0:20
1594,5.2,21.2885,94.9407,Burma,8/1/16 6:01
7695,5.3,23.8942,94.6945,Burma,8/22/16 22:11
8003,6.8,20.9192,94.5789,Burma,8/24/16 6:34
1,1.43,37.6723333,-121.619,California,7/27/16 0:19
3,0.06,37.5765,-118.8591667,California,7/27/16 0:31
4,0.4,37.5958333,-118.9948333,California,7/27/16 0:35
9,1.2,35.503,-118.4058333,California,7/27/16 1:03
10,1.67,37.673,-121.6133333,California,7/27/16 1:04
11,0.48,33.5888333,-116.8165,California,7/27/16 1:09
13,0.51,36.6811667,-121.3368333,California,7/27/16 1:17
14,0.53,37.0286667,-121.19,California,7/27/16 1:17
18,0.73,36.0758333,-117.6788333,California,7/27/16 1:42
19,0.22,37.0263333,-121.1936667,California,7/27/16 1:44
20,1.22,38.7763333,-122.7245,California,7/27/16 1:45
21,0.55,38.8415,-122.8288333,California,7/27/16 1:48
24,0.81,33.7878333,-116.037,California,7/27/16 1:58
26,0.75,35.9231667,-117.6898333,California,7/27/16 2:20
27,1.4,38.8348333,-122.8023333,California,7/27/16 2:22
29,1.13,35.978,-117.8535,California,7/27/16 2:38
30,0.47,37.6363333,-118.9426667,California,7/27/16 2:42
33,0.28,35.9758333,-117.8596667,California,7/27/16 3:02
41,1.75,38.7781667,-122.7505,California,7/27/16 3:56
42,0.62,38.7885,-122.7218333,California,7/27/16 4:00
44,0.8,37.5141667,-118.8263333,California,7/27/16 4:06
49,0.06,36.0171667,-117.8111667,California,7/27/16 4:44
50,0.75,33.5145,-116.5175,California,7/27/16 4:45
51,1.6,32.905,-115.5326667,California,7/27/16 4:48
60,1.84,36.7,-121.3381667,California,7/27/16 6:02
63,1.75,36.1681667,-120.1663333,California,7/27/16 6:12
65,0.59,33.7398333,-117.5278333,California,7/27/16 6:23
67,0.84,33.0166667,-116.3543333,California,7/27/16 6:29
69,0.71,38.8160019,-122.8150024,California,7/27/16 6:45
78,1.02,38.8123322,-122.8181686,California,7/27/16 7:39
84,1.02,32.9211667,-116.2398333,California,7/27/16 8:05
88,1.34,34.0308333,-116.7703333,California,7/27/16 8:16
90,1.03,33.7811667,-115.6553333,California,7/27/16 8:28
92,1.22,37.4285,-121.7716667,California,7/27/16 8:34
96,1.74,38.9155,-122.8926667,California,7/27/16 8:57
98,1.53,34.018,-116.9448333,California,7/27/16 9:17
99,1.82,33.0133333,-116.3573333,California,7/27/16 9:19
105,0.61,36.0255,-117.7645,California,7/27/16 9:37
107,2.09,36.646,-121.2611667,California,7/27/16 9:50
108,1.16,38.8293333,-122.8135,California,7/27/16 9:50
110,0.72,36.0243333,-117.7675,California,7/27/16 10:02
111,0.96,36.0273333,-117.7651667,California,7/27/16 10:06
116,1.11,38.9195,-122.8885,California,7/27/16 11:19
118,0.65,37.4673333,-118.8923333,California,7/27/16 11:27
128,1.56,38.8226667,-122.8446667,California,7/27/16 12:15
130,2.17,33.7266667,-115.9446667,California,7/27/16 12:17
132,0.68,33.5185,-116.5193333,California,7/27/16 12:45
135,2.25,36.4063333,-120.2075,California,7/27/16 12:54
139,2.03,33.9368333,-116.7363333,California,7/27/16 13:22
141,1.28,33.7276667,-115.9425,California,7/27/16 13:29
144,0.71,33.4063333,-116.3943333,California,7/27/16 13:43
145,1.59,33.7288333,-115.9443333,California,7/27/16 13:47
147,2.62,34.1613333,-116.8086667,California,7/27/16 13:59
157,0.4,33.6343333,-116.6635,California,7/27/16 14:54
158,1.59,34.3563333,-117.0238333,California,7/27/16 14:57
163,,33.8495,-117.4875,California,7/27/16 15:32
164,1.84,35.7406667,-121.438,California,7/27/16 15:38
167,1.02,33.7351667,-115.9486667,California,7/27/16 15:53
168,0.75,37.5753333,-118.8585,California,7/27/16 16:17
170,0.9,35.0581667,-118.3453333,California,7/27/16 16:36
188,0.68,33.6805,-116.8106667,California,7/27/16 18:13
192,0.89,35.5331667,-117.4345,California,7/27/16 18:20
203,2.5,40.2971667,-124.5011667,California,7/27/16 19:22
205,1.82,35.038,-117.6803333,California,7/27/16 19:32
210,0.97,33.7748333,-117.4486667,California,7/27/16 19:52
212,0.34,36.0303333,-117.775,California,7/27/16 19:59
214,0.93,38.8311653,-122.7736664,California,7/27/16 20:02
215,1.88,37.2006667,-118.4,California,7/27/16 20:03
216,1.64,33.449,-116.462,California,7/27/16 20:05
221,,36.0583333,-117.879,California,7/27/16 20:26
226,0.62,33.9611667,-116.9105,California,7/27/16 20:35
228,0.68,37.1026667,-121.154,California,7/27/16 20:40
232,0.74,33.6505,-116.7821667,California,7/27/16 21:10
233,0.23,38.8168333,-122.817,California,7/27/16 21:11
236,0.49,37.0341667,-121.1968333,California,7/27/16 21:34
241,0.99,37.555,-118.9075,California,7/27/16 21:58
242,1.25,33.9906667,-117.2443333,California,7/27/16 21:58
243,0.71,33.6855,-116.6713333,California,7/27/16 22:02
249,1.74,33.5145,-116.4226667,California,7/27/16 22:19
252,0.58,38.7796669,-122.7241669,California,7/27/16 22:24
256,0.57,37.5061667,-119.0055,California,7/27/16 22:52
257,0.42,33.5196667,-116.5213333,California,7/27/16 23:01
262,1.13,35.3395,-118.006,California,7/27/16 23:39
263,0.5,37.033,-121.1961667,California,7/27/16 23:40
265,0.65,33.5131667,-116.522,California,7/27/16 23:43
266,0.91,38.7965012,-122.7946701,California,7/27/16 23:43
267,0.93,33.2523333,-116.4063333,California,7/27/16 23:44
268,0.94,38.7944984,-122.7990036,California,7/27/16 23:44
271,0.92,38.8226662,-122.7796631,California,7/27/16 23:57
275,0.35,37.6411667,-118.9305,California,7/28/16 0:16
279,0.84,33.7345,-115.9526667,California,7/28/16 0:26
283,1.13,36.5923333,-121.1303333,California,7/28/16 1:00
285,1.18,35.5948333,-120.8835,California,7/28/16 1:17
287,1.2,37.4793333,-118.9851667,California,7/28/16 1:27
289,1.85,40.0425,-121.3488333,California,7/28/16 1:45
290,2.05,33.5101667,-116.5275,California,7/28/16 1:46
292,0.35,33.5173333,-116.5158333,California,7/28/16 1:52
294,1.16,33.038,-116.3626667,California,7/28/16 1:56
298,1.23,33.4871667,-116.9063333,California,7/28/16 2:09
299,1.02,38.8190002,-122.7898331,California,7/28/16 2:12
301,1.36,38.819,-122.7911667,California,7/28/16 2:22
307,0.87,38.8400002,-122.8273315,California,7/28/16 3:05
308,0.47,37.6208333,-118.8428333,California,7/28/16 3:09
310,0.7,36.026,-117.7673333,California,7/28/16 3:14
318,0.25,37.6216667,-118.8856667,California,7/28/16 4:14
321,0.35,33.5853333,-117.151,California,7/28/16 4:38
329,0.52,35.9258333,-117.9498333,California,7/28/16 5:05
335,0.61,37.4613333,-118.8668333,California,7/28/16 5:33
341,0.84,37.5115,-118.8035,California,7/28/16 5:48
348,1.23,34.5281667,-119.1096667,California,7/28/16 6:21
349,1.02,37.4853333,-118.7741667,California,7/28/16 6:35
352,0.83,34.0271667,-117.2266667,California,7/28/16 6:50
353,0.92,33.6875,-116.7903333,California,7/28/16 6:58
354,1.38,38.7765,-122.723,California,7/28/16 7:00
362,0.88,38.7943344,-122.7718353,California,7/28/16 7:24
363,1.06,38.7518349,-122.7226639,California,7/28/16 7:26
368,0.68,33.9483333,-116.7331667,California,7/28/16 7:58
378,1.31,38.793,-122.7588333,California,7/28/16 8:43
395,0.5,37.5921667,-118.9408333,California,7/28/16 9:35
397,0.73,37.5816667,-118.9388333,California,7/28/16 9:47
402,0.88,34.0753333,-116.6896667,California,7/28/16 10:00
408,1.26,35.7323333,-121.0626667,California,7/28/16 10:20
409,2.25,37.5785,-118.8446667,California,7/28/16 10:28
412,0.93,33.9481667,-116.323,California,7/28/16 11:10
413,1.91,38.8131667,-122.8168333,California,7/28/16 11:20
414,0.88,38.8103333,-122.8195038,California,7/28/16 11:21
417,0.3,33.5206667,-116.5496667,California,7/28/16 11:31
419,1.38,41.8516667,-122.3303333,California,7/28/16 11:31
420,1.25,33.962,-116.3305,California,7/28/16 11:33
423,1.19,38.8225,-122.7768333,California,7/28/16 11:51
425,1.15,33.953,-116.3228333,California,7/28/16 11:55
428,0.55,33.9323333,-116.8348333,California,7/28/16 11:59
433,0.79,33.9461667,-116.3256667,California,7/28/16 12:25
434,0.78,33.9471667,-116.3253333,California,7/28/16 12:27
435,1.49,34.4761667,-118.4605,California,7/28/16 12:33
438,0.77,37.4766667,-118.7876667,California,7/28/16 12:43
441,0.56,38.8143349,-122.8263321,California,7/28/16 12:59
442,1.16,33.9486667,-116.324,California,7/28/16 13:01
447,1.89,35.5403333,-119.3643333,California,7/28/16 13:16
450,0.96,32.9715,-116.351,California,7/28/16 14:00
451,0.82,34.0326667,-117.0773333,California,7/28/16 14:03
452,1.71,33.2478333,-116.4083333,California,7/28/16 14:11
455,0.27,38.786,-122.6968333,California,7/28/16 14:23
456,0.92,33.7285,-115.9456667,California,7/28/16 14:28
460,1.43,35.0458333,-118.3286667,California,7/28/16 14:44
464,0.93,33.8261667,-117.1776667,California,7/28/16 15:04
466,0.27,38.8216667,-122.822,California,7/28/16 15:17
469,1.95,36.81,-121.5371667,California,7/28/16 15:48
470,1.15,35.6818333,-121.1255,California,7/28/16 16:00
472,3.22,35.6823333,-121.1245,California,7/28/16 16:13
474,0.34,38.7726667,-122.747,California,7/28/16 16:15
475,0.78,35.6806667,-121.1325,California,7/28/16 16:17
477,1.2,35.6816667,-121.1266667,California,7/28/16 16:21
478,1.64,35.6815,-121.1246667,California,7/28/16 16:24
481,1.57,37.3986667,-121.7516667,California,7/28/16 16:35
488,0.26,38.8181667,-122.8053333,California,7/28/16 17:01
489,0.78,35.682,-121.1278333,California,7/28/16 17:01
494,0.6,33.3928333,-116.3825,California,7/28/16 17:26
495,1.16,33.3796667,-116.8385,California,7/28/16 17:35
503,1.2,37.5761667,-118.8646667,California,7/28/16 18:05
505,0.88,38.8071671,-122.81633,California,7/28/16 18:37
506,2.75,33.001,-117.7703333,California,7/28/16 18:47
508,0.91,33.639,-117.3435,California,7/28/16 18:59
514,0.79,35.6815,-121.1256667,California,7/28/16 19:19
516,0.91,33.9425,-116.324,California,7/28/16 19:23
517,1.07,33.9478333,-116.3243333,California,7/28/16 19:23
519,1.56,37.4701667,-118.8436667,California,7/28/16 19:29
520,0.79,33.4308333,-116.4273333,California,7/28/16 19:29
523,0.12,37.5771667,-118.8956667,California,7/28/16 19:33
524,0.53,37.5703333,-118.8605,California,7/28/16 19:35
525,1.06,33.9993333,-116.4101667,California,7/28/16 19:43
527,0.99,33.5381667,-116.6946667,California,7/28/16 19:46
532,1.15,38.8356667,-122.7734985,California,7/28/16 20:00
534,2.16,36.6876667,-121.318,California,7/28/16 20:20
538,1.09,33.9111667,-116.77,California,7/28/16 20:33
540,0.7,37.1425,-118.2447,California,7/28/16 20:38
545,0.13,37.5796667,-118.8583333,California,7/28/16 21:17
546,1.55,37.1621667,-118.6596667,California,7/28/16 21:19
547,1.58,37.1605,-118.6521667,California,7/28/16 21:22
548,1.63,34.0941667,-116.73,California,7/28/16 21:24
550,0.45,36.0303333,-120.592,California,7/28/16 21:29
552,1.36,33.3098333,-115.6878333,California,7/28/16 21:38
567,0.91,36.1241667,-117.9411667,California,7/28/16 22:54
568,0.9,33.9508333,-116.3218333,California,7/28/16 22:59
575,0.78,38.8235016,-122.7805023,California,7/28/16 23:36
579,0.98,37.6681667,-122.5103333,California,7/28/16 23:53
590,0.9,33.9485,-116.3246667,California,7/29/16 0:43
599,1.34,34.003,-118.3456667,California,7/29/16 1:24
602,0.86,33.9495,-116.3251667,California,7/29/16 1:37
608,0.83,33.3421667,-116.3626667,California,7/29/16 2:30
609,0.6,36.0225,-117.7673333,California,7/29/16 2:34
617,1.64,36.0251667,-117.811,California,7/29/16 3:27
622,1.06,36.2335,-117.5723333,California,7/29/16 3:41
626,0.71,33.6793333,-116.773,California,7/29/16 4:03
630,1.29,37.4481667,-118.4723333,California,7/29/16 4:13
631,0.87,33.7285,-115.9443333,California,7/29/16 4:15
634,1,33.97,-116.5561667,California,7/29/16 4:29
636,0.3,38.0431,-118.7324,California,7/29/16 4:32
639,0.73,35.6251667,-117.5813333,California,7/29/16 4:52
646,0.52,40.437,-121.749,California,7/29/16 5:23
652,1.27,38.0175,-118.8406667,California,7/29/16 5:52
653,0.2,37.656,-118.9081667,California,7/29/16 6:00
656,1.26,37.6886667,-119.3005,California,7/29/16 6:13
667,0.6,33.4808333,-116.4556667,California,7/29/16 7:51
669,0.73,36.575,-121.1061667,California,7/29/16 7:55
673,0.9,39.9133,-120.7184,California,7/29/16 8:15
674,1.25,33.192,-115.6456667,California,7/29/16 8:17
675,1.8,35.207,-117.2721667,California,7/29/16 8:27
677,0.73,38.8240013,-122.8453369,California,7/29/16 8:33
678,1.67,33.1928333,-115.642,California,7/29/16 8:34
680,1.24,36.5716667,-121.1088333,California,7/29/16 8:37
683,0.57,38.8376656,-122.8278351,California,7/29/16 8:54
684,0.5,38.8205,-122.7658333,California,7/29/16 9:04
685,2.54,33.1893333,-115.6475,California,7/29/16 9:07
686,1.38,33.1881667,-115.6433333,California,7/29/16 9:13
687,0.79,35.9996667,-120.56,California,7/29/16 9:15
689,0.3,37.1846,-117.7023,California,7/29/16 9:22
691,1.45,38.8351667,-122.8075,California,7/29/16 9:46
692,0.56,38.8364983,-122.809166,California,7/29/16 9:47
693,1.6,34.3268333,-116.9418333,California,7/29/16 9:49
697,0.91,38.7803345,-122.7338333,California,7/29/16 10:20
698,1.47,33.192,-115.645,California,7/29/16 10:21
702,0.9,37.2715,-117.6404,California,7/29/16 10:44
705,1.52,33.1928333,-115.6446667,California,7/29/16 10:53
717,1.24,38.7501667,-122.6881667,California,7/29/16 11:31
721,0.3,37.2087,-117.6909,California,7/29/16 11:49
722,0.68,35.8936667,-120.4433333,California,7/29/16 12:06
723,0.1,35.9721,-116.78,California,7/29/16 12:06
724,0.88,33.2613333,-116.7828333,California,7/29/16 12:10
725,1.59,38.839,-122.8186667,California,7/29/16 12:15
726,0.01,38.8398333,-122.8195,California,7/29/16 12:15
727,1.66,38.7508333,-122.7243333,California,7/29/16 12:25
728,1.35,34.1118333,-116.7928333,California,7/29/16 12:28
729,0.34,38.7486667,-122.7271667,California,7/29/16 12:29
730,0.81,38.8251648,-122.8538361,California,7/29/16 12:33
731,0.6,37.9615,-118.4609,California,7/29/16 12:38
741,0.87,35.6778333,-120.9888333,California,7/29/16 13:26
743,1.29,37.322,-122.1001667,California,7/29/16 13:29
744,1.47,33.1898333,-115.6441667,California,7/29/16 13:29
746,0.51,38.8065,-122.8196667,California,7/29/16 13:35
747,1.95,37.4411667,-118.6391667,California,7/29/16 13:35
749,0.3,35.9633,-116.7543,California,7/29/16 13:35
751,0.51,37.5998333,-118.9468333,California,7/29/16 14:12
752,0.96,34.0525,-117.3543333,California,7/29/16 14:14
753,1.45,36.8951667,-121.6168333,California,7/29/16 14:18
754,1.43,33.1885,-115.6453333,California,7/29/16 14:21
755,1.58,35.8968333,-117.6806667,California,7/29/16 14:34
756,1.87,33.1921667,-115.6436667,California,7/29/16 14:39
757,0.68,33.6361667,-116.6948333,California,7/29/16 14:42
758,0.44,38.8021667,-122.8213333,California,7/29/16 14:49
761,1.85,33.1876667,-115.6455,California,7/29/16 14:54
762,1.96,33.1861667,-115.6403333,California,7/29/16 14:56
763,1.71,33.1981667,-115.6463333,California,7/29/16 14:56
764,2.33,33.1928333,-115.6418333,California,7/29/16 14:56
765,2.39,33.1908333,-115.6421667,California,7/29/16 14:58
767,1.17,33.1885,-115.6295,California,7/29/16 15:06
768,0.28,38.7908333,-122.7566667,California,7/29/16 15:08
769,0.5,39.8573,-120.6358,California,7/29/16 15:20
771,0.25,37.5318333,-118.887,California,7/29/16 15:22
776,1.58,33.1856667,-115.6431667,California,7/29/16 15:30
777,1.63,33.1906667,-115.641,California,7/29/16 15:32
778,1.25,33.1916667,-115.6396667,California,7/29/16 15:47
780,2,33.1895,-115.6435,California,7/29/16 15:52
781,0.47,33.5255,-116.4641667,California,7/29/16 15:55
788,1.22,33.1928333,-115.641,California,7/29/16 16:12
790,1.45,33.188,-115.6416667,California,7/29/16 16:21
791,0.54,38.814,-122.823,California,7/29/16 16:38
792,1.44,39.26,-123.3995,California,7/29/16 16:40
796,0.72,37.4606667,-118.798,California,7/29/16 17:05
797,0.24,33.5168333,-116.564,California,7/29/16 17:12
803,1.79,33.191,-115.6441667,California,7/29/16 17:38
809,1.51,33.1883333,-115.6478333,California,7/29/16 17:57
810,1.25,33.1965,-115.6451667,California,7/29/16 17:58
815,1.35,41.582,-121.6228333,California,7/29/16 18:13
822,1,38.7996674,-122.7686691,California,7/29/16 18:47
824,1.1,38.8115005,-122.8280029,California,7/29/16 19:16
826,0.35,38.8233333,-122.8441667,California,7/29/16 19:24
830,0.56,38.8255005,-122.8460007,California,7/29/16 19:58
832,0.74,38.8396683,-122.8335037,California,7/29/16 20:07
833,1.93,38.839,-122.8306667,California,7/29/16 20:08
834,0.81,38.8390007,-122.831665,California,7/29/16 20:09
835,1.61,38.839,-122.829,California,7/29/16 20:10
837,0.48,37.6406667,-118.911,California,7/29/16 20:13
838,0.36,37.6396667,-118.9051667,California,7/29/16 20:16
839,1.49,36.799,-121.046,California,7/29/16 20:17
841,0.56,33.6798333,-116.731,California,7/29/16 20:26
851,0.41,33.4671667,-116.4701667,California,7/29/16 20:54
852,0.57,33.7091667,-116.7168333,California,7/29/16 20:54
855,1.02,33.9388333,-116.9218333,California,7/29/16 21:09
856,1.42,33.191,-115.6453333,California,7/29/16 21:18
857,1.67,33.1885,-115.649,California,7/29/16 21:18
859,0.75,37.5991667,-118.9986667,California,7/29/16 21:25
860,0.35,37.6383333,-118.9118333,California,7/29/16 21:39
862,0.33,37.5903333,-118.9963333,California,7/29/16 21:41
867,1.18,37.5318333,-118.887,California,7/29/16 22:04
869,0.88,38.7891655,-122.7740021,California,7/29/16 22:08
873,1.78,37.0268333,-121.1916667,California,7/29/16 22:35
874,1.51,33.7495,-117.4971667,California,7/29/16 22:39
875,0.54,37.5936667,-118.8461667,California,7/29/16 22:45
877,2.57,39.8576667,-123.5091667,California,7/29/16 22:49
884,1.19,37.0255,-121.1908333,California,7/29/16 23:43
887,0.68,37.033,-121.1905,California,7/29/16 23:45
891,1,40.2318,-120.3283,California,7/30/16 0:21
892,0.25,40.4115,-121.455,California,7/30/16 0:23
893,1.6,33.2515,-116.4091667,California,7/30/16 0:28
901,0.55,40.4033333,-121.4633333,California,7/30/16 1:14
902,0.49,40.4046667,-121.4653333,California,7/30/16 1:15
903,0.87,40.4103333,-121.4613333,California,7/30/16 1:16
904,1.49,40.3955,-121.4723333,California,7/30/16 1:17
907,1.4,40.408,-121.4595,California,7/30/16 1:25
908,0.22,38.828,-122.7921667,California,7/30/16 1:25
910,0.39,40.4063333,-121.4643333,California,7/30/16 1:28
911,1.98,40.4043333,-121.4613333,California,7/30/16 1:30
912,0.65,40.4003333,-121.4613333,California,7/30/16 1:31
914,0.54,40.4066667,-121.4663333,California,7/30/16 1:38
915,0.3,40.4101667,-121.4593333,California,7/30/16 1:38
916,0.54,40.4056667,-121.4643333,California,7/30/16 1:41
917,0.75,40.421,-121.4475,California,7/30/16 1:42
918,0.44,40.4,-121.4578333,California,7/30/16 1:43
919,1.25,40.4048333,-121.4641667,California,7/30/16 1:44
922,1.28,34.5495,-118.8323333,California,7/30/16 1:53
924,1.55,34.2186667,-118.7828333,California,7/30/16 2:01
926,2.24,40.4066667,-121.4561667,California,7/30/16 2:25
927,1.26,40.4033333,-121.4635,California,7/30/16 2:28
928,2.22,40.4013333,-121.474,California,7/30/16 2:34
929,2.23,40.4013333,-121.4618333,California,7/30/16 2:34
931,0.81,40.4048333,-121.466,California,7/30/16 2:36
932,1.4,40.4058333,-121.4563333,California,7/30/16 2:36
933,0.27,40.4015,-121.4568333,California,7/30/16 2:38
934,0.19,40.4393333,-121.3775,California,7/30/16 2:39
935,1.82,40.4056667,-121.4651667,California,7/30/16 2:40
936,1.38,40.405,-121.4528333,California,7/30/16 2:40
937,0.58,40.4165,-121.4381667,California,7/30/16 2:40
938,0.34,40.4046667,-121.4651667,California,7/30/16 2:41
939,0.43,40.4205,-121.443,California,7/30/16 2:41
940,0.62,40.4045,-121.4571667,California,7/30/16 2:42
941,2.38,40.406,-121.4625,California,7/30/16 2:44
942,0.54,40.4043333,-121.4558333,California,7/30/16 2:46
943,0.68,40.4051667,-121.4563333,California,7/30/16 2:47
944,0.6,40.4123333,-121.451,California,7/30/16 2:48
945,0.39,40.4071667,-121.4651667,California,7/30/16 2:48
946,0.6,40.4023333,-121.4561667,California,7/30/16 2:58
947,1.26,40.4043333,-121.4628333,California,7/30/16 2:59
948,0.59,40.4091667,-121.4628333,California,7/30/16 3:00
949,0.83,40.4058333,-121.4736667,California,7/30/16 3:06
951,0.36,40.4081667,-121.4628333,California,7/30/16 3:13
952,0.26,40.4108333,-121.4571667,California,7/30/16 3:14
954,0.62,33.538,-116.6971667,California,7/30/16 3:17
956,0.4,40.4081667,-121.4648333,California,7/30/16 3:21
958,0.82,33.5368333,-116.6956667,California,7/30/16 3:24
960,0.43,40.407,-121.4543333,California,7/30/16 3:31
963,1.11,40.4056667,-121.4645,California,7/30/16 3:39
966,0.7,37.5313333,-118.8883333,California,7/30/16 3:49
968,0.35,40.4065,-121.4626667,California,7/30/16 3:57
969,0.9,40.395,-121.4565,California,7/30/16 4:11
970,0.33,33.9441667,-116.8475,California,7/30/16 4:15
971,0.6,40.4085,-121.4603333,California,7/30/16 4:18
975,0.93,40.399,-121.4616667,California,7/30/16 4:30
981,1.67,35.2698333,-118.9393333,California,7/30/16 4:59
982,0.26,37.6361667,-118.8798333,California,7/30/16 5:00
983,1.37,37.6365,-118.8863333,California,7/30/16 5:01
986,0.79,38.8066673,-122.8233337,California,7/30/16 5:18
987,1.29,38.82,-122.81,California,7/30/16 5:21
990,0.9,38.831501,-122.856163,California,7/30/16 5:34
994,0.53,38.8231659,-122.779335,California,7/30/16 5:41
998,0.54,40.4006667,-121.4693333,California,7/30/16 5:56
999,0.88,32.7683333,-116.5793333,California,7/30/16 6:12
1001,0.2,37.1994,-118.2198,California,7/30/16 6:26
1002,0.41,37.529,-118.8866667,California,7/30/16 6:33
1003,0.57,33.329,-116.2901667,California,7/30/16 6:37
1010,1.19,33.1921667,-115.6471667,California,7/30/16 7:23
1013,0.73,33.2493333,-116.3985,California,7/30/16 7:42
1017,0.35,40.4085,-121.4616667,California,7/30/16 8:03
1023,1.7,33.978,-117.7558333,California,7/30/16 8:35
1026,2.68,38.0786667,-122.1698333,California,7/30/16 8:53
1029,0.62,34.0925,-117.272,California,7/30/16 9:15
1032,1.25,37.593,-118.9336667,California,7/30/16 9:19
1039,0.38,33.6285,-116.6953333,California,7/30/16 10:24
1040,0.89,38.8238335,-122.7965012,California,7/30/16 10:25
1042,1.31,38.8395,-122.8365,California,7/30/16 10:39
1044,0.67,33.6258333,-116.6641667,California,7/30/16 10:47
1051,1.4,37.4578333,-118.8411667,California,7/30/16 11:03
1053,0.68,37.5795,-118.8623333,California,7/30/16 11:28
1054,1.65,36.2666667,-120.8403333,California,7/30/16 11:33
1056,0.53,40.4075,-121.4756667,California,7/30/16 11:46
1059,0.34,35.9226667,-120.4706667,California,7/30/16 12:16
1060,0.44,33.9381667,-116.8256667,California,7/30/16 12:18
1062,0.79,35.6835,-121.1273333,California,7/30/16 12:37
1063,1.4,38.7861667,-122.743,California,7/30/16 12:49
1065,1.24,38.7858333,-122.7426667,California,7/30/16 12:54
1067,1.08,38.7448333,-122.715,California,7/30/16 13:06
1068,3.37,38.7451667,-122.7158333,California,7/30/16 13:11
1069,1.97,38.7538333,-122.7045,California,7/30/16 13:12
1070,2.02,38.7571667,-122.708,California,7/30/16 13:13
1071,0.79,38.7598343,-122.7183304,California,7/30/16 13:14
1072,1.02,38.7548333,-122.6995,California,7/30/16 13:15
1073,1.1,38.7558333,-122.7235,California,7/30/16 13:18
1074,3.19,33.196,-116.6825,California,7/30/16 13:22
1075,0.88,38.7471667,-122.718,California,7/30/16 13:26
1077,0.35,37.6406667,-118.9273333,California,7/30/16 13:38
1078,1.54,38.947,-123.2743333,California,7/30/16 13:41
1080,1.56,38.7506667,-122.718,California,7/30/16 13:47
1083,1.89,34.2195,-118.7893333,California,7/30/16 14:02
1087,0.72,37.1038333,-121.0883333,California,7/30/16 14:42
1088,1.06,38.7753334,-122.7026672,California,7/30/16 14:43
1092,0.7,33.493,-116.5235,California,7/30/16 14:53
1097,0.97,38.7426667,-122.6946667,California,7/30/16 15:23
1099,0.83,38.7668343,-122.7423325,California,7/30/16 15:35
1101,0.85,33.9461667,-116.833,California,7/30/16 15:45
1104,1.25,38.8168333,-122.8188333,California,7/30/16 16:00
1107,0.15,37.658,-118.923,California,7/30/16 16:13
1110,0.23,38.7753333,-122.7533333,California,7/30/16 16:26
1111,0.83,34.1358333,-117.4646667,California,7/30/16 16:33
1112,1.8,39.8535,-123.5035,California,7/30/16 16:35
1122,0.81,33.2665,-116.3301667,California,7/30/16 17:11
1126,0.67,38.7443333,-122.7146667,California,7/30/16 17:34
1130,1.45,39.5248333,-122.8935,California,7/30/16 17:54
1132,0.4,37.2967,-117.7297,California,7/30/16 17:58
1137,1.35,37.531,-118.8853333,California,7/30/16 18:27
1139,1.21,34.309,-117.0126667,California,7/30/16 18:28
1140,0.87,34.311,-117.0095,California,7/30/16 18:29
1142,0.68,38.8123333,-122.8215,California,7/30/16 18:34
1143,0.34,37.5555,-118.8463333,California,7/30/16 18:35
1145,0.23,37.5453333,-118.8821667,California,7/30/16 18:48
1146,1.22,34.2931667,-117.0035,California,7/30/16 18:49
1148,0.87,41.558,-122.2201667,California,7/30/16 18:57
1151,0.54,36.9365,-121.4183333,California,7/30/16 19:22
1156,1.58,33.4518333,-116.4618333,California,7/30/16 19:59
1161,1.9,33.7846667,-115.6488333,California,7/30/16 20:23
1163,1.89,33.6311667,-116.7193333,California,7/30/16 20:42
1165,1.08,34.2901667,-116.9966667,California,7/30/16 20:51
1170,1.83,38.8068333,-122.8253333,California,7/30/16 20:57
1173,0.83,33.099,-116.2928333,California,7/30/16 21:14
1176,0.8,33.9245,-116.0276667,California,7/30/16 21:35
1178,0.33,40.4093333,-121.4625,California,7/30/16 21:46
1180,0.23,40.4175,-121.45,California,7/30/16 21:48
1183,2.67,34.9318333,-119.017,California,7/30/16 21:50
1184,0.5,40.4191667,-121.4618333,California,7/30/16 21:54
1185,0.26,40.4091667,-121.4626667,California,7/30/16 21:55
1186,0.42,40.4098333,-121.4635,California,7/30/16 21:55
1187,1.35,35.7748333,-121.3976667,California,7/30/16 21:55
1188,1.24,40.4068333,-121.4646667,California,7/30/16 21:57
1189,0.26,35.9685,-120.5256667,California,7/30/16 21:57
1190,0.42,40.3968333,-121.4761667,California,7/30/16 21:58
1191,0.4,40.4108333,-121.4595,California,7/30/16 21:59
1193,1.73,37.4133333,-119.0083333,California,7/30/16 22:04
1196,1.66,40.4031667,-121.4721667,California,7/30/16 22:12
1197,0.03,40.4105,-121.4625,California,7/30/16 22:13
1199,1.1,40.4123333,-121.4606667,California,7/30/16 22:16
1200,1.72,40.3918333,-121.4741667,California,7/30/16 22:18
1201,0.35,40.4055,-121.4671667,California,7/30/16 22:19
1202,0.56,33.6881667,-116.7598333,California,7/30/16 22:22
1204,0.84,37.105,-121.134,California,7/30/16 22:26
1206,0.47,40.4118333,-121.4626667,California,7/30/16 22:32
1207,2.85,37.4128333,-119.009,California,7/30/16 22:39
1210,0.18,40.402,-121.4726667,California,7/30/16 22:57
1213,1.23,37.277,-121.654,California,7/30/16 23:21
1217,0.79,37.0401667,-121.4846667,California,7/30/16 23:31
1219,1.15,37.4593333,-118.843,California,7/31/16 0:02
1222,2.14,36.5815,-121.1793333,California,7/31/16 0:16
1226,0.49,33.95,-116.8043333,California,7/31/16 0:35
1229,1.07,34.1503333,-118.3395,California,7/31/16 0:42
1231,,33.9396667,-117.6675,California,7/31/16 1:08
1232,1.14,34.4993333,-120.4876667,California,7/31/16 1:14
1235,1.64,37.3796667,-118.5251667,California,7/31/16 1:41
1236,0.5,34.1783333,-117.549,California,7/31/16 1:48
1238,1.29,36.9998333,-121.4578333,California,7/31/16 1:58
1239,0.54,38.8138351,-122.817337,California,7/31/16 1:59
1241,0.73,37.4603333,-118.8478333,California,7/31/16 2:04
1245,1.13,36.5835,-121.179,California,7/31/16 2:26
1247,0.43,33.6366667,-116.6871667,California,7/31/16 2:43
1248,0.59,36.9945,-121.4516667,California,7/31/16 2:58
1249,0.3,37.0401,-117.8803,California,7/31/16 3:00
1252,1.82,38.7585,-122.7225,California,7/31/16 3:07
1253,0.39,38.7531667,-122.7085,California,7/31/16 3:14
1257,0.41,40.4118333,-121.4565,California,7/31/16 3:44
1258,1.85,33.0665,-115.5583333,California,7/31/16 3:51
1260,2.02,33.0551667,-115.583,California,7/31/16 3:53
1262,0.33,40.4095,-121.4603333,California,7/31/16 4:02
1264,0.4,36.9773,-117.5856,California,7/31/16 4:15
1265,2.21,40.2741667,-123.8505,California,7/31/16 4:17
1267,1.47,39.4343333,-123.2776667,California,7/31/16 4:29
1269,0.37,40.4103333,-121.4593333,California,7/31/16 4:35
1271,2.19,37.4555,-121.7728333,California,7/31/16 5:02
1273,1.95,35.4878333,-118.2921667,California,7/31/16 5:11
1274,1.18,33.598,-116.8155,California,7/31/16 5:12
1276,0.59,35.8263333,-117.5788333,California,7/31/16 5:19
1282,1.14,34.005,-118.3525,California,7/31/16 5:38
1283,1.04,33.1906667,-115.9808333,California,7/31/16 5:38
1284,0.92,38.7980003,-122.7713318,California,7/31/16 5:41
1285,0.89,38.7784996,-122.7558365,California,7/31/16 5:49
1296,0.22,33.6035,-116.817,California,7/31/16 6:42
1299,0.33,33.5005,-116.5311667,California,7/31/16 6:48
1301,1.16,34.3428333,-118.4885,California,7/31/16 7:06
1303,2.54,38.4051667,-122.2561667,California,7/31/16 7:17
1306,0.84,34.1628333,-116.8076667,California,7/31/16 7:29
1308,1.38,37.3796667,-118.5248333,California,7/31/16 7:48
1309,0.64,33.4231667,-117.0376667,California,7/31/16 7:59
1314,2.17,36.1673333,-120.1643333,California,7/31/16 8:15
1317,0.29,38.8348333,-122.7906667,California,7/31/16 8:27
1319,0.29,33.4848333,-116.4898333,California,7/31/16 9:00
1323,0.16,33.5786667,-116.7133333,California,7/31/16 9:40
1327,0.6,33.9065,-116.6936667,California,7/31/16 9:47
1331,0.56,37.446,-118.6021667,California,7/31/16 10:07
1332,1.73,37.0503333,-122.3556667,California,7/31/16 10:11
1335,0.4,33.5235,-116.5201667,California,7/31/16 10:22
1348,0.8,35.6828333,-121.1305,California,7/31/16 11:25
1350,0.53,38.815,-122.8181667,California,7/31/16 11:32
1352,1.08,37.4256667,-119.0223333,California,7/31/16 11:43
1356,2.61,32.953,-115.7588333,California,7/31/16 12:05
1357,1.13,38.8381667,-122.8173333,California,7/31/16 12:05
1358,0.89,38.8110008,-122.8148346,California,7/31/16 12:06
1359,2.25,32.954,-115.7605,California,7/31/16 12:06
1361,4.03,32.9583333,-115.7605,California,7/31/16 12:21
1362,1.03,33.4743333,-116.4188333,California,7/31/16 12:26
1364,0.78,36.8116667,-121.3355,California,7/31/16 12:42
1370,0.59,36.0848333,-117.6031667,California,7/31/16 13:09
1377,0.9,38.8474998,-122.805336,California,7/31/16 13:31
1379,1.1,36.087,-117.5993333,California,7/31/16 13:48
1380,1.03,36.0853333,-117.6021667,California,7/31/16 13:49
1381,0.54,34.4311667,-117.9161667,California,7/31/16 13:54
1382,1.47,38.7966667,-122.7775,California,7/31/16 14:00
1383,0.79,38.7956667,-122.7831667,California,7/31/16 14:01
1384,0.88,36.0835,-117.6038333,California,7/31/16 14:03
1386,0.7,40.4156667,-121.4605,California,7/31/16 14:12
1389,1.89,39.2253333,-120.4878333,California,7/31/16 14:23
1391,1.95,33.7035,-116.7296667,California,7/31/16 14:25
1392,1.78,38.81,-122.8131667,California,7/31/16 14:49
1397,0.37,35.9906667,-120.554,California,7/31/16 15:07
1398,1.37,32.9171667,-115.5353333,California,7/31/16 15:10
1399,1.36,32.9163333,-115.5343333,California,7/31/16 15:10
1408,0.92,34.0238333,-117.2205,California,7/31/16 16:22
1413,1.06,37.4163333,-119.0198333,California,7/31/16 16:41
1414,0.93,33.386,-116.3393333,California,7/31/16 16:49
1415,0.59,37.0765,-121.1186667,California,7/31/16 16:51
1421,0.56,38.8346672,-122.8101654,California,7/31/16 17:10
1423,1.6,37.7895,-121.9641667,California,7/31/16 17:12
1427,1,33.9651667,-117.7463333,California,7/31/16 17:26
1428,1.16,36.564,-121.0993333,California,7/31/16 17:26
1432,0.25,38.8315,-122.803,California,7/31/16 17:52
1435,1.12,40.4053333,-121.4636667,California,7/31/16 18:04
1437,1.65,40.4043333,-121.4636667,California,7/31/16 18:09
1439,1.91,33.5336667,-116.6991667,California,7/31/16 18:29
1440,1.11,38.8040009,-122.800499,California,7/31/16 18:45
1444,0.61,36.0085,-117.805,California,7/31/16 19:01
1445,0.75,34.1435,-117.5875,California,7/31/16 19:14
1447,0.74,37.8368333,-122.5813333,California,7/31/16 19:27
1448,0.26,38.812,-122.8236667,California,7/31/16 19:28
1462,0.58,33.4855,-116.4148333,California,7/31/16 20:59
1467,1.38,33.9113333,-117.0293333,California,7/31/16 21:28
1470,1.11,34.4401667,-116.2503333,California,7/31/16 21:37
1478,0.82,33.7225,-116.82,California,7/31/16 22:40
1479,0.8,33.5013333,-116.5325,California,7/31/16 22:48
1480,1.13,36.1731667,-118.0213333,California,7/31/16 22:52
1483,1.27,38.75,-122.8633333,California,7/31/16 23:02
1484,0.25,38.818,-122.8176667,California,7/31/16 23:02
1488,0.64,37.4471667,-119.0801667,California,7/31/16 23:37
1499,0.87,33.037,-116.4418333,California,8/1/16 0:15
1500,1.17,37.3816667,-118.5291667,California,8/1/16 0:17
1502,1.17,36.0835,-117.6015,California,8/1/16 0:21
1510,1.76,38.5073333,-122.4316667,California,8/1/16 1:15
1511,1.72,38.5078333,-122.4275,California,8/1/16 1:16
1512,0.93,37.4628333,-118.7971667,California,8/1/16 1:17
1514,0.5,39.4015,-120.2078,California,8/1/16 1:21
1515,0.78,36.9133333,-121.3333333,California,8/1/16 1:22
1519,0.9,38.7886658,-122.746666,California,8/1/16 1:42
1520,0.43,33.5725,-116.7115,California,8/1/16 1:46
1523,1.56,35.7745,-118.0311667,California,8/1/16 1:57
1524,0.86,38.7794991,-122.7251663,California,8/1/16 2:00
1526,0.98,33.96,-116.93,California,8/1/16 2:09
1533,1.67,37.4526667,-119.6661667,California,8/1/16 2:20
1538,0.22,38.8223333,-122.7771667,California,8/1/16 2:44
1539,0.33,38.7895,-122.7248333,California,8/1/16 2:45
1540,0.9,38.7871666,-122.7471695,California,8/1/16 2:47
1541,1.38,37.5486667,-121.6808333,California,8/1/16 2:50
1548,0.89,38.8258324,-122.7906647,California,8/1/16 3:24
1549,0.22,33.5095,-116.7476667,California,8/1/16 3:25
1551,1.01,38.8221667,-122.7908333,California,8/1/16 3:26
1556,0.86,37.0525,-121.5111667,California,8/1/16 3:43
1561,0.38,33.4738333,-116.4925,California,8/1/16 4:08
1568,1.1,37.1669,-118.4081,California,8/1/16 4:23
1570,1.68,38.8255,-122.7971667,California,8/1/16 4:28
1573,1.87,38.9543333,-122.2048333,California,8/1/16 4:38
1575,0.35,37.5971667,-118.9965,California,8/1/16 4:43
1577,0.57,38.840332,-122.828331,California,8/1/16 4:46
1578,0.79,33.3888333,-116.3545,California,8/1/16 5:02
1579,1.21,33.3883333,-116.3603333,California,8/1/16 5:03
1581,0.36,38.8161667,-122.8523333,California,8/1/16 5:12
1583,1.9,34.8113333,-121.1126667,California,8/1/16 5:17
1585,0.56,36.0121667,-120.5728333,California,8/1/16 5:21
1590,0.1,33.4745,-116.4958333,California,8/1/16 5:45
1593,0.66,35.7475,-121.142,California,8/1/16 6:00
1599,1.27,36.1698333,-118.0213333,California,8/1/16 6:10
1600,0.54,35.769,-117.6218333,California,8/1/16 6:10
1604,0.89,34.0353333,-116.4046667,California,8/1/16 6:54
1605,0.88,38.8255005,-122.8101654,California,8/1/16 6:58
1609,0.3,40.4233333,-121.4453333,California,8/1/16 7:06
1610,1.71,41.7438333,-121.4398333,California,8/1/16 7:10
1615,0.04,37.5865,-118.9546667,California,8/1/16 7:26
1616,1.62,36.618,-121.1496667,California,8/1/16 7:28
1619,1.29,36.0846667,-117.6036667,California,8/1/16 7:35
1629,0.98,38.7885017,-122.7463303,California,8/1/16 8:22
1630,1.19,36.2263333,-120.8058333,California,8/1/16 8:23
1642,0.33,37.6208333,-118.8436667,California,8/1/16 9:06
1649,1.71,38.5221667,-122.4385,California,8/1/16 9:34
1652,0.63,33.252,-116.3966667,California,8/1/16 9:47
1659,1.26,35.8981667,-117.6816667,California,8/1/16 10:13
1661,0.97,34.1331667,-117.4513333,California,8/1/16 10:16
1662,0.05,37.576,-118.8593333,California,8/1/16 10:19
1663,0.82,37.5901667,-118.9343333,California,8/1/16 10:25
1675,0.88,38.8231659,-122.8093338,California,8/1/16 11:04
1677,1.1,38.8256683,-122.7959976,California,8/1/16 11:07
1678,1.77,38.834,-122.7738333,California,8/1/16 11:12
1680,1.09,37.4843333,-118.8031667,California,8/1/16 11:23
1685,0.59,37.5096667,-118.8118333,California,8/1/16 11:49
1692,1.76,34.1195,-116.9223333,California,8/1/16 12:30
1699,1.07,36.6491667,-121.2643333,California,8/1/16 13:00
1700,2.18,38.5088333,-122.4325,California,8/1/16 13:09
1701,0.2,39.258,-120.0793,California,8/1/16 13:09
1703,0.77,37.0203333,-121.2001667,California,8/1/16 13:12
1706,1.79,37.5141667,-118.8283333,California,8/1/16 13:15
1707,0.91,37.5143333,-118.8285,California,8/1/16 13:16
1708,1.35,37.3183333,-122.0993333,California,8/1/16 13:29
1710,2.8,35.7458333,-121.1395,California,8/1/16 13:39
1711,1.88,38.506,-122.4358333,California,8/1/16 13:42
1717,1.18,37.603,-118.9361667,California,8/1/16 13:56
1718,0.42,37.6028333,-118.9366667,California,8/1/16 13:56
1719,1.85,33.8226667,-117.4845,California,8/1/16 14:00
1721,0.7,34.176,-117.4326667,California,8/1/16 14:05
1723,0.66,38.8305016,-122.760498,California,8/1/16 14:08
1724,0.56,38.7915001,-122.7681656,California,8/1/16 14:16
1729,0.54,40.4115,-121.46,California,8/1/16 14:26
1730,0.54,40.4043333,-121.4643333,California,8/1/16 14:30
1733,0.42,37.5596667,-118.8798333,California,8/1/16 14:33
1734,0.91,38.7915001,-122.7689972,California,8/1/16 14:38
1735,1.16,32.9188333,-115.5178333,California,8/1/16 14:40
1737,1.28,34.7821667,-118.9556667,California,8/1/16 14:46
1740,0.63,35.9196667,-120.338,California,8/1/16 14:57
1743,0.34,37.5475,-118.874,California,8/1/16 15:13
1744,0.98,33.6273333,-117.1613333,California,8/1/16 15:21
1745,2.13,36.4963333,-121.0745,California,8/1/16 15:26
1747,1.03,36.4915,-121.077,California,8/1/16 15:31
1748,1.18,34.5595,-118.8246667,California,8/1/16 15:32
1752,1.23,37.515,-118.8288333,California,8/1/16 15:48
1754,1.46,37.5143333,-118.8278333,California,8/1/16 15:50
1758,1.19,35.0593333,-118.3476667,California,8/1/16 16:01
1762,2.02,33.7235,-117.5325,California,8/1/16 16:54
1763,0.67,37.0865,-121.1033333,California,8/1/16 16:58
1777,1.6,33.0588333,-114.986,California,8/1/16 18:00
1779,1.2,34.7893333,-118.9571667,California,8/1/16 18:05
1781,0.89,38.8289986,-122.8061676,California,8/1/16 18:19
1784,0.51,33.7001667,-117.5156667,California,8/1/16 18:32
1785,0.92,33.2921667,-116.268,California,8/1/16 18:40
1790,1.81,37.3041667,-122.088,California,8/1/16 19:19
1791,1.43,35.0416667,-117.677,California,8/1/16 19:32
1792,3.16,38.4408333,-122.5056667,California,8/1/16 19:32
1794,0.65,37.3171667,-118.3311667,California,8/1/16 19:37
1802,0.56,38.8139992,-122.8466644,California,8/1/16 19:57
1808,2.94,38.153,-122.2905,California,8/1/16 20:35
1810,0.61,33.3365,-116.8116667,California,8/1/16 20:39
1811,0.65,37.5515,-118.9046667,California,8/1/16 20:47
1812,2.26,34.0383333,-117.2508333,California,8/1/16 20:48
1815,0.96,38.1456667,-122.2961667,California,8/1/16 20:56
1821,1.2,38.8048333,-122.8323333,California,8/1/16 21:16
1822,0.9,37.112,-117.9007,California,8/1/16 21:39
1824,0.85,33.4765,-116.479,California,8/1/16 21:45
1827,0.8,35.6823333,-121.1153333,California,8/1/16 22:03
1830,1.44,40.3711667,-121.2821667,California,8/1/16 22:26
1831,0.52,37.0311667,-121.191,California,8/1/16 22:27
1834,0.29,33.4938333,-116.5311667,California,8/1/16 22:38
1837,0.22,37.0306667,-121.201,California,8/1/16 22:50
1838,0.57,37.6091667,-118.8878333,California,8/1/16 22:53
1840,0.78,34.0191667,-116.8348333,California,8/1/16 22:58
1846,1.13,35.683,-121.1291667,California,8/1/16 23:45
1847,0.76,33.9316667,-116.7956667,California,8/1/16 23:50
1848,0.88,35.913,-120.3213333,California,8/1/16 23:55
1850,0.84,35.6763333,-121.1155,California,8/1/16 23:56
1851,0.89,38.803833,-122.8193359,California,8/1/16 23:56
1857,1.25,37.3763333,-118.5021667,California,8/2/16 0:22
1858,0.49,33.5398333,-116.6933333,California,8/2/16 0:22
1861,0.44,36.0106667,-120.5763333,California,8/2/16 0:27
1863,0.79,37.454,-118.8136667,California,8/2/16 0:36
1865,0.76,37.4561667,-118.8113333,California,8/2/16 0:40
1866,1.43,36.0203333,-117.776,California,8/2/16 0:51
1867,1.56,39.2835,-123.3203333,California,8/2/16 0:53
1870,1.09,34.1651667,-117.4716667,California,8/2/16 1:07
1871,1.71,35.1251667,-119.2066667,California,8/2/16 1:10
1872,1.19,37.4775,-118.8428333,California,8/2/16 1:10
1875,0.98,36.5765,-121.0688333,California,8/2/16 1:16
1877,0.95,34.0353333,-117.2376667,California,8/2/16 1:30
1879,0.89,37.4576667,-118.8103333,California,8/2/16 1:44
1880,0.94,38.8148346,-122.8186646,California,8/2/16 1:47
1886,1.24,38.5073333,-122.4315,California,8/2/16 2:34
1887,0.53,38.8230019,-122.8041687,California,8/2/16 2:35
1891,1.78,36.4063333,-120.9768333,California,8/2/16 2:51
1895,1.24,37.4556667,-118.8105,California,8/2/16 3:22
1897,0.1,39.8142,-120.7374,California,8/2/16 3:29
1906,1.76,40.118,-122.184,California,8/2/16 4:10
1909,0.83,36.0493333,-120.6266667,California,8/2/16 4:37
1910,0.8,32.8918333,-116.2703333,California,8/2/16 4:38
1915,0.76,38.8105011,-122.8156662,California,8/2/16 5:05
1918,0.76,33.9361667,-117.8305,California,8/2/16 5:12
1919,1.61,37.7771667,-122.2003333,California,8/2/16 5:20
1922,1.21,33.1546667,-115.6241667,California,8/2/16 5:23
1928,0.72,33.6491667,-116.759,California,8/2/16 5:40
1929,0.7,40.3525,-120.5801,California,8/2/16 5:41
1930,0.6,36.1651,-117.3692,California,8/2/16 6:02
1931,0.69,34.1625,-116.4321667,California,8/2/16 6:05
1932,1.83,35.7806667,-121.3461667,California,8/2/16 6:10
1934,1.03,33.9436667,-116.8446667,California,8/2/16 6:25
1935,1.92,36.3916667,-120.2513333,California,8/2/16 6:30
1936,0.72,40.247,-121.657,California,8/2/16 6:47
1937,0.76,37.4108333,-118.4226667,California,8/2/16 6:49
1939,1.44,33.6465,-116.7183333,California,8/2/16 6:56
1940,0.78,38.8263321,-122.8424988,California,8/2/16 7:06
1941,0.81,32.9755,-116.3768333,California,8/2/16 7:17
1942,0.63,33.2485,-116.3858333,California,8/2/16 7:19
1943,3.74,40.1411667,-120.2295,California,8/2/16 7:31
1944,1.1,40.1404,-120.2228,California,8/2/16 7:34
1945,1.62,40.1398333,-120.227,California,8/2/16 7:35
1946,1.39,40.1033333,-120.2526667,California,8/2/16 7:37
1947,1.66,40.1345,-120.2276667,California,8/2/16 7:39
1949,1.61,40.1371667,-120.225,California,8/2/16 7:44
1951,0.4,33.6365,-116.7271667,California,8/2/16 7:47
1952,0.1,40.1404,-120.2241,California,8/2/16 7:51
1953,0.3,40.1438,-120.2232,California,8/2/16 8:03
1954,0.56,33.9466667,-116.8305,California,8/2/16 8:05
1955,0.8,40.135,-120.2206,California,8/2/16 8:09
1959,1.52,37.7775,-122.2,California,8/2/16 8:22
1960,1.13,37.7785,-122.1983333,California,8/2/16 8:24
1965,1.84,40.1376667,-120.2275,California,8/2/16 8:47
1966,0.75,38.7973328,-122.7631683,California,8/2/16 8:52
1967,1.58,40.138,-120.2258333,California,8/2/16 8:57
1970,1.07,35.542,-120.8226667,California,8/2/16 9:22
1974,0.6,40.1399,-120.2241,California,8/2/16 9:30
1975,1.21,37.4548333,-118.8121667,California,8/2/16 9:33
1977,0.64,33.6598333,-116.7585,California,8/2/16 9:39
1978,1.78,35.7831667,-121.3395,California,8/2/16 9:39
1979,0.98,37.4551667,-118.8108333,California,8/2/16 9:47
1981,0.79,34.118,-116.9291667,California,8/2/16 9:52
1983,0.71,40.5573333,-121.7933333,California,8/2/16 10:02
1984,1.18,38.8358345,-122.8054962,California,8/2/16 10:18
1990,0.36,37.4193333,-118.4418333,California,8/2/16 10:41
1991,0.8,33.9393333,-116.8258333,California,8/2/16 10:46
1993,1.42,37.0503333,-121.1951667,California,8/2/16 10:56
1997,0.89,38.8059998,-122.8161697,California,8/2/16 11:24
1999,0.98,37.9045,-118.5903333,California,8/2/16 11:29
2000,1.02,37.5193333,-118.8901667,California,8/2/16 11:35
2002,0.82,33.2481667,-116.3143333,California,8/2/16 12:13
2004,0.84,33.952,-116.3238333,California,8/2/16 12:30
2006,1.2,34.0353333,-116.3205,California,8/2/16 12:48
2010,0.82,33.2241667,-116.734,California,8/2/16 13:22
2011,1.25,37.3223333,-122.1036667,California,8/2/16 13:32
2020,0.97,32.5718333,-117.214,California,8/2/16 14:05
2023,0.97,34.2558333,-116.4351667,California,8/2/16 14:21
2031,1.33,34.996,-118.196,California,8/2/16 15:06
2032,2.09,37.5105,-121.8053333,California,8/2/16 15:06
2033,0.42,33.5718333,-116.7145,California,8/2/16 15:08
2034,0.18,38.8093333,-122.7855,California,8/2/16 15:08
2040,1,33.8463333,-117.4886667,California,8/2/16 15:27
2042,1.32,32.7675,-116.8935,California,8/2/16 15:32
2048,0.53,38.7771683,-122.7556686,California,8/2/16 15:53
2050,0.87,37.5888333,-118.934,California,8/2/16 16:01
2053,1,40.1435,-120.2178,California,8/2/16 16:23
2056,1.8,40.1398333,-120.2281667,California,8/2/16 16:38
2057,0.88,38.8241653,-122.8028336,California,8/2/16 16:45
2058,1.25,35.9711667,-120.5378333,California,8/2/16 16:49
2059,1.18,33.1121667,-117.1556667,California,8/2/16 16:49
2062,1.32,34.3398333,-116.8885,California,8/2/16 17:12
2063,0.25,40.4725,-121.5321667,California,8/2/16 17:12
2073,1.62,40.2543333,-121.146,California,8/2/16 17:49
2074,0.66,37.532,-118.8926667,California,8/2/16 17:55
2076,1.7,36.5511667,-121.1453333,California,8/2/16 18:10
2078,0.78,36.0401667,-120.5981667,California,8/2/16 18:14
2085,0.57,38.8445015,-122.8308334,California,8/2/16 18:53
2087,0.63,36.0825,-117.6253333,California,8/2/16 19:15
2089,1.24,37.4545,-118.8123333,California,8/2/16 19:23
2090,0.44,38.8085,-122.8241667,California,8/2/16 19:24
2091,1.8,35.0403333,-117.6735,California,8/2/16 19:24
2100,1.5,39.2223,-120.9631,California,8/2/16 19:52
2107,2.21,35.4811667,-118.301,California,8/2/16 20:54
2108,1.7,40.4746667,-121.5286667,California,8/2/16 20:57
2109,1.3,35.486,-118.3121667,California,8/2/16 20:57
2110,0.49,40.471,-121.5323333,California,8/2/16 21:04
2117,2.19,40.2973333,-124.5633333,California,8/2/16 22:09
2118,1.94,33.038,-116.4476667,California,8/2/16 22:19
2121,1.28,33.9396667,-117.9078333,California,8/2/16 22:34
2126,0.89,38.8238335,-122.8424988,California,8/2/16 22:54
2135,1.95,36.1291667,-120.1716667,California,8/2/16 23:34
2137,1.3,33.4721667,-116.4893333,California,8/2/16 23:41
2138,0.42,33.4771667,-116.492,California,8/2/16 23:42
2139,0.95,34.0145,-116.3225,California,8/2/16 23:42
2140,0.79,35.8186667,-117.7866667,California,8/2/16 23:44
2145,1.07,33.0368333,-116.4455,California,8/3/16 0:07
2147,0.69,33.9346667,-116.7318333,California,8/3/16 0:11
2150,0.97,38.8176651,-122.8118362,California,8/3/16 0:16
2153,0.69,35.8616667,-120.4071667,California,8/3/16 0:49
2154,0.4,37.1218,-117.9098,California,8/3/16 1:01
2156,0.73,33.2513333,-116.3998333,California,8/3/16 1:14
2158,1.46,38.7446667,-122.6945,California,8/3/16 1:22
2159,0.89,33.2518333,-116.404,California,8/3/16 1:23
2162,1.44,34.1213333,-116.9265,California,8/3/16 1:28
2164,0.82,34.125,-116.9243333,California,8/3/16 1:30
2167,0.35,33.691,-116.7291667,California,8/3/16 1:36
2168,0.3,37.5988333,-118.9371667,California,8/3/16 1:37
2177,0.98,38.8106651,-122.8215027,California,8/3/16 2:24
2178,0.56,38.8323326,-122.8006668,California,8/3/16 2:24
2179,1.86,33.874,-117.1038333,California,8/3/16 2:30
2180,0.57,38.7928352,-122.7496643,California,8/3/16 2:31
2182,0.3,37.5983333,-118.9976667,California,8/3/16 2:40
2190,0.93,33.1666667,-116.3811667,California,8/3/16 3:35
2191,0.59,33.6426667,-116.7191667,California,8/3/16 3:41
2196,0.88,38.7886658,-122.7506638,California,8/3/16 4:00
2200,0.92,35.6796667,-121.126,California,8/3/16 4:09
2203,1.08,37.641,-118.9293333,California,8/3/16 4:16
2204,1.06,38.8093338,-122.8130035,California,8/3/16 4:27
2207,0.64,33.4816667,-116.4486667,California,8/3/16 4:51
2208,0.68,34.2943333,-117.001,California,8/3/16 4:51
2210,0.88,38.7944984,-122.7819977,California,8/3/16 4:58
2211,0.4,35.7741,-116.6709,California,8/3/16 4:59
2212,0.86,33.2166667,-116.1763333,California,8/3/16 5:15
2215,1.87,37.4128333,-121.7573333,California,8/3/16 5:45
2219,0.01,37.653,-118.9401667,California,8/3/16 5:58
2220,0.9,33.2355,-116.7656667,California,8/3/16 6:00
2223,0.18,37.6536667,-118.9425,California,8/3/16 6:09
2228,0.8,33.7041667,-116.7348333,California,8/3/16 6:27
2235,0.94,34.0155,-117.1093333,California,8/3/16 6:54
2239,0.67,37.4825,-118.8113333,California,8/3/16 7:07
2243,0.56,33.764,-115.9046667,California,8/3/16 7:22
2244,0.98,33.1978333,-115.6433333,California,8/3/16 7:22
2246,0.61,34.1181667,-116.928,California,8/3/16 7:36
2251,1.24,34.5181667,-119.1043333,California,8/3/16 7:57
2252,0.67,37.5295,-118.8965,California,8/3/16 7:57
2257,0.97,36.0658333,-120.6371667,California,8/3/16 8:13
2259,0.43,33.5401667,-116.6936667,California,8/3/16 8:27
2263,0.76,33.7728333,-115.9165,California,8/3/16 8:58
2277,1.07,33.458,-116.448,California,8/3/16 10:00
2283,0.96,34.0998333,-116.9721667,California,8/3/16 10:36
2286,1.18,35.5581667,-118.4176667,California,8/3/16 10:51
2298,0.48,37.3796667,-118.52,California,8/3/16 11:22
2300,1.86,40.1558333,-120.209,California,8/3/16 11:31
2309,0.72,37.5126667,-118.8298333,California,8/3/16 12:02
2310,1.12,33.2701667,-116.655,California,8/3/16 12:04
2311,1.21,36.6861667,-121.3271667,California,8/3/16 12:10
2312,1.11,34.0338333,-117.2383333,California,8/3/16 12:12
2317,1.56,35.712,-121.084,California,8/3/16 12:36
2319,0.98,32.702,-115.7746667,California,8/3/16 12:42
2320,0.75,33.9395,-116.7355,California,8/3/16 12:43
2321,0.75,36.7471667,-121.4411667,California,8/3/16 12:53
2322,0.25,38.8345,-122.8075,California,8/3/16 12:54
2324,1.4,36.5876667,-121.4175,California,8/3/16 13:04
2325,0.76,33.6746667,-116.6773333,California,8/3/16 13:04
2326,0.7,33.9466667,-116.7406667,California,8/3/16 13:08
2329,0.14,40.475,-121.515,California,8/3/16 13:22
2330,1.27,33.7656667,-115.9128333,California,8/3/16 13:24
2331,1.47,34.6736667,-120.7716667,California,8/3/16 13:29
2334,0.8,38.0897,-118.8836,California,8/3/16 13:45
2342,1.27,38.7466667,-122.7225,California,8/3/16 14:40
2347,1.76,36.8933333,-121.6213333,California,8/3/16 14:55
2354,0.5,36.9173,-117.6653,California,8/3/16 15:43
2356,0.41,33.6055,-116.675,California,8/3/16 15:49
2357,1.28,38.8113333,-122.8211667,California,8/3/16 15:50
2358,0.72,37.537,-118.8246667,California,8/3/16 15:57
2359,1.19,33.7665,-115.9101667,California,8/3/16 16:01
2360,1,33.7635,-115.9023333,California,8/3/16 16:03
2363,1.07,33.766,-115.9076667,California,8/3/16 16:29
2364,1.1,33.7611667,-115.9066667,California,8/3/16 16:29
2369,0.95,38.836834,-122.7958298,California,8/3/16 17:18
2373,0.8,33.254,-116.3976667,California,8/3/16 17:38
2381,0.65,33.5235,-116.7331667,California,8/3/16 18:19
2392,0.62,33.6071667,-117.1475,California,8/3/16 19:05
2395,0.89,38.7943344,-122.7803345,California,8/3/16 19:19
2404,0.51,37.6058333,-118.921,California,8/3/16 19:55
2418,0.88,38.8204994,-122.824501,California,8/3/16 21:23
2420,1.03,34.0625,-117.2606667,California,8/3/16 21:49
2421,0.78,34.0626667,-117.2601667,California,8/3/16 22:06
2422,1.23,33.7695,-115.9075,California,8/3/16 22:07
2423,0.76,34.0616667,-117.2591667,California,8/3/16 22:07
2425,1.29,33.5086667,-116.7581667,California,8/3/16 22:24
2426,0.88,33.7701667,-117.4433333,California,8/3/16 22:28
2433,1.32,34.0181667,-116.7688333,California,8/3/16 23:10
2435,0.82,33.9018333,-116.8271667,California,8/3/16 23:14
2439,0.95,33.7656667,-115.9076667,California,8/4/16 0:01
2442,2.96,38.7776667,-122.7548333,California,8/4/16 0:18
2444,1.15,38.7783318,-122.7559967,California,8/4/16 0:19
2445,0.69,38.8261681,-122.8450012,California,8/4/16 0:22
2447,0.99,38.7781677,-122.7559967,California,8/4/16 0:27
2452,0.8,37.1007,-117.9046,California,8/4/16 0:44
2453,0.62,33.632,-116.6795,California,8/4/16 0:45
2456,4.48,40.1538333,-120.2131667,California,8/4/16 0:55
2457,2.6,40.1546667,-120.2011667,California,8/4/16 0:58
2458,3.99,40.1506667,-120.2153333,California,8/4/16 0:58
2459,2.2,40.1423,-120.213,California,8/4/16 1:00
2461,1.58,40.1243333,-120.2336667,California,8/4/16 1:02
2462,1.1,40.1448,-120.2322,California,8/4/16 1:03
2463,1.2,40.1354,-120.2159,California,8/4/16 1:04
2464,1,40.1422,-120.211,California,8/4/16 1:05
2465,1,40.1334,-120.2079,California,8/4/16 1:06
2466,1,40.1382,-120.215,California,8/4/16 1:06
2467,1,40.1377,-120.215,California,8/4/16 1:06
2468,1,40.1378,-120.2205,California,8/4/16 1:07
2469,1.63,40.1281667,-120.2205,California,8/4/16 1:09
2470,2.8,40.1531667,-120.1905,California,8/4/16 1:11
2471,0.59,33.6381667,-116.7543333,California,8/4/16 1:13
2473,1.1,40.1357,-120.2233,California,8/4/16 1:14
2474,0.8,40.1397,-120.2159,California,8/4/16 1:14
2475,2.01,40.1335,-120.2175,California,8/4/16 1:15
2476,0.7,40.1349,-120.2095,California,8/4/16 1:16
2477,1,40.1373,-120.2169,California,8/4/16 1:16
2478,0.1,40.1355,-120.2091,California,8/4/16 1:17
2479,1.63,40.1273333,-120.2088333,California,8/4/16 1:18
2480,0.56,38.8263321,-122.8241653,California,8/4/16 1:21
2481,0.9,40.1385,-120.217,California,8/4/16 1:21
2482,0.7,40.1349,-120.2231,California,8/4/16 1:21
2483,0.2,40.135,-120.2132,California,8/4/16 1:22
2484,0.9,40.1341,-120.2109,California,8/4/16 1:22
2485,1.6,40.1258333,-120.227,California,8/4/16 1:23
2486,1,40.1421,-120.2195,California,8/4/16 1:24
2487,0.4,40.1351,-120.208,California,8/4/16 1:25
2488,0.7,40.1353,-120.2164,California,8/4/16 1:26
2489,0.7,40.1362,-120.2121,California,8/4/16 1:27
2490,0.8,40.1378,-120.2124,California,8/4/16 1:28
2492,0.6,40.1357,-120.2147,California,8/4/16 1:28
2494,0.6,40.136,-120.2137,California,8/4/16 1:29
2495,0.4,40.1372,-120.2119,California,8/4/16 1:29
2496,0.3,40.1344,-120.2116,California,8/4/16 1:30
2497,0.5,40.1393,-120.2149,California,8/4/16 1:32
2498,0.4,40.1397,-120.2204,California,8/4/16 1:33
2499,0.6,40.1358,-120.2067,California,8/4/16 1:34
2500,0.7,40.1429,-120.2201,California,8/4/16 1:34
2501,0.9,40.1356,-120.2039,California,8/4/16 1:35
2502,0.8,40.1369,-120.2136,California,8/4/16 1:36
2503,0.3,40.1361,-120.2205,California,8/4/16 1:38
2504,0.3,40.1381,-120.2207,California,8/4/16 1:38
2505,1,40.1352,-120.2133,California,8/4/16 1:39
2506,0.8,40.1373,-120.2184,California,8/4/16 1:39
2507,1.83,37.5831667,-118.862,California,8/4/16 1:41
2508,1.95,40.1358333,-120.2106667,California,8/4/16 1:42
2510,2.49,40.1533333,-120.2138333,California,8/4/16 1:45
2511,0.6,40.1445,-120.2319,California,8/4/16 1:49
2512,1.78,40.1258333,-120.2228333,California,8/4/16 1:49
2513,0.5,40.1375,-120.2118,California,8/4/16 1:50
2514,0.1,37.4136,-117.9229,California,8/4/16 1:51
2515,1.16,37.6663333,-122.5108333,California,8/4/16 1:53
2516,0.3,40.138,-120.2189,California,8/4/16 1:53
2519,1.6,40.1285,-120.2301667,California,8/4/16 1:59
2520,0.7,40.1381,-120.2187,California,8/4/16 2:01
2521,0.3,40.1359,-120.2119,California,8/4/16 2:02
2523,0.7,40.1432,-120.2133,California,8/4/16 2:08
2524,0.7,40.1382,-120.2083,California,8/4/16 2:08
2526,0.6,40.1371,-120.218,California,8/4/16 2:10
2527,1,40.1397,-120.2187,California,8/4/16 2:11
2530,0.4,40.1248,-120.2092,California,8/4/16 2:13
2532,0.09,37.5838333,-118.8575,California,8/4/16 2:20
2533,0.6,40.1385,-120.2202,California,8/4/16 2:21
2536,0.3,40.1384,-120.2175,California,8/4/16 2:23
2538,1.49,40.1215,-120.2171667,California,8/4/16 2:25
2539,0.7,40.1458,-120.2217,California,8/4/16 2:31
2541,0.4,40.1359,-120.2125,California,8/4/16 2:34
2542,0.1,40.1479,-120.2162,California,8/4/16 2:35
2543,1.53,40.125,-120.2295,California,8/4/16 2:36
2545,2.21,40.1246667,-120.2245,California,8/4/16 2:40
2547,0.3,40.1447,-120.2206,California,8/4/16 2:44
2548,0.3,40.1383,-120.2202,California,8/4/16 2:45
2549,0.2,40.1384,-120.2089,California,8/4/16 2:47
2550,0.8,40.1391,-120.2228,California,8/4/16 2:49
2551,0.1,40.1347,-120.2149,California,8/4/16 2:50
2552,0.6,40.1383,-120.2161,California,8/4/16 2:51
2554,0.5,33.4741667,-116.4851667,California,8/4/16 2:53
2556,0.3,40.1385,-120.2172,California,8/4/16 2:59
2557,0.6,40.1365,-120.2212,California,8/4/16 3:01
2558,0.4,40.1372,-120.221,California,8/4/16 3:03
2559,0.7,40.1346,-120.2191,California,8/4/16 3:11
2560,0.2,40.1329,-120.2165,California,8/4/16 3:13
2561,0.72,34.2088333,-117.5545,California,8/4/16 3:20
2562,0.3,40.138,-120.2167,California,8/4/16 3:23
2564,0.6,40.1454,-120.2205,California,8/4/16 3:29
2565,0.1,35.7287,-117.0437,California,8/4/16 3:29
2566,0.2,40.1381,-120.2075,California,8/4/16 3:30
2568,0.4,40.1403,-120.2111,California,8/4/16 3:31
2569,0.5,40.1395,-120.2191,California,8/4/16 3:33
2570,0.3,40.1334,-120.2117,California,8/4/16 3:35
2571,0.1,40.1466,-120.2183,California,8/4/16 3:38
2572,1.09,33.768,-115.9106667,California,8/4/16 3:38
2574,0.2,40.1378,-120.2204,California,8/4/16 3:42
2575,0.5,40.1405,-120.2229,California,8/4/16 3:49
2576,0.22,37.5898333,-119.0015,California,8/4/16 3:50
2577,0.55,33.2431667,-116.7955,California,8/4/16 3:59
2579,0.3,40.1575,-120.2146,California,8/4/16 4:06
2582,0.5,40.1532,-120.2271,California,8/4/16 4:12
2583,0.2,40.1557,-120.2117,California,8/4/16 4:21
2584,0.57,38.8408318,-122.8266678,California,8/4/16 4:24
2585,1.08,38.8409996,-122.8271637,California,8/4/16 4:25
2586,0.7,40.1346,-120.214,California,8/4/16 4:28
2587,0.1,40.1385,-120.2199,California,8/4/16 4:30
2588,0.1,37.5955,-118.8645,California,8/4/16 4:31
2589,0.9,40.1461,-120.2205,California,8/4/16 4:33
2591,0.1,40.1447,-120.2184,California,8/4/16 4:34
2592,0.3,40.1423,-120.211,California,8/4/16 4:48
2594,0.8,40.1381,-120.2204,California,8/4/16 4:52
2595,1.24,41.546,-122.2926667,California,8/4/16 4:55
2597,2.32,34.225,-117.4558333,California,8/4/16 5:05
2598,1.75,40.134,-120.225,California,8/4/16 5:10
2599,1,40.1254,-120.215,California,8/4/16 5:12
2600,0.84,37.6016667,-118.8106667,California,8/4/16 5:12
2601,1.18,40.1545,-121.2973333,California,8/4/16 5:13
2602,0.81,35.6841667,-121.1273333,California,8/4/16 5:14
2603,0.6,40.1409,-120.2109,California,8/4/16 5:23
2605,0.53,38.8028336,-122.7376633,California,8/4/16 5:34
2606,1.37,38.0538333,-118.9323333,California,8/4/16 5:34
2607,0.3,40.1394,-120.2194,California,8/4/16 5:37
2609,0.89,38.8160019,-122.8160019,California,8/4/16 5:45
2610,0.6,40.1231,-120.2141,California,8/4/16 5:46
2611,0.9,40.1307,-120.2155,California,8/4/16 5:51
2613,0.6,40.1333,-120.2154,California,8/4/16 5:57
2618,3.31,40.1516667,-120.2126667,California,8/4/16 6:13
2620,0.3,40.1445,-120.2121,California,8/4/16 6:22
2621,0.53,33.3946667,-116.4323333,California,8/4/16 6:22
2622,0.82,33.395,-116.4321667,California,8/4/16 6:23
2623,0.3,40.1337,-120.2164,California,8/4/16 6:24
2625,1.45,40.1295,-120.218,California,8/4/16 6:36
2626,0.4,40.1344,-120.2169,California,8/4/16 6:38
2628,0.3,40.1365,-120.2068,California,8/4/16 6:39
2631,1,40.1404,-120.224,California,8/4/16 6:58
2632,0.4,40.1428,-120.2163,California,8/4/16 7:03
2636,0.49,33.6908333,-116.764,California,8/4/16 7:15
2638,1.5,34.0046667,-118.336,California,8/4/16 7:25
2639,1.11,33.9968333,-118.351,California,8/4/16 7:27
2640,1.82,40.1283333,-120.2206667,California,8/4/16 7:30
2643,1.48,40.1323333,-120.2248333,California,8/4/16 7:44
2649,0.34,35.9655,-120.6246667,California,8/4/16 8:18
2650,0.8,40.1263,-120.2158,California,8/4/16 8:21
2651,0.55,38.8183327,-122.8126678,California,8/4/16 8:25
2652,1.52,40.2236667,-120.3278333,California,8/4/16 8:29
2653,0.5,40.1468,-120.2248,California,8/4/16 8:31
2655,0.9,40.1328,-120.2218,California,8/4/16 8:42
2656,0.1,40.1372,-120.2152,California,8/4/16 8:43
2657,0.3,38.8346667,-122.7658333,California,8/4/16 8:43
2659,0.47,34.5175,-118.1093333,California,8/4/16 8:50
2662,2.36,37.4003333,-118.3761667,California,8/4/16 8:53
2663,0.91,38.8170013,-122.8048325,California,8/4/16 8:53
2667,1.28,33.7681667,-115.912,California,8/4/16 9:15
2668,0.3,40.1326,-120.2236,California,8/4/16 9:16
2671,0.86,33.768,-115.9173333,California,8/4/16 9:30
2672,0.3,40.1404,-120.2206,California,8/4/16 9:35
2673,0.6,40.1337,-120.2145,California,8/4/16 9:36
2674,1.26,33.7661667,-115.9101667,California,8/4/16 9:39
2675,1.21,33.7686667,-115.9128333,California,8/4/16 9:39
2676,0.05,37.587,-118.8416667,California,8/4/16 9:39
2680,0.6,40.1394,-120.2179,California,8/4/16 10:09
2682,0.84,33.8758333,-116.2046667,California,8/4/16 10:14
2686,2.08,40.1556667,-120.2061667,California,8/4/16 10:26
2687,0.51,36.7658333,-121.45,California,8/4/16 10:37
2690,2.13,36.5781667,-121.1721667,California,8/4/16 10:57
2697,0.2,40.136,-120.217,California,8/4/16 11:32
2698,1.14,38.7976685,-122.7334976,California,8/4/16 11:36
2699,1.11,38.8471667,-122.8501667,California,8/4/16 11:39
2701,0.6,38.8093333,-122.8276667,California,8/4/16 11:40
2702,0.22,38.8498333,-122.8516667,California,8/4/16 11:41
2703,0.1,40.1436,-120.2206,California,8/4/16 11:41
2706,1.31,37.459,-121.7866667,California,8/4/16 11:42
2707,1.39,34.0156667,-118.3473333,California,8/4/16 11:43
2708,0.66,38.8501667,-122.8508333,California,8/4/16 11:47
2710,1.06,38.8523331,-122.807663,California,8/4/16 11:53
2711,2.05,40.1573333,-120.1926667,California,8/4/16 11:55
2712,0.89,38.8515015,-122.8515015,California,8/4/16 11:58
2717,0.71,34.0685,-117.2498333,California,8/4/16 12:13
2719,2.2,37.5519,-117.8818,California,8/4/16 12:23
2721,0.16,37.602,-118.8736667,California,8/4/16 12:27
2722,0.6,40.1389,-120.2196,California,8/4/16 12:27
2723,1.61,40.1345,-120.2085,California,8/4/16 12:33
2726,1.3,40.152,-120.2141,California,8/4/16 13:02
2728,1.54,37.3243333,-122.1036667,California,8/4/16 13:15
2729,0.2,40.1326,-120.211,California,8/4/16 13:19
2734,1.68,34.067,-117.2716667,California,8/4/16 13:36
2739,0.2,40.1432,-120.2199,California,8/4/16 14:19
2740,1.93,33.3266667,-116.8483333,California,8/4/16 14:21
2743,0.3,40.1369,-120.2175,California,8/4/16 14:35
2745,0.3,40.1372,-120.2205,California,8/4/16 14:44
2746,0.8,40.1502,-120.2235,California,8/4/16 14:49
2747,1.22,38.8041667,-122.8158333,California,8/4/16 15:00
2749,1.4,37.5505,-117.8768,California,8/4/16 15:00
2753,1.25,33.5023333,-116.5306667,California,8/4/16 15:45
2754,1.25,33.7673333,-115.9065,California,8/4/16 15:52
2756,1.74,38.5963333,-122.6206667,California,8/4/16 15:58
2759,0.65,40.2948333,-121.3523333,California,8/4/16 16:24
2760,0.77,38.8330002,-122.8748322,California,8/4/16 16:32
2761,0.67,33.5016667,-116.5308333,California,8/4/16 16:33
2762,0.74,33.8798333,-116.8526667,California,8/4/16 16:45
2764,0.77,38.7983322,-122.8154984,California,8/4/16 16:50
2765,1.4,33.7698333,-115.9101667,California,8/4/16 16:53
2769,1.11,35.9621667,-117.919,California,8/4/16 17:00
2772,1.54,37.5733333,-118.8631667,California,8/4/16 17:10
2773,0.77,37.5728333,-118.8603333,California,8/4/16 17:10
2774,0.66,37.6401667,-118.93,California,8/4/16 17:12
2776,1.22,33.765,-115.908,California,8/4/16 17:29
2777,1.26,33.7568333,-115.929,California,8/4/16 17:29
2778,1.4,33.7636667,-115.9123333,California,8/4/16 17:30
2779,1.53,33.766,-115.9108333,California,8/4/16 17:31
2786,0.57,33.4963333,-116.9301667,California,8/4/16 18:17
2789,0.95,37.2893333,-121.623,California,8/4/16 18:31
2794,0.82,38.8128319,-122.8079987,California,8/4/16 19:00
2796,0.77,38.8076668,-122.7973328,California,8/4/16 19:05
2797,0.85,36.5496667,-121.0636667,California,8/4/16 19:06
2804,0.9,40.1402,-120.2197,California,8/4/16 19:35
2806,1.73,37.5818333,-118.8635,California,8/4/16 19:42
2808,0.22,37.606,-118.9761667,California,8/4/16 19:50
2812,1.05,37.2801667,-121.6656667,California,8/4/16 20:19
2815,1.1,40.1381,-120.2196,California,8/4/16 20:57
2820,0.5,40.134,-120.2122,California,8/4/16 21:07
2822,0.25,37.5831667,-118.8561667,California,8/4/16 21:12
2824,0.77,37.5466667,-118.8718333,California,8/4/16 21:15
2826,0.7,34.3301667,-117.5833333,California,8/4/16 21:28
2828,0.97,33.3531667,-116.243,California,8/4/16 21:47
2830,1.12,33.7683333,-115.9145,California,8/4/16 21:52
2831,1.68,33.7705,-115.9145,California,8/4/16 21:52
2832,1.18,33.7683333,-115.9128333,California,8/4/16 21:52
2833,1.43,33.7646667,-115.913,California,8/4/16 21:54
2834,1.43,35.6666667,-118.4663333,California,8/4/16 21:56
2835,0.65,33.352,-116.2418333,California,8/4/16 22:02
2836,1.1,40.1371,-120.2178,California,8/4/16 22:05
2837,0.2,40.1375,-120.2186,California,8/4/16 22:06
2842,0.9,37.9986,-118.1192,California,8/4/16 22:21
2843,1.2,40.1339,-120.2169,California,8/4/16 22:29
2844,0.38,33.4723333,-116.4836667,California,8/4/16 22:33
2853,1.08,34.3145,-118.2941667,California,8/4/16 23:50
2854,0.31,37.5385,-118.8865,California,8/4/16 23:50
2855,1.79,39.4668333,-123.2783333,California,8/4/16 23:53
2856,2.25,38.79,-122.7275,California,8/4/16 23:53
2857,0.3,40.1333,-120.2167,California,8/4/16 23:56
2858,0.3,40.1405,-120.223,California,8/4/16 23:57
2860,0.2,40.1452,-120.2803,California,8/5/16 0:12
2861,0.38,37.6341667,-119.0388333,California,8/5/16 0:20
2869,0.1,40.1375,-120.2044,California,8/5/16 1:12
2871,1.16,34.2221667,-117.456,California,8/5/16 1:17
2873,0.63,33.356,-116.4176667,California,8/5/16 1:26
2874,1.8,33.7653333,-115.9115,California,8/5/16 1:26
2877,0.4,40.1385,-120.2161,California,8/5/16 1:30
2878,0.17,38.8211667,-122.8376667,California,8/5/16 1:39
2881,0.62,37.5841667,-118.8638333,California,8/5/16 1:54
2884,0.3,40.152,-120.2143,California,8/5/16 2:12
2888,1.82,38.8071667,-122.801,California,8/5/16 2:30
2889,0.52,33.7315,-116.8378333,California,8/5/16 2:39
2890,0.72,33.0548333,-116.4953333,California,8/5/16 2:43
2892,0.37,37.5723333,-118.856,California,8/5/16 2:45
2894,0.83,34.309,-117.4943333,California,8/5/16 2:54
2895,0.6,40.1447,-120.2167,California,8/5/16 2:58
2897,1.67,36.6788333,-121.3041667,California,8/5/16 3:14
2898,0.86,33.5311667,-116.46,California,8/5/16 3:14
2899,1.56,33.7648333,-115.9045,California,8/5/16 3:29
2900,0.3,40.1387,-120.2142,California,8/5/16 3:35
2901,0.45,37.5505,-118.8711667,California,8/5/16 3:42
2902,1.09,34.3793333,-116.4596667,California,8/5/16 3:44
2903,1.29,34.3813333,-116.46,California,8/5/16 3:44
2904,0.7,40.1404,-120.2208,California,8/5/16 3:48
2906,1.09,37.2808333,-118.3576667,California,8/5/16 3:56
2907,0.62,37.5525,-118.8818333,California,8/5/16 4:16
2908,0.24,33.4986667,-116.4996667,California,8/5/16 4:30
2910,1.6,37.1223333,-121.1386667,California,8/5/16 4:39
2911,0.52,33.9191667,-116.8741667,California,8/5/16 5:00
2912,0.56,38.8188324,-122.8228302,California,8/5/16 5:13
2914,0.56,38.8426666,-122.8375015,California,8/5/16 5:25
2915,0.65,33.0176667,-116.3495,California,8/5/16 5:35
2918,1.03,38.831501,-122.8568344,California,8/5/16 5:42
2920,0.4,33.5006667,-116.4283333,California,8/5/16 5:55
2921,1.38,33.0165,-116.3548333,California,8/5/16 6:05
2922,0.62,33.2568333,-116.3998333,California,8/5/16 6:06
2923,0.89,33.9758333,-117.1291667,California,8/5/16 6:13
2924,0.49,33.6685,-116.7175,California,8/5/16 6:13
2925,1.41,33.7685,-115.9115,California,8/5/16 6:30
2926,1.02,37.4708333,-118.5196667,California,8/5/16 6:49
2930,0.91,33.706,-116.7271667,California,8/5/16 7:39
2933,0.1,40.1357,-120.2168,California,8/5/16 7:59
2934,0.25,37.6478333,-118.8085,California,8/5/16 8:08
2935,1.2,40.1376,-120.2205,California,8/5/16 8:15
2937,0.7,38.8073349,-122.7405014,California,8/5/16 8:39
2939,1.12,38.8346667,-122.791,California,8/5/16 9:01
2940,1.14,34.9671667,-118.595,California,8/5/16 9:05
2941,0.55,38.803833,-122.8181686,California,8/5/16 9:12
2943,1.1,38.8366661,-122.8296661,California,8/5/16 9:32
2944,1.6,40.1268333,-120.2258333,California,8/5/16 9:32
2945,1.39,36.4563333,-121.0175,California,8/5/16 9:35
2948,1.1,38.8065,-122.8186667,California,8/5/16 9:40
2953,1.2,36.773,-121.3856667,California,8/5/16 9:55
2956,0.73,38.8398333,-122.8365,California,8/5/16 10:08
2959,1.13,33.9538333,-116.8353333,California,8/5/16 10:17
2962,1.27,33.331,-116.2685,California,8/5/16 10:43
2964,1.1,33.7658333,-115.9071667,California,8/5/16 11:02
2966,2.45,33.1505,-115.996,California,8/5/16 11:21
2969,1.29,36.0338333,-120.5936667,California,8/5/16 11:30
2971,3.05,34.5356667,-119.9645,California,8/5/16 11:45
2972,0.6,38.7651667,-122.7326667,California,8/5/16 12:04
2974,1.04,33.6253333,-117.3348333,California,8/5/16 12:20
2975,0.87,33.6816667,-116.7195,California,8/5/16 12:33
2976,1.3,40.1421,-120.2157,California,8/5/16 12:35
2980,1.12,33.8613333,-116.8441667,California,8/5/16 12:58
2981,0.8,40.1349,-120.2147,California,8/5/16 13:00
2984,1.53,35.0451667,-118.3261667,California,8/5/16 13:34
2985,0.18,37.6323333,-118.9245,California,8/5/16 13:37
2986,0.39,37.641,-118.9316667,California,8/5/16 13:38
2990,0.75,33.244,-116.7971667,California,8/5/16 13:50
2994,0.3,40.1333,-120.2103,California,8/5/16 14:22
2998,0.11,37.5823333,-118.859,California,8/5/16 14:37
3000,1.4,40.1364,-120.2142,California,8/5/16 14:43
3001,1.25,38.8126667,-122.8163333,California,8/5/16 15:05
3002,0.58,33.5921667,-117.211,California,8/5/16 15:05
3006,1.37,34.347,-116.8611667,California,8/5/16 15:33
3008,0.83,33.2258333,-117.1806667,California,8/5/16 15:35
3009,1.86,38.7913333,-122.7998333,California,8/5/16 15:42
3012,0.69,33.9583333,-116.9491667,California,8/5/16 16:08
3018,0.67,34.0776667,-116.3801667,California,8/5/16 16:39
3019,0.14,37.579,-118.8756667,California,8/5/16 16:40
3020,0.63,33.595,-116.8061667,California,8/5/16 16:43
3030,0.58,38.8111667,-122.8246667,California,8/5/16 17:52
3031,0.8,40.1359,-120.2185,California,8/5/16 17:53
3032,0.66,33.665,-116.7165,California,8/5/16 17:54
3035,1.11,37.5135,-118.8295,California,8/5/16 18:03
3037,1.52,37.5175,-118.8281667,California,8/5/16 18:04
3041,0.88,37.5141667,-118.8291667,California,8/5/16 18:37
3043,0.45,33.0265,-116.3506667,California,8/5/16 18:56
3045,1.17,38.8218333,-122.7893333,California,8/5/16 19:04
3046,1.24,38.8306667,-122.8785,California,8/5/16 19:04
3049,0.67,33.6465,-116.7058333,California,8/5/16 19:37
3050,1.5,33.1101667,-115.5845,California,8/5/16 19:44
3051,0.35,37.6413333,-118.946,California,8/5/16 19:45
3052,1.35,37.509,-118.795,California,8/5/16 19:55
3053,0.95,33.262,-116.2771667,California,8/5/16 20:00
3060,0.63,33.7495,-115.9035,California,8/5/16 20:36
3062,0.92,33.9288333,-116.867,California,8/5/16 20:41
3063,0.54,33.9221667,-116.865,California,8/5/16 20:41
3064,1.12,33.9278333,-116.8781667,California,8/5/16 20:41
3065,0.6,33.7711667,-115.9261667,California,8/5/16 20:42
3066,0.25,38.7796667,-122.7523333,California,8/5/16 20:59
3070,1.28,35.3411667,-117.9121667,California,8/5/16 21:21
3074,0.88,37.8206667,-122.028,California,8/5/16 21:28
3075,0.53,38.8236656,-122.8071671,California,8/5/16 21:36
3090,0.55,38.7896667,-122.8006667,California,8/5/16 22:48
3093,2.32,37.1198333,-121.1431667,California,8/5/16 22:59
3100,0.56,38.8334999,-122.8098297,California,8/5/16 23:18
3104,1.54,35.8143333,-121.2878333,California,8/5/16 23:37
3105,1.5,37.1273333,-121.1366667,California,8/5/16 23:39
3108,1.3,40.2092,-121.0609,California,8/5/16 23:43
3109,1.2,40.2445,-121.0528333,California,8/5/16 23:43
3125,2.12,33.9716667,-118.259,California,8/6/16 0:40
3127,0.7,33.2423333,-116.8006667,California,8/6/16 0:41
3128,0.6,40.141,-120.219,California,8/6/16 0:42
3129,0.56,33.4795,-116.4735,California,8/6/16 0:45
3136,0.65,37.506,-118.8038333,California,8/6/16 1:08
3139,3.17,40.6655,-125.3436667,California,8/6/16 1:13
3145,1.61,37.0186667,-121.1951667,California,8/6/16 1:34
3154,0.8,37.8797,-118.4866,California,8/6/16 2:14
3156,0.48,33.4838333,-116.4758333,California,8/6/16 2:17
3173,1.13,40.292,-121.1991667,California,8/6/16 3:23
3176,0.09,37.5925,-118.8591667,California,8/6/16 3:35
3183,0.32,37.63,-118.8805,California,8/6/16 4:03
3191,0.6,33.9386667,-116.8238333,California,8/6/16 5:03
3195,1.24,34.0068333,-116.6331667,California,8/6/16 5:12
3200,0.48,33.4845,-116.5643333,California,8/6/16 5:26
3201,1.59,34.54,-118.7528333,California,8/6/16 5:27
3208,1.23,34.5458333,-118.7515,California,8/6/16 5:37
3210,0.49,33.9651667,-116.319,California,8/6/16 5:53
3211,0.56,33.9355,-116.8283333,California,8/6/16 5:54
3218,0.43,38.868,-122.8173333,California,8/6/16 6:42
3219,1.17,34.0175,-116.998,California,8/6/16 6:48
3225,1.35,33.0353333,-116.4251667,California,8/6/16 7:25
3226,1.24,38.6458333,-122.7713333,California,8/6/16 7:38
3227,0.86,33.9013333,-116.8768333,California,8/6/16 7:43
3236,1.58,38.7846667,-122.7446667,California,8/6/16 8:32
3237,1.2,38.8345,-122.809,California,8/6/16 8:35
3244,0.66,33.4688333,-116.4586667,California,8/6/16 9:23
3246,0.75,40.284,-121.3586667,California,8/6/16 9:26
3247,0.74,33.5268333,-116.5265,California,8/6/16 9:28
3250,0.83,36.0861667,-120.6961667,California,8/6/16 9:35
3252,0.56,38.8381653,-122.8410034,California,8/6/16 9:42
3256,0.43,37.4901667,-118.8335,California,8/6/16 10:04
3258,0.76,36.565,-121.0905,California,8/6/16 10:11
3259,0.1,40.1357,-120.2146,California,8/6/16 10:14
3260,0.1,40.1402,-120.2206,California,8/6/16 10:14
3263,1.23,35.7336667,-121.1168333,California,8/6/16 10:23
3265,1.03,33.1741667,-116.4065,California,8/6/16 10:39
3266,3.39,33.1676667,-116.4206667,California,8/6/16 10:39
3269,1.28,33.1701667,-116.4216667,California,8/6/16 10:43
3270,0.88,38.8326683,-122.8106689,California,8/6/16 10:44
3271,1.18,33.1743333,-116.4301667,California,8/6/16 10:45
3272,0.87,33.1741667,-116.4138333,California,8/6/16 10:53
3275,0.97,33.176,-116.4201667,California,8/6/16 10:58
3284,1.03,37.6036667,-118.956,California,8/6/16 11:45
3285,1.04,33.2561667,-116.4036667,California,8/6/16 11:47
3287,0.57,38.8460007,-122.8014984,California,8/6/16 11:53
3289,1.66,38.8348333,-122.7906667,California,8/6/16 12:04
3290,0.3,39.9067,-120.4369,California,8/6/16 12:13
3292,1.59,34.5621667,-118.5315,California,8/6/16 12:29
3293,0.86,37.0198333,-121.1908333,California,8/6/16 12:37
3299,1.45,33.9965,-116.977,California,8/6/16 13:08
3300,0.15,36.0151667,-117.674,California,8/6/16 13:22
3309,0.98,37.9356667,-122.1521667,California,8/6/16 14:26
3310,0.63,33.4488333,-116.562,California,8/6/16 14:33
3311,0.8,33.362,-116.2766667,California,8/6/16 14:34
3312,0.53,33.4601667,-116.4616667,California,8/6/16 14:37
3315,0.78,38.8190002,-122.8075027,California,8/6/16 15:01
3322,0.6,38.0344,-118.8133,California,8/6/16 15:28
3323,0.6,38.0364,-118.7958,California,8/6/16 15:39
3326,0.4,40.145,-120.2176,California,8/6/16 15:55
3329,0.7,39.412,-120.1311,California,8/6/16 16:11
3330,1.84,39.5308333,-122.8908333,California,8/6/16 16:14
3336,0.57,38.8448334,-122.8310013,California,8/6/16 16:24
3338,0.3,38.0359,-118.8063,California,8/6/16 16:33
3339,0.97,38.8458333,-122.8305,California,8/6/16 16:35
3342,1.15,37.4266667,-121.769,California,8/6/16 16:56
3345,1.42,37.3253333,-122.07,California,8/6/16 17:12
3346,0.6,38.0255,-118.7153,California,8/6/16 17:13
3350,0.5,38.0353,-118.8141,California,8/6/16 17:30
3358,2.38,33.9491667,-116.3245,California,8/6/16 17:52
3359,1.19,38.8073333,-122.8023333,California,8/6/16 17:53
3361,1.04,33.199,-116.3573333,California,8/6/16 18:00
3365,0.36,38.8185,-122.7833333,California,8/6/16 18:49
3366,0.98,37.4591667,-118.8416667,California,8/6/16 18:50
3368,1.1,38.8378333,-122.7455,California,8/6/16 18:53
3369,0.83,33.1818333,-116.4166667,California,8/6/16 18:58
3371,0.39,33.4933333,-116.4395,California,8/6/16 19:04
3374,1.75,32.6516667,-115.9351667,California,8/6/16 19:14
3375,0.27,33.64,-116.6995,California,8/6/16 19:27
3376,1.65,33.1738333,-116.4235,California,8/6/16 19:49
3381,1.16,33.0348333,-116.4153333,California,8/6/16 20:22
3386,0.72,33.506,-116.5056667,California,8/6/16 20:36
3404,0.9,38.8268318,-122.856163,California,8/6/16 21:22
3405,1.04,37.3325,-122.0593333,California,8/6/16 21:25
3409,1.01,32.796,-116.0901667,California,8/6/16 21:58
3411,0.7,40.1376,-120.2173,California,8/6/16 22:08
3416,2.25,35.684,-121.1238333,California,8/6/16 22:38
3423,1.5,40.1233,-120.2203,California,8/6/16 23:12
3427,1.33,40.3031667,-122.0801667,California,8/6/16 23:37
3428,0.86,37.62,-122.4555,California,8/6/16 23:47
3429,1.08,37.5158333,-118.8283333,California,8/6/16 23:50
3430,0.63,37.5196667,-118.8328333,California,8/6/16 23:51
3431,1.24,35.5785,-116.9203333,California,8/7/16 0:08
3432,1.38,33.1971667,-115.577,California,8/7/16 0:09
3433,0.51,33.6483333,-116.7011667,California,8/7/16 0:11
3437,1.35,33.1976667,-115.5778333,California,8/7/16 0:23
3438,1.17,35.9421667,-117.946,California,8/7/16 0:26
3439,1.59,33.1933333,-115.5808333,California,8/7/16 0:36
3440,1.6,33.1953333,-115.5851667,California,8/7/16 0:39
3441,1.16,33.3508333,-116.348,California,8/7/16 0:41
3447,0.8,36.8216,-118.0614,California,8/7/16 1:00
3449,1.94,33.4885,-118.2796667,California,8/7/16 1:08
3450,0.53,33.948,-116.8958333,California,8/7/16 1:16
3456,0.67,37.4661667,-118.817,California,8/7/16 1:26
3459,0.49,33.4961667,-116.5306667,California,8/7/16 1:55
3466,1.14,41.9791667,-122.3108333,California,8/7/16 2:16
3467,2.05,36.701,-121.3356667,California,8/7/16 2:30
3468,1.19,35.673,-121.1193333,California,8/7/16 2:34
3471,1.05,33.6915,-117.3493333,California,8/7/16 2:52
3472,0.6,33.5005,-116.5285,California,8/7/16 2:54
3473,2.29,33.1733333,-116.0428333,California,8/7/16 2:59
3474,0.88,38.1451667,-122.288,California,8/7/16 3:00
3475,0.4,40.1345,-120.2107,California,8/7/16 3:02
3476,0.95,38.1373333,-122.3005,California,8/7/16 3:05
3477,0.11,33.5121667,-116.549,California,8/7/16 3:06
3479,0.45,33.6676667,-116.7276667,California,8/7/16 3:16
3480,1.02,33.8631667,-117.0426667,California,8/7/16 3:30
3482,1.05,34.6781667,-116.3428333,California,8/7/16 3:44
3483,0.3,40.133,-120.2468,California,8/7/16 3:59
3484,0.43,37.513,-118.8265,California,8/7/16 3:59
3486,0.32,37.5533333,-118.871,California,8/7/16 4:05
3491,0.88,40.4725,-121.5191667,California,8/7/16 4:27
3495,1.54,37.1301667,-121.1598333,California,8/7/16 4:58
3499,0.42,33.7131667,-116.8126667,California,8/7/16 5:15
3501,0.61,34.0448333,-117.099,California,8/7/16 5:32
3502,1.01,35.3445,-117.9535,California,8/7/16 5:42
3505,1.04,33.8158333,-118.0558333,California,8/7/16 5:51
3509,1.64,33.2491667,-116.4078333,California,8/7/16 6:23
3511,0.64,36.6246667,-121.24,California,8/7/16 6:27
3512,0.54,33.1748333,-116.409,California,8/7/16 6:27
3514,1.47,38.949,-122.7056667,California,8/7/16 6:33
3521,1.43,37.6443333,-122.051,California,8/7/16 7:00
3522,0.19,33.4926667,-116.4883333,California,8/7/16 7:05
3529,1.04,34.105,-117.3136667,California,8/7/16 7:36
3530,0.82,38.8231659,-122.768837,California,8/7/16 7:40
3531,0.6,38.0358,-118.8094,California,8/7/16 7:42
3535,0.54,37.5385,-118.8925,California,8/7/16 7:51
3538,0.6,38.0348,-118.8123,California,8/7/16 7:58
3540,0.2,40.1251,-120.2387,California,8/7/16 8:00
3541,0.77,37.5681667,-118.7575,California,8/7/16 8:10
3542,0.34,35.98,-120.5426667,California,8/7/16 8:13
3543,0.89,38.8066673,-122.8205032,California,8/7/16 8:14
3545,1.1,40.1248,-120.2397,California,8/7/16 8:16
3547,0.4,40.1275,-120.2391,California,8/7/16 8:23
3549,0.56,32.9483333,-116.6311667,California,8/7/16 8:30
3550,1.1,36.5595,-121.1628333,California,8/7/16 8:46
3551,0.59,34.1198333,-116.9233333,California,8/7/16 8:54
3552,0.19,33.8888333,-116.9243333,California,8/7/16 9:05
3553,0.47,33.8553333,-116.9393333,California,8/7/16 9:06
3554,0.68,33.2526667,-116.4056667,California,8/7/16 9:06
3555,0.33,37.5698333,-118.9423333,California,8/7/16 9:09
3557,1.38,34.006,-116.7265,California,8/7/16 9:16
3558,1.84,35.9918333,-120.0288333,California,8/7/16 9:18
3561,0.8,40.1339,-120.2388,California,8/7/16 9:24
3562,0.8,40.1522,-121.0001,California,8/7/16 9:42
3564,0.1,40.1446,-120.2184,California,8/7/16 9:55
3569,0.66,38.8225,-122.7826667,California,8/7/16 10:05
3576,0.49,33.0346667,-116.4276667,California,8/7/16 10:37
3578,1.17,33.123,-116.5346667,California,8/7/16 10:42
3581,0.93,33.2246667,-116.0561667,California,8/7/16 10:50
3582,1.18,40.2913333,-121.1885,California,8/7/16 10:52
3583,0.2,40.1254,-120.2366,California,8/7/16 10:59
3586,0.3,33.517,-116.5351667,California,8/7/16 11:23
3587,1.02,38.8219986,-122.8446655,California,8/7/16 11:24
3590,1.4,38.8133333,-122.819,California,8/7/16 11:54
3595,0.47,33.5015,-116.5258333,California,8/7/16 12:19
3599,1.43,36.6085,-121.22,California,8/7/16 12:27
3601,0.98,36.2316667,-117.56,California,8/7/16 12:31
3609,0.27,38.8136667,-122.8266667,California,8/7/16 13:17
3614,0.85,38.8378334,-122.8809967,California,8/7/16 13:39
3616,1.19,33.2633333,-116.2005,California,8/7/16 13:40
3621,1.44,33.595,-116.625,California,8/7/16 13:55
3624,0.82,34.164,-116.4283333,California,8/7/16 14:19
3626,0.4,39.5496,-120.4128,California,8/7/16 14:37
3628,0.7,37.6238333,-119.0848333,California,8/7/16 14:51
3629,0.64,33.2535,-116.4081667,California,8/7/16 14:54
3630,1.65,37.7766667,-122.1986667,California,8/7/16 15:02
3632,0.87,36.5505,-121.0678333,California,8/7/16 15:08
3633,1.09,34.5436667,-118.9863333,California,8/7/16 15:17
3636,1.52,34.2155,-116.7796667,California,8/7/16 15:23
3641,0.86,37.4775,-118.8556667,California,8/7/16 15:39
3643,0.7,38.84,-122.8753333,California,8/7/16 15:42
3644,1.01,38.8233337,-122.8071671,California,8/7/16 15:45
3645,0.57,33.5045,-116.5341667,California,8/7/16 15:55
3652,0.3,33.5063333,-116.5366667,California,8/7/16 16:36
3653,0.25,38.8211667,-122.8198333,California,8/7/16 16:42
3656,1.18,32.8371667,-115.6138333,California,8/7/16 17:00
3662,0.81,38.8271675,-122.8544998,California,8/7/16 17:19
3666,1.22,36.0273333,-120.9731667,California,8/7/16 17:33
3670,1.43,34.0551667,-117.2461667,California,8/7/16 17:59
3673,1.27,34.0545,-117.2421667,California,8/7/16 18:04
3675,0.74,33.5078333,-116.4533333,California,8/7/16 18:08
3679,0.66,33.4785,-116.405,California,8/7/16 18:32
3680,0.94,38.8408318,-122.8296661,California,8/7/16 18:32
3681,0.93,36.068,-117.6413333,California,8/7/16 18:35
3682,0.67,38.8390007,-122.8303299,California,8/7/16 18:37
3683,2.48,33.9173333,-117.604,California,8/7/16 18:42
3684,1.74,34.08,-117.2813333,California,8/7/16 19:10
3689,0.88,38.8320007,-122.8061676,California,8/7/16 19:24
3692,1.38,34.7253333,-116.302,California,8/7/16 19:37
3693,0.75,33.5053333,-116.5325,California,8/7/16 19:41
3697,0.84,34.0403333,-117.2546667,California,8/7/16 20:00
3699,0.75,33.9326667,-116.0283333,California,8/7/16 20:07
3700,0.96,33.7681667,-115.9188333,California,8/7/16 20:08
3701,0.86,33.7488333,-115.9013333,California,8/7/16 20:12
3703,0.73,37.5718333,-118.839,California,8/7/16 20:21
3704,1.41,37.568,-118.84,California,8/7/16 20:21
3705,0.61,37.5666667,-118.838,California,8/7/16 20:25
3706,0.39,37.5715,-118.837,California,8/7/16 20:25
3707,0.84,37.5655,-118.8398333,California,8/7/16 20:26
3709,0.65,37.5671667,-118.8548333,California,8/7/16 20:33
3715,0.44,37.6418333,-118.9285,California,8/7/16 21:23
3718,1.51,39.3143333,-123.108,California,8/7/16 21:46
3720,1.17,37.6436667,-122.0463333,California,8/7/16 21:58
3728,1.38,37.9885,-122.07,California,8/7/16 22:35
3730,0.55,38.7976685,-122.8141632,California,8/7/16 22:42
3732,0.83,34.0846667,-117.2781667,California,8/7/16 22:47
3733,1.21,38.7725,-122.7211667,California,8/7/16 22:47
3735,0.84,33.9303333,-117.9163333,California,8/7/16 23:08
3736,0.47,33.8591667,-117.0408333,California,8/7/16 23:12
3743,0.74,33.7646667,-115.92,California,8/7/16 23:28
3744,0.64,33.2711667,-116.2951667,California,8/7/16 23:40
3746,0.74,35.673,-121.12,California,8/7/16 23:59
3750,0.45,33.6086667,-116.6363333,California,8/8/16 0:14
3751,0.93,37.3765,-122.1853333,California,8/8/16 0:15
3754,0.8,37.8264,-118.3876,California,8/8/16 0:26
3757,0.75,33.763,-115.925,California,8/8/16 0:49
3758,0.5,40.1453,-120.2241,California,8/8/16 0:50
3760,0.6,40.1398,-120.2147,California,8/8/16 0:54
3761,2.25,33.0395,-116.3581667,California,8/8/16 1:05
3767,1.1,38.8421667,-122.7663333,California,8/8/16 1:21
3777,0.4,40.1269,-120.2373,California,8/8/16 1:51
3780,1.08,38.7863333,-122.7608333,California,8/8/16 1:58
3792,0.69,33.0216667,-116.3593333,California,8/8/16 2:51
3813,0.67,38.813,-122.8275,California,8/8/16 4:40
3815,0.5,40.1403,-120.2151,California,8/8/16 4:45
3818,0.15,37.6466667,-118.9636667,California,8/8/16 4:55
3821,0.8,32.7841667,-116.0501667,California,8/8/16 4:59
3830,0.4,40.1249,-120.2386,California,8/8/16 5:30
3836,0.63,34.1965,-117.4373333,California,8/8/16 5:44
3850,0.53,33.5045,-116.5305,California,8/8/16 6:32
3853,0.1,40.1233,-120.2352,California,8/8/16 6:46
3854,0.41,33.4708333,-116.4881667,California,8/8/16 6:47
3862,0.5,40.1279,-120.2362,California,8/8/16 7:06
3869,0.38,37.6733333,-118.8816667,California,8/8/16 7:24
3871,0.76,33.236,-116.7671667,California,8/8/16 7:25
3872,1.61,36.4795,-120.9,California,8/8/16 7:33
3875,0.48,40.316,-121.4673333,California,8/8/16 7:37
3880,0.3,40.136,-120.2203,California,8/8/16 7:51
3882,0.7,33.2351667,-116.7658333,California,8/8/16 7:57
3885,0.6,33.0235,-116.3515,California,8/8/16 8:01
3890,0.5,33.4883333,-116.4755,California,8/8/16 8:10
3900,0.71,33.2393333,-116.763,California,8/8/16 8:31
3909,0.5,40.1262,-120.2399,California,8/8/16 9:29
3910,1.14,38.8048333,-122.7973333,California,8/8/16 9:32
3914,1.15,36.6915,-121.338,California,8/8/16 9:42
3928,0.53,38.7898331,-122.7761688,California,8/8/16 11:00
3929,1.5,34.0486667,-117.5391667,California,8/8/16 11:03
3934,0.42,33.6341667,-116.7055,California,8/8/16 11:25
3940,1.97,33.9485,-116.7901667,California,8/8/16 12:07
3942,1.66,34.2935,-117.0031667,California,8/8/16 12:08
3943,0.86,33.502,-116.5328333,California,8/8/16 12:11
3944,1.44,37.454,-119.0046667,California,8/8/16 12:16
3949,1.07,38.8224983,-122.8434982,California,8/8/16 12:45
3956,0.49,36.0375,-117.7781667,California,8/8/16 13:13
3960,1.45,33.7133333,-117.3405,California,8/8/16 13:14
3961,0.6,40.126,-120.2378,California,8/8/16 13:19
3963,0.11,37.5755,-118.852,California,8/8/16 13:29
3966,1.29,37.322,-122.1003333,California,8/8/16 13:39
3973,1.01,33.4758333,-116.402,California,8/8/16 14:12
3975,1.41,38.6508333,-122.7253333,California,8/8/16 14:43
3979,1.18,35.0608333,-118.3396667,California,8/8/16 14:55
3982,1.01,35.0021667,-118.1908333,California,8/8/16 15:07
3993,1.19,34.8626667,-118.7813333,California,8/8/16 15:47
3995,0.86,32.8066667,-117.0855,California,8/8/16 15:59
3999,0.77,33.8701667,-117.5093333,California,8/8/16 16:43
4002,0.94,33.988,-116.6778333,California,8/8/16 16:50
4004,0.03,33.4845,-116.4645,California,8/8/16 16:52
4005,1.4,39.4069,-120.1423,California,8/8/16 16:54
4006,0.34,38.8393333,-122.8293333,California,8/8/16 17:10
4009,0.86,34.0986667,-116.5161667,California,8/8/16 17:32
4014,1.42,33.8181667,-117.4878333,California,8/8/16 17:48
4024,0.57,38.7878342,-122.7458344,California,8/8/16 18:38
4025,0.78,33.503,-116.5338333,California,8/8/16 18:39
4032,0.85,33.0233333,-116.351,California,8/8/16 19:07
4040,0.56,38.8269997,-122.8440018,California,8/8/16 19:26
4042,1.98,34.045,-117.248,California,8/8/16 19:31
4045,1.18,37.6748333,-118.8718333,California,8/8/16 19:49
4048,0.02,37.5918333,-118.9488333,California,8/8/16 19:58
4050,0.84,33.9011667,-117.0188333,California,8/8/16 20:14
4056,1.61,35.0373333,-117.6781667,California,8/8/16 20:45
4060,1.58,34.0516667,-116.928,California,8/8/16 21:27
4062,0.88,37.2953333,-121.6783333,California,8/8/16 21:46
4063,0.64,33.9931667,-116.9743333,California,8/8/16 21:51
4066,0.63,33.6451667,-116.6995,California,8/8/16 22:05
4068,1.1,38.8118333,-122.823,California,8/8/16 22:28
4069,2.04,37.6273333,-122.4728333,California,8/8/16 22:31
4072,0.7,33.932,-116.8285,California,8/8/16 22:38
4073,0.39,33.9528333,-116.9825,California,8/8/16 22:45
4075,0.5,40.1471,-120.2116,California,8/8/16 23:06
4076,0.8,35.8957,-117.1651,California,8/8/16 23:16
4078,0.88,38.8214989,-122.7850037,California,8/8/16 23:18
4079,0.53,40.6366667,-121.671,California,8/8/16 23:34
4080,1.01,33.7628333,-117.5548333,California,8/8/16 23:47
4082,0.75,36.122,-117.8666667,California,8/9/16 0:03
4083,0.56,38.8053322,-122.8281631,California,8/9/16 0:18
4085,2.78,36.032,-117.771,California,8/9/16 0:24
4086,0.47,36.0281667,-117.7706667,California,8/9/16 0:30
4087,1.37,36.0323333,-117.7713333,California,8/9/16 0:32
4088,0.96,36.0315,-117.7683333,California,8/9/16 0:32
4091,0.39,33.6816667,-116.7085,California,8/9/16 0:38
4093,0.56,37.583,-118.9431667,California,8/9/16 0:57
4094,1,35.9521667,-117.6573333,California,8/9/16 0:58
4097,0.86,33.7695,-116.1295,California,8/9/16 1:34
4101,0.48,33.6411667,-116.6806667,California,8/9/16 2:02
4102,0.89,33.696,-116.7041667,California,8/9/16 2:05
4103,1.87,40.217,-122.128,California,8/9/16 2:08
4110,0.2,40.1263,-120.2445,California,8/9/16 2:35
4111,0.48,33.644,-116.679,California,8/9/16 2:42
4112,0.33,33.641,-116.6783333,California,8/9/16 2:42
4113,0.54,33.506,-116.5395,California,8/9/16 2:43
4114,0.62,37.4863333,-118.8118333,California,8/9/16 2:53
4115,2.21,40.174,-121.0593333,California,8/9/16 2:54
4116,0.49,38.786499,-122.7375031,California,8/9/16 2:56
4117,0.5,40.1283,-120.2363,California,8/9/16 3:04
4121,0.5,33.4218333,-116.4141667,California,8/9/16 3:15
4122,0.13,33.4245,-116.4168333,California,8/9/16 3:15
4124,1.6,38.8168333,-122.8096667,California,8/9/16 3:19
4126,0.55,37.6228333,-118.9043333,California,8/9/16 3:23
4127,0.78,33.0318333,-116.4198333,California,8/9/16 3:33
4128,0.45,33.2195,-116.7158333,California,8/9/16 3:34
4129,1.36,41.575,-121.6026667,California,8/9/16 3:35
4137,1.23,38.0191667,-118.8593333,California,8/9/16 4:22
4140,0.6,33.5006667,-116.5288333,California,8/9/16 4:37
4142,1.44,34.7351667,-116.2988333,California,8/9/16 4:54
4147,0.93,38.8156662,-122.7636642,California,8/9/16 5:21
4149,0.56,33.6665,-116.6981667,California,8/9/16 5:36
4156,0.56,35.892,-117.6925,California,8/9/16 6:29
4158,0.41,33.4985,-116.5166667,California,8/9/16 6:36
4159,1.56,35.8871667,-117.6945,California,8/9/16 6:37
4167,1.1,37.4176,-118.3491,California,8/9/16 7:18
4172,0.98,33.7666667,-115.9156667,California,8/9/16 7:32
4174,1.43,33.4675,-116.5078333,California,8/9/16 7:39
4179,0.47,37.5965,-118.9453333,California,8/9/16 8:04
4180,0.43,33.4666667,-116.497,California,8/9/16 8:28
4181,1.1,38.8230019,-122.7835007,California,8/9/16 8:37
4182,1.61,38.7866667,-122.7718333,California,8/9/16 8:43
4183,0.57,33.4526667,-116.4638333,California,8/9/16 8:44
4184,0.8,34.293,-116.9993333,California,8/9/16 8:51
4186,3.34,36.2965,-120.7951667,California,8/9/16 8:55
4194,1,37.2068333,-121.9805,California,8/9/16 9:43
4195,1.43,37.7891667,-121.9628333,California,8/9/16 9:53
4198,1.2,37.5676667,-119.0121667,California,8/9/16 10:06
4199,0.43,37.5921667,-119.0145,California,8/9/16 10:11
4201,0.65,33.4668333,-116.5023333,California,8/9/16 10:23
4204,0.9,37.4726667,-118.849,California,8/9/16 10:26
4205,1.77,37.5686667,-119.0143333,California,8/9/16 10:28
4206,0.91,34.294,-117.4406667,California,8/9/16 10:29
4208,0.56,38.8363342,-122.8121643,California,8/9/16 10:33
4209,0.5,39.962,-120.7424,California,8/9/16 10:57
4213,1.87,38.8853333,-122.1815,California,8/9/16 11:35
4214,1.79,38.9281667,-122.2218333,California,8/9/16 11:36
4216,2.66,36.2966667,-120.7921667,California,8/9/16 12:19
4217,1.84,38.9171667,-122.2168333,California,8/9/16 12:26
4222,0.9,37.8596,-118.0437,California,8/9/16 13:14
4224,1.15,37.6156667,-122.44,California,8/9/16 13:31
4225,0.79,37.585,-118.866,California,8/9/16 13:40
4226,1.1,37.5866667,-118.8708333,California,8/9/16 13:55
4228,2.67,40.391,-125.0896667,California,8/9/16 14:02
4229,1.36,36.3978333,-120.9758333,California,8/9/16 14:05
4234,0.88,38.8323326,-122.809166,California,8/9/16 14:51
4235,0.19,33.4978333,-116.5261667,California,8/9/16 14:59
4241,1.46,33.8423333,-117.4911667,California,8/9/16 15:26
4243,0.83,33.6306667,-116.6796667,California,8/9/16 15:55
4244,0.6,40.1375,-120.2192,California,8/9/16 16:00
4245,1.1,40.1401,-120.2167,California,8/9/16 16:06
4246,1.1,35.6721667,-117.492,California,8/9/16 16:12
4251,1.24,33.1875,-116.3678333,California,8/9/16 16:32
4252,1.53,34.6415,-117.1206667,California,8/9/16 16:38
4253,1.13,35.9528333,-117.6581667,California,8/9/16 16:39
4254,0.53,35.9531667,-117.6561667,California,8/9/16 16:43
4255,1.16,33.9515,-117.2333333,California,8/9/16 16:47
4256,1.02,33.6268333,-117.1506667,California,8/9/16 16:54
4257,1.24,33.8675,-117.5061667,California,8/9/16 16:55
4262,1.8,39.3228333,-122.7948333,California,8/9/16 17:19
4272,0.92,33.0998333,-117.0258333,California,8/9/16 17:58
4276,1.46,36.8891667,-121.6235,California,8/9/16 18:04
4286,0.52,35.9486667,-117.6586667,California,8/9/16 19:03
4298,1.71,38.8343333,-122.799,California,8/9/16 19:33
4299,0.43,35.955,-117.6561667,California,8/9/16 19:37
4300,0.82,37.6401667,-118.8965,California,8/9/16 19:39
4301,1.12,38.8356667,-122.7986667,California,8/9/16 19:41
4302,0.47,33.422,-116.4123333,California,8/9/16 19:44
4306,0.79,33.684,-116.7055,California,8/9/16 20:04
4307,0.56,38.8354988,-122.800499,California,8/9/16 20:13
4308,0.95,38.8096657,-122.8000031,California,8/9/16 20:14
4312,0.93,33.938,-116.0428333,California,8/9/16 20:29
4314,0.49,33.6728333,-116.714,California,8/9/16 20:53
4316,0.86,38.7916679,-122.7444992,California,8/9/16 21:16
4318,0.91,38.8419991,-122.8290024,California,8/9/16 21:32
4327,0.73,34.0425,-117.0355,California,8/9/16 22:24
4329,0.81,34.0515,-116.7498333,California,8/9/16 22:43
4330,0.74,37.5381667,-118.8956667,California,8/9/16 22:54
4331,1.72,39.3383333,-122.8101667,California,8/9/16 22:55
4332,5.09,39.3293333,-122.8018333,California,8/9/16 22:57
4335,1.8,39.332,-122.799,California,8/9/16 23:07
4336,2.58,39.309,-122.7843333,California,8/9/16 23:08
4338,1.88,39.3213333,-122.7828333,California,8/9/16 23:09
4340,1.56,39.3103333,-122.7831667,California,8/9/16 23:13
4341,1.66,39.3136667,-122.781,California,8/9/16 23:13
4342,1.84,39.3313333,-122.7933333,California,8/9/16 23:15
4343,1.86,39.3396667,-122.8003333,California,8/9/16 23:16
4344,2.23,39.3153333,-122.7853333,California,8/9/16 23:20
4345,2.99,39.3288333,-122.7948333,California,8/9/16 23:24
4347,1.43,33.9833333,-116.7156667,California,8/9/16 23:26
4348,1.77,39.3341667,-122.803,California,8/9/16 23:28
4349,0.77,33.7091667,-116.7265,California,8/9/16 23:35
4351,1.8,39.3295,-122.797,California,8/9/16 23:43
4352,0.55,33.985,-116.7191667,California,8/9/16 23:54
4353,1.65,39.3195,-122.794,California,8/9/16 23:57
4354,1.57,39.3138333,-122.7831667,California,8/10/16 0:06
4357,0.55,33.4986667,-116.4901667,California,8/10/16 0:11
4359,1.73,39.3191667,-122.7858333,California,8/10/16 0:23
4360,1.71,39.316,-122.7865,California,8/10/16 0:24
4361,0.5,38.8078333,-122.8188333,California,8/10/16 0:26
4362,1.61,39.3291667,-122.7956667,California,8/10/16 0:30
4363,2.23,39.3261667,-122.7888333,California,8/10/16 0:32
4365,0.93,37.4995,-118.8436667,California,8/10/16 0:42
4368,1.42,33.2628333,-116.2016667,California,8/10/16 0:47
4369,0.81,37.5353333,-118.8948333,California,8/10/16 0:48
4371,0.17,33.9335,-116.8323333,California,8/10/16 0:58
4374,2.04,39.3103333,-122.7836667,California,8/10/16 1:13
4375,0.88,38.8053322,-122.7639999,California,8/10/16 1:14
4376,1.59,39.3235,-122.8013333,California,8/10/16 1:20
4377,0.6,40.1277,-120.2329,California,8/10/16 1:22
4378,2.22,39.3176667,-122.7883333,California,8/10/16 1:26
4379,2.13,39.3151667,-122.7851667,California,8/10/16 1:27
4380,0.21,33.5026667,-116.5298333,California,8/10/16 1:29
4381,1.89,39.3086667,-122.7855,California,8/10/16 1:30
4382,1.69,39.3323333,-122.8015,California,8/10/16 1:33
4383,1.7,39.3146667,-122.7835,California,8/10/16 1:34
4385,0.63,34.0705,-117.275,California,8/10/16 1:47
4386,1.49,39.3193333,-122.7958333,California,8/10/16 1:54
4387,2.08,39.358,-122.78,California,8/10/16 1:57
4388,0.78,35.98,-117.6831667,California,8/10/16 2:02
4389,0.83,35.9826667,-117.6795,California,8/10/16 2:02
4391,0.83,33.243,-116.3918333,California,8/10/16 2:06
4392,1.16,33.4978333,-116.5348333,California,8/10/16 2:08
4393,1.76,38.8135,-122.8178333,California,8/10/16 2:08
4394,1.62,39.3223333,-122.8051667,California,8/10/16 2:15
4395,0.24,33.4715,-116.8938333,California,8/10/16 2:21
4396,2.16,39.3205,-122.8003333,California,8/10/16 2:23
4397,0.45,35.9508333,-117.6583333,California,8/10/16 2:25
4398,2.3,39.3286667,-122.8,California,8/10/16 2:25
4401,1.59,33.8428333,-117.072,California,8/10/16 2:33
4403,0.64,34.0423333,-116.629,California,8/10/16 2:36
4406,1.14,37.5353333,-118.8931667,California,8/10/16 2:48
4408,1.85,39.3416667,-122.8121667,California,8/10/16 2:57
4409,1.05,38.8248329,-122.8059998,California,8/10/16 2:58
4411,0.69,33.8463333,-117.068,California,8/10/16 3:07
4414,1.9,39.3181667,-122.7938333,California,8/10/16 3:26
4416,0.09,33.4821667,-116.4835,California,8/10/16 3:27
4419,2.65,38.8238333,-122.84,California,8/10/16 3:47
4420,2.1,38.8246667,-122.8405,California,8/10/16 3:47
4421,1.05,38.8258333,-122.842,California,8/10/16 3:48
4422,1.19,38.8246651,-122.8423309,California,8/10/16 3:48
4424,1.07,38.8271667,-122.8396667,California,8/10/16 4:10
4427,1.07,38.786335,-122.7730026,California,8/10/16 4:24
4429,1.82,39.3146667,-122.7801667,California,8/10/16 4:30
4431,0.8,33.1748333,-116.4208333,California,8/10/16 4:41
4432,0.62,33.8675,-116.5408333,California,8/10/16 4:46
4433,0.6,38.7791667,-122.7158333,California,8/10/16 4:47
4434,2.14,38.8235,-122.8421667,California,8/10/16 5:01
4437,1.31,36.1245,-117.8531667,California,8/10/16 5:16
4439,0.57,34.007,-116.321,California,8/10/16 5:18
4440,0.97,33.4831667,-116.4551667,California,8/10/16 5:24
4441,1.16,34.798,-116.2918333,California,8/10/16 5:29
4444,1.88,39.3165,-122.7885,California,8/10/16 5:36
4445,0.43,33.495,-116.9038333,California,8/10/16 5:43
4446,0.56,38.8250008,-122.841835,California,8/10/16 5:46
4447,0.35,37.6505,-119.0111667,California,8/10/16 5:49
4448,1.08,35.2705,-118.5603333,California,8/10/16 5:55
4449,0.25,37.628,-118.9401667,California,8/10/16 5:58
4450,0.85,37.6296667,-118.9403333,California,8/10/16 5:58
4451,0.08,37.6285,-118.9435,California,8/10/16 6:00
4452,0.6,36.7791667,-121.517,California,8/10/16 6:05
4453,0.5,33.5011667,-116.5286667,California,8/10/16 6:06
4454,0.78,37.6303333,-118.937,California,8/10/16 6:08
4455,0.89,37.6291667,-118.9376667,California,8/10/16 6:09
4456,0.5,37.6363333,-118.9838333,California,8/10/16 6:09
4457,2.08,37.6283333,-118.94,California,8/10/16 6:09
4458,1.93,37.6271667,-118.939,California,8/10/16 6:09
4459,0.17,33.503,-116.5305,California,8/10/16 6:12
4462,0.26,33.224,-116.7226667,California,8/10/16 6:25
4463,0.33,37.6375,-118.9515,California,8/10/16 6:26
4464,0.09,37.6368333,-118.9505,California,8/10/16 6:27
4466,1.06,34.7115,-116.2616667,California,8/10/16 6:31
4467,0.02,37.6331667,-118.9473333,California,8/10/16 6:31
4469,1.82,37.6275,-118.9395,California,8/10/16 6:48
4472,0.03,37.6415,-118.9555,California,8/10/16 7:13
4473,0.29,38.7868333,-122.772,California,8/10/16 7:15
4474,2.06,39.3436667,-122.7973333,California,8/10/16 7:19
4475,0.77,35.9508333,-117.6556667,California,8/10/16 7:21
4477,0.04,37.6356667,-118.9418333,California,8/10/16 7:38
4478,0.2,37.635,-118.9501667,California,8/10/16 7:38
4480,0.4,37.188,-117.9503,California,8/10/16 7:42
4482,1.02,38.8126678,-122.8205032,California,8/10/16 7:51
4483,1.4,36.0201667,-120.5815,California,8/10/16 7:54
4484,0.94,33.2521667,-116.4035,California,8/10/16 8:06
4485,1.85,41.0481667,-121.9938333,California,8/10/16 8:08
4489,0.36,37.63,-118.9425,California,8/10/16 8:22
4490,0.6,40.1473,-120.2171,California,8/10/16 8:28
4491,0.37,37.6288333,-118.943,California,8/10/16 8:35
4493,1.56,37.0873333,-122.008,California,8/10/16 8:48
4494,1.8,34.0048333,-116.8671667,California,8/10/16 9:12
4495,3.84,39.9603333,-122.7846667,California,8/10/16 9:12
4496,1.88,39.3341667,-122.8101667,California,8/10/16 9:17
4497,0.98,33.5036667,-116.5345,California,8/10/16 9:17
4498,0.93,33.5026667,-116.5323333,California,8/10/16 9:22
4499,2.22,39.336,-122.8048333,California,8/10/16 9:40
4500,1.12,38.8390007,-122.8231659,California,8/10/16 9:41
4501,0.85,33.4868333,-116.4398333,California,8/10/16 9:50
4502,0.3,39.4096,-120.1231,California,8/10/16 9:52
4506,1.02,33.77,-115.9101667,California,8/10/16 10:24
4508,1.07,38.8154984,-122.8059998,California,8/10/16 10:28
4509,0.91,37.6265,-118.938,California,8/10/16 10:29
4511,1.16,37.2258333,-117.6546667,California,8/10/16 10:37
4512,0.9,37.2165,-117.617,California,8/10/16 10:42
4514,0.4,37.2237,-117.6199,California,8/10/16 10:46
4517,0.45,33.478,-116.4866667,California,8/10/16 10:50
4518,0.86,37.6293333,-118.939,California,8/10/16 10:50
4519,1.74,37.234,-117.599,California,8/10/16 10:51
4520,1.2,37.2225,-117.6133333,California,8/10/16 10:52
4521,0.77,37.1401667,-117.6983333,California,8/10/16 10:53
4522,1.31,36.6931667,-121.3256667,California,8/10/16 10:55
4523,1.4,37.2488333,-117.6523333,California,8/10/16 10:57
4526,1.46,37.2318333,-117.6491667,California,8/10/16 10:59
4527,2.38,39.3183333,-122.791,California,8/10/16 11:01
4528,0.9,37.2319,-117.615,California,8/10/16 11:02
4529,0.6,37.223,-117.6223,California,8/10/16 11:05
4530,1.01,37.6266667,-118.9398333,California,8/10/16 11:06
4531,0.15,37.628,-118.9393333,California,8/10/16 11:06
4532,0.8,37.203,-117.6191,California,8/10/16 11:07
4534,1.18,38.804,-122.7928333,California,8/10/16 11:13
4535,1.38,37.2113333,-117.5663333,California,8/10/16 11:15
4536,0.59,37.2216667,-117.6561667,California,8/10/16 11:18
4537,0.9,37.2212,-117.6157,California,8/10/16 11:18
4538,0.28,37.6293333,-118.9395,California,8/10/16 11:20
4540,1.16,37.236,-117.6176667,California,8/10/16 11:25
4541,0.9,37.2182,-117.6191,California,8/10/16 11:28
4542,1.1,37.2208333,-117.6018333,California,8/10/16 11:33
4544,1.17,33.2523333,-116.4071667,California,8/10/16 11:46
4546,1.05,33.5031667,-116.535,California,8/10/16 11:49
4548,1.39,37.2353333,-117.6345,California,8/10/16 11:51
4549,0.7,37.2262,-117.6153,California,8/10/16 11:57
4550,1.16,37.6723333,-119.43,California,8/10/16 11:57
4551,1.2,37.2258,-117.6168,California,8/10/16 11:59
4552,1.55,39.3221667,-122.7855,California,8/10/16 12:02
4553,1.46,37.2373333,-117.6093333,California,8/10/16 12:08
4557,2.09,37.2291667,-117.6033333,California,8/10/16 12:28
4559,1.18,37.1975,-117.5786667,California,8/10/16 12:43
4560,1.09,37.1673333,-117.6753333,California,8/10/16 12:43
4563,1,37.214,-117.6206667,California,8/10/16 13:09
4565,0.9,37.2127,-117.6214,California,8/10/16 13:19
4566,0.5,38.8243332,-122.7818298,California,8/10/16 13:22
4567,1.21,37.3258333,-122.1033333,California,8/10/16 13:26
4570,1.69,36.038,-120.6118333,California,8/10/16 13:44
4574,0.76,35.6261667,-118.3926667,California,8/10/16 14:22
4576,0.44,38.8323326,-122.8040009,California,8/10/16 14:40
4577,0.96,33.9665,-116.7306667,California,8/10/16 14:50
4578,0.5,39.2272,-120.0775,California,8/10/16 15:07
4579,1.21,34.3413333,-116.8775,California,8/10/16 15:10
4580,1.2,34.3438333,-116.8895,California,8/10/16 15:16
4582,0.37,33.719,-116.8288333,California,8/10/16 15:23
4583,1.1,37.2179,-117.6182,California,8/10/16 15:23
4586,1.1,38.8273315,-122.8426666,California,8/10/16 15:30
4587,1.35,37.2226667,-117.6203333,California,8/10/16 15:34
4589,0.79,37.1861667,-117.6375,California,8/10/16 15:56
4590,0.64,36.5163333,-117.8383333,California,8/10/16 15:57
4591,1.42,37.028,-121.2045,California,8/10/16 16:03
4592,1.5,38.914,-122.2068333,California,8/10/16 16:05
4594,1.15,38.7820015,-122.7358322,California,8/10/16 16:21
4597,1.53,32.6325,-116.9591667,California,8/10/16 16:56
4598,1.19,33.7153333,-117.3401667,California,8/10/16 16:57
4599,1.58,38.8098333,-122.8243333,California,8/10/16 17:02
4602,0.8,33.837,-117.1686667,California,8/10/16 17:09
4603,0.84,33.6495,-116.7323333,California,8/10/16 17:11
4604,0.19,33.6453333,-116.7325,California,8/10/16 17:13
4605,0.42,33.6505,-116.7355,California,8/10/16 17:13
4606,0.6,33.648,-116.731,California,8/10/16 17:13
4607,0.31,33.9553333,-117.2315,California,8/10/16 17:14
4608,0.7,38.8113333,-122.8235,California,8/10/16 17:15
4609,0.28,33.5041667,-116.5335,California,8/10/16 17:17
4611,1.15,34.3381667,-116.8853333,California,8/10/16 17:26
4613,0.54,38.8154984,-122.8150024,California,8/10/16 17:30
4618,1.7,39.323,-122.7993333,California,8/10/16 17:57
4619,2.74,33.647,-116.7306667,California,8/10/16 18:00
4620,1.43,33.655,-116.7235,California,8/10/16 18:02
4622,0.76,38.822834,-122.8470001,California,8/10/16 18:16
4624,1,40.1445,-120.2188,California,8/10/16 18:31
4625,0.79,36.5555,-121.0778333,California,8/10/16 18:37
4626,0.94,38.824501,-122.8433304,California,8/10/16 18:45
4627,0.95,32.7715,-116.1686667,California,8/10/16 18:51
4631,1.52,35.0428333,-117.6783333,California,8/10/16 19:33
4634,0.38,37.634,-118.9385,California,8/10/16 19:51
4635,0.96,33.3445,-116.9355,California,8/10/16 19:54
4636,0.72,33.6623333,-116.7225,California,8/10/16 20:02
4637,0.83,33.6611667,-116.7216667,California,8/10/16 20:03
4640,1.33,37.6291667,-118.9375,California,8/10/16 20:12
4641,0.39,37.6321667,-118.94,California,8/10/16 20:12
4642,0.55,33.5028333,-116.5321667,California,8/10/16 20:23
4653,1.1,38.8341675,-122.800499,California,8/10/16 21:05
4656,0.96,33.6685,-116.7683333,California,8/10/16 21:12
4658,1.17,33.5018333,-116.532,California,8/10/16 21:24
4659,0.45,33.6526667,-116.7068333,California,8/10/16 21:25
4660,1.55,37.6278333,-118.9383333,California,8/10/16 21:28
4663,0.12,37.6291667,-118.9413333,California,8/10/16 21:47
4665,1.94,40.3575,-124.4738333,California,8/10/16 21:55
4666,1.02,33.6816667,-116.7955,California,8/10/16 21:57
4667,0.96,36.7673333,-121.3978333,California,8/10/16 21:57
4671,1.83,39.8445,-123.5111667,California,8/10/16 22:16
4672,1.71,39.3295,-122.796,California,8/10/16 22:22
4673,1.77,39.3158333,-122.7905,California,8/10/16 22:35
4674,2.21,39.8411667,-123.5076667,California,8/10/16 22:38
4675,0.67,37.6323333,-118.9393333,California,8/10/16 22:45
4678,0.56,38.8339996,-122.7996674,California,8/10/16 23:03
4679,1.79,39.8395,-123.5061667,California,8/10/16 23:13
4682,1.64,39.3171667,-122.785,California,8/10/16 23:46
4683,1.78,39.3296667,-122.8063333,California,8/11/16 0:02
4685,1.01,36.567,-121.0943333,California,8/11/16 0:09
4689,0.89,33.1933333,-116.013,California,8/11/16 0:29
4693,0.88,38.8313332,-122.8031693,California,8/11/16 0:40
4694,0.73,38.8320007,-122.8034973,California,8/11/16 0:40
4700,0.29,33.6198333,-116.6718333,California,8/11/16 1:08
4702,1.94,39.3245,-122.7903333,California,8/11/16 1:12
4703,0.63,37.6125,-122.4473333,California,8/11/16 1:13
4711,0.56,38.8264999,-122.8174973,California,8/11/16 1:35
4712,0.9,37.899,-118.0915,California,8/11/16 1:36
4719,1.25,34.2255,-117.4516667,California,8/11/16 2:16
4720,0.19,40.4481667,-121.4736667,California,8/11/16 2:26
4721,0.19,40.449,-121.4735,California,8/11/16 2:26
4722,0.37,37.63,-118.9386667,California,8/11/16 2:28
4727,0.98,33.0185,-116.3483333,California,8/11/16 2:54
4729,0.84,34.0838333,-117.298,California,8/11/16 2:59
4730,1.04,38.8373337,-122.8408356,California,8/11/16 3:06
4732,0.4,36.7271,-118.0209,California,8/11/16 3:10
4733,0.64,38.7786674,-122.7236633,California,8/11/16 3:12
4736,0.98,38.7985001,-122.7611694,California,8/11/16 3:23
4741,1.63,33.6543333,-118.3808333,California,8/11/16 3:41
4743,0.29,33.5226667,-116.5138333,California,8/11/16 3:48
4747,1.3,36.6818333,-121.3196667,California,8/11/16 4:04
4749,1.21,34.2368333,-116.7428333,California,8/11/16 4:16
4752,0.53,33.2223333,-116.7221667,California,8/11/16 4:19
4758,0.38,37.6278333,-118.9386667,California,8/11/16 4:44
4761,1.43,33.6501667,-116.7238333,California,8/11/16 5:05
4762,1.3,37.6373333,-118.9416667,California,8/11/16 5:06
4763,1.26,37.6365,-118.94,California,8/11/16 5:07
4764,0.33,37.6385,-118.9408333,California,8/11/16 5:08
4769,1.26,36.0928333,-118.3531667,California,8/11/16 5:51
4771,0.66,33.6743333,-116.7656667,California,8/11/16 6:03
4773,1.12,35.9518333,-117.6581667,California,8/11/16 6:12
4774,1.08,38.8231659,-122.8434982,California,8/11/16 6:14
4775,1.06,33.2258333,-116.0883333,California,8/11/16 6:38
4776,0.46,38.8083333,-122.8011667,California,8/11/16 6:42
4779,2.19,39.3193333,-122.788,California,8/11/16 6:48
4780,1.5,36.5253333,-117.8378333,California,8/11/16 6:49
4784,1.17,33.2013333,-116.0291667,California,8/11/16 7:08
4785,0.48,34.0191667,-117.2208333,California,8/11/16 7:14
4786,0.76,34.0156667,-117.5435,California,8/11/16 7:17
4789,0.67,34.068,-116.7255,California,8/11/16 7:22
4790,0.78,34.0086667,-117.1845,California,8/11/16 7:23
4792,0.38,38.8260002,-122.7624969,California,8/11/16 7:44
4797,0.19,33.5078333,-116.5488333,California,8/11/16 7:55
4800,1.65,33.9051667,-118.3683333,California,8/11/16 8:01
4801,2.13,34.4801667,-116.5096667,California,8/11/16 8:04
4802,0.55,33.7053333,-116.7171667,California,8/11/16 8:06
4803,0.4,40.1429,-120.2151,California,8/11/16 8:11
4804,0.52,37.5238333,-118.8156667,California,8/11/16 8:11
4805,1.35,32.5611667,-116.1745,California,8/11/16 8:14
4806,1.32,34.2385,-116.7426667,California,8/11/16 8:16
4807,1.13,36.6108333,-121.2105,California,8/11/16 8:16
4808,0.67,33.0406667,-116.446,California,8/11/16 8:19
4810,0.9,36.6921667,-121.3405,California,8/11/16 8:26
4813,0.23,33.9313333,-116.8266667,California,8/11/16 8:34
4814,1.98,34.481,-116.5091667,California,8/11/16 8:40
4815,0.79,33.2335,-116.0763333,California,8/11/16 8:46
4816,1.57,37.628,-118.9371667,California,8/11/16 8:51
4817,2.6,37.6301667,-118.9386667,California,8/11/16 8:51
4818,0.64,37.6316667,-118.938,California,8/11/16 8:52
4819,0.35,37.6308333,-118.9441667,California,8/11/16 8:54
4820,0.13,37.6303333,-118.9433333,California,8/11/16 8:56
4821,1.62,37.6295,-118.9403333,California,8/11/16 9:00
4822,0.29,33.502,-116.5283333,California,8/11/16 9:00
4823,0.57,38.8424988,-122.841835,California,8/11/16 9:01
4828,0.64,34.1031667,-117.6055,California,8/11/16 9:13
4831,0.08,37.634,-118.9468333,California,8/11/16 9:29
4834,0.04,37.627,-118.9403333,California,8/11/16 9:40
4835,0.72,37.6285,-118.9418333,California,8/11/16 9:43
4836,1.19,37.6296667,-118.9398333,California,8/11/16 9:44
4837,1.64,35.8053333,-121.3808333,California,8/11/16 9:47
4841,2.25,39.3183333,-122.7905,California,8/11/16 10:00
4842,0.19,37.6385,-118.9516667,California,8/11/16 10:09
4843,1.09,37.6358333,-118.8873333,California,8/11/16 10:14
4844,0.32,37.6371667,-118.8856667,California,8/11/16 10:16
4846,0.32,37.6355,-118.9485,California,8/11/16 10:32
4847,0.05,37.6335,-118.9505,California,8/11/16 10:34
4848,0.07,37.6295,-118.9431667,California,8/11/16 10:35
4849,1.15,37.6273333,-118.9401667,California,8/11/16 10:36
4850,1.22,37.6278333,-118.9406667,California,8/11/16 10:36
4852,0.68,33.4183333,-116.6103333,California,8/11/16 10:39
4853,0.64,37.6288333,-118.9428333,California,8/11/16 10:40
4854,0.59,33.5168333,-116.5501667,California,8/11/16 10:43
4856,0.18,37.6343333,-118.9486667,California,8/11/16 10:49
4858,0.33,37.6315,-118.9445,California,8/11/16 10:56
4860,0.8,40.1373,-120.215,California,8/11/16 11:04
4862,1.14,38.0013333,-122.2916667,California,8/11/16 11:16
4863,0.05,37.6291667,-118.8886667,California,8/11/16 11:17
4864,1.44,34.0448333,-117.2568333,California,8/11/16 11:25
4865,0.39,37.6283333,-118.9393333,California,8/11/16 11:39
4869,0.37,37.631,-118.944,California,8/11/16 11:51
4872,0.77,37.6356667,-118.8865,California,8/11/16 11:53
4878,1.92,39.3211667,-122.7761667,California,8/11/16 12:14
4879,0.95,33.032,-116.4248333,California,8/11/16 12:20
4882,1.84,36.1856667,-118.1136667,California,8/11/16 13:04
4887,0.73,38.8178329,-122.7948303,California,8/11/16 13:24
4888,0.87,38.7915,-122.7533333,California,8/11/16 13:28
4889,1.07,38.7873333,-122.7498333,California,8/11/16 13:28
4892,0.6,33.477,-116.5156667,California,8/11/16 13:44
4893,0.89,38.8008347,-122.822998,California,8/11/16 13:53
4895,1.18,38.8306656,-122.7505035,California,8/11/16 14:00
4900,1.64,38.8131667,-122.8175,California,8/11/16 14:17
4903,0.91,36.6006667,-121.2071667,California,8/11/16 14:35
4905,1.14,38.7861671,-122.7508316,California,8/11/16 14:43
4907,0.46,33.5088333,-116.5348333,California,8/11/16 14:49
4909,1.47,36.8965,-121.6173333,California,8/11/16 15:02
4910,1.32,34.9993333,-118.2005,California,8/11/16 15:04
4911,0.93,34.2443333,-118.6681667,California,8/11/16 15:05
4917,1.17,34.036,-116.7461667,California,8/11/16 15:53
4918,1.07,33.182,-116.415,California,8/11/16 15:57
4919,0.7,33.8756667,-117.5016667,California,8/11/16 16:00
4920,1.02,34.0343333,-116.7496667,California,8/11/16 16:01
4922,1.03,38.8138351,-122.8178329,California,8/11/16 16:12
4925,1.81,39.3163333,-122.7943333,California,8/11/16 16:30
4926,1.97,33.891,-118.2551667,California,8/11/16 16:31
4929,0.72,33.5043333,-116.5338333,California,8/11/16 16:43
4932,1.09,33.0353333,-116.4263333,California,8/11/16 16:50
4934,0.83,38.8064995,-122.7770004,California,8/11/16 16:51
4940,0.83,38.8153343,-122.8263321,California,8/11/16 17:22
4944,0.48,37.6686667,-118.8533333,California,8/11/16 17:36
4947,1.39,38.809,-122.8013333,California,8/11/16 17:53
4949,1.05,33.0388333,-116.413,California,8/11/16 17:54
4953,1.43,33.037,-116.4196667,California,8/11/16 18:02
4958,0.4,35.5686667,-121.0445,California,8/11/16 18:30
4963,0.8,35.7893,-116.5477,California,8/11/16 18:54
4965,0.52,33.6726667,-116.722,California,8/11/16 19:01
4968,1.18,34.453,-119.2916667,California,8/11/16 19:17
4970,0.35,37.6381667,-118.889,California,8/11/16 19:30
4971,0.77,37.4608333,-118.8428333,California,8/11/16 19:35
4973,1.07,37.3125,-121.4875,California,8/11/16 19:48
4975,0.29,33.5061667,-116.5355,California,8/11/16 19:53
4977,0.7,39.8482,-120.6907,California,8/11/16 19:58
4978,0.13,37.6381667,-118.956,California,8/11/16 20:02
4979,0.39,37.6298333,-118.9366667,California,8/11/16 20:03
4981,0.68,38.8093333,-122.819,California,8/11/16 20:08
4982,1,40.1507,-120.2269,California,8/11/16 20:12
4984,0.57,38.8436661,-122.8303299,California,8/11/16 20:18
4986,0.53,33.4465,-116.4586667,California,8/11/16 20:35
4987,0.86,33.6608333,-116.7136667,California,8/11/16 20:38
4992,1.77,39.3341667,-122.8,California,8/11/16 21:03
4996,0.71,34.0045,-117.0901667,California,8/11/16 21:22
4997,0.5,37.4188333,-121.7831667,California,8/11/16 21:24
5003,1,34.3035,-116.844,California,8/11/16 21:34
5007,1.16,37.6305,-118.9423333,California,8/11/16 21:58
5008,0.51,37.627,-118.9408333,California,8/11/16 21:58
5009,1.38,37.6278333,-118.941,California,8/11/16 21:59
5012,0.48,37.5816667,-118.9338333,California,8/11/16 22:08
5016,2.28,37.6318333,-118.9386667,California,8/11/16 22:30
5024,2.09,39.3923333,-120.1915,California,8/11/16 22:56
5026,1.05,38.8145,-122.8155,California,8/11/16 23:09
5032,0.21,37.6375,-118.975,California,8/11/16 23:37
5034,0.73,38.8423347,-122.8778305,California,8/11/16 23:50
5044,0.14,37.626,-118.9358333,California,8/12/16 0:20
5045,0.4,37.588,-119.0103333,California,8/12/16 0:26
5047,1.8,37.979,-121.857,California,8/12/16 0:30
5050,0.74,38.8186684,-122.8241653,California,8/12/16 0:38
5051,0.68,36.561,-121.1611667,California,8/12/16 0:45
5052,1.18,33.6521667,-116.719,California,8/12/16 0:46
5055,0.63,37.5351667,-118.8913333,California,8/12/16 1:01
5057,2.08,37.0281667,-121.4911667,California,8/12/16 1:03
5066,0.04,37.6225,-118.8511667,California,8/12/16 1:58
5068,1.1,37.4661,-118.0541,California,8/12/16 2:01
5074,1.6,39.355,-122.789,California,8/12/16 2:25
5075,1.9,39.3383333,-122.7813333,California,8/12/16 2:25
5077,1.36,32.933,-115.5208333,California,8/12/16 2:33
5078,0.83,38.8778343,-122.8236694,California,8/12/16 2:48
5079,1.92,33.8998333,-118.9355,California,8/12/16 2:53
5084,0.51,37.5321667,-118.8445,California,8/12/16 3:17
5085,0.64,37.63,-118.9383333,California,8/12/16 3:20
5089,0.57,37.5131667,-118.8263333,California,8/12/16 3:42
5092,0.9,34.4748333,-117.8993333,California,8/12/16 3:53
5095,0.62,35.952,-117.6556667,California,8/12/16 4:10
5096,0.7,35.9528333,-117.6565,California,8/12/16 4:10
5098,0.63,35.9518333,-117.656,California,8/12/16 4:17
5111,0.74,33.034,-116.4268333,California,8/12/16 4:56
5113,1.54,34.4445,-119.2733333,California,8/12/16 5:01
5114,3.41,36.5765,-121.1765,California,8/12/16 5:08
5116,0.43,33.4926667,-116.476,California,8/12/16 5:11
5120,0.89,38.8168335,-122.7611694,California,8/12/16 5:36
5122,0.98,33.9795,-116.8788333,California,8/12/16 5:45
5123,0.45,38.8423333,-122.8263333,California,8/12/16 5:49
5124,0.58,35.953,-117.6583333,California,8/12/16 5:59
5125,0.74,33.7623333,-115.9168333,California,8/12/16 6:18
5126,0.87,35.9535,-117.6593333,California,8/12/16 6:19
5127,2.01,39.2513333,-123.4493333,California,8/12/16 6:20
5130,1,36.5778333,-121.1795,California,8/12/16 6:45
5135,1.15,33.6885,-116.7681667,California,8/12/16 7:01
5137,1.06,38.8180008,-122.8166656,California,8/12/16 7:17
5140,0.7,33.9843333,-116.9528333,California,8/12/16 7:32
5141,0.24,33.539,-116.695,California,8/12/16 7:33
5143,1.75,39.322,-122.7845,California,8/12/16 7:40
5144,1.79,39.331,-122.7968333,California,8/12/16 7:41
5145,0.97,34.0738333,-116.6745,California,8/12/16 7:41
5148,1.2,36.5576667,-121.0821667,California,8/12/16 8:00
5149,2.12,33.9976667,-118.3513333,California,8/12/16 8:04
5153,0.85,33.041,-116.4416667,California,8/12/16 8:24
5157,1.11,37.5458333,-121.6745,California,8/12/16 8:52
5158,0.71,34.3605,-116.9566667,California,8/12/16 8:53
5159,1.28,33.1538333,-115.6486667,California,8/12/16 8:57
5161,1.83,35.2278333,-120.4951667,California,8/12/16 9:01
5162,1.24,37.5676667,-118.8095,California,8/12/16 9:06
5163,0.08,37.6356667,-118.9496667,California,8/12/16 9:18
5166,0.63,38.81,-122.8011667,California,8/12/16 9:32
5172,1.72,33.3363333,-115.7165,California,8/12/16 10:02
5176,1.38,33.1891667,-115.6098333,California,8/12/16 10:27
5179,1.79,35.9551667,-117.6581667,California,8/12/16 10:41
5181,0.93,33.5386667,-116.6903333,California,8/12/16 10:55
5183,1.42,39.2525,-123.45,California,8/12/16 10:57
5187,0.99,34.2925,-117.0036667,California,8/12/16 11:18
5188,0.92,33.8623333,-117.6691667,California,8/12/16 11:30
5190,0.57,37.5483333,-118.8255,California,8/12/16 11:39
5191,0.73,35.9508333,-117.6563333,California,8/12/16 11:44
5192,0.6,35.9566667,-117.6533333,California,8/12/16 11:44
5193,0.89,35.9546667,-117.6606667,California,8/12/16 11:49
5194,1.1,35.952,-117.6585,California,8/12/16 11:49
5195,1.39,33.852,-117.4941667,California,8/12/16 11:57
5197,0.61,35.9276667,-120.4766667,California,8/12/16 11:59
5198,0.36,33.5126667,-116.5335,California,8/12/16 12:03
5200,0.81,38.8406677,-122.8776703,California,8/12/16 12:20
5205,1.08,37.4181667,-121.7723333,California,8/12/16 12:53
5206,0.59,33.2361667,-116.1928333,California,8/12/16 12:55
5207,0.77,33.3456667,-115.7111667,California,8/12/16 12:55
5213,0.97,38.8358345,-122.7733307,California,8/12/16 13:13
5218,0.8,39.4138,-120.1318,California,8/12/16 13:28
5219,1.57,35.9523333,-117.6581667,California,8/12/16 13:34
5222,1.53,37.3295,-122.1046667,California,8/12/16 13:41
5225,1.05,33.9246667,-116.0273333,California,8/12/16 13:56
5227,0.45,33.9695,-116.644,California,8/12/16 14:06
5229,1.53,34.3395,-116.8531667,California,8/12/16 14:12
5230,1.78,39.32,-122.7891667,California,8/12/16 14:12
5231,0.97,34.0538333,-117.3571667,California,8/12/16 14:15
5233,0.26,35.9545,-117.66,California,8/12/16 14:18
5237,1.29,35.9538333,-117.6585,California,8/12/16 14:36
5240,0.55,38.7589989,-122.7251663,California,8/12/16 14:48
5245,0.29,37.526,-118.8846667,California,8/12/16 15:05
5246,1.8,33.8485,-117.4883333,California,8/12/16 15:18
5248,1.57,40.2315,-121.1153333,California,8/12/16 15:19
5251,1.95,34.3123333,-117.0151667,California,8/12/16 15:37
5253,1.78,33.0586667,-114.9865,California,8/12/16 15:40
5255,0.92,33.7721667,-117.4455,California,8/12/16 15:47
5256,1.48,39.3198333,-122.7873333,California,8/12/16 16:00
5258,1.88,40.2015,-121.1173333,California,8/12/16 16:12
5259,1.17,40.4826667,-121.984,California,8/12/16 16:13
5263,1.78,39.3326667,-122.7986667,California,8/12/16 16:29
5264,0.78,35.6825,-121.1291667,California,8/12/16 16:35
5272,1.82,38.8105,-122.8263333,California,8/12/16 16:59
5274,1.53,38.7421667,-122.7063333,California,8/12/16 17:04
5276,0.9,33.4508333,-116.3918333,California,8/12/16 17:20
5282,1.06,33.2545,-116.4065,California,8/12/16 17:35
5283,1.13,37.4615,-118.821,California,8/12/16 17:36
5284,0.85,33.4108333,-116.3365,California,8/12/16 17:44
5287,0.68,33.4876667,-116.4113333,California,8/12/16 18:06
5288,1.11,36.5585,-121.1561667,California,8/12/16 18:09
5289,0.9,37.2051,-118.1259,California,8/12/16 18:32
5294,0.63,37.6698333,-118.8456667,California,8/12/16 19:16
5298,1.01,38.8028333,-122.7096667,California,8/12/16 19:53
5301,1.51,33.9753333,-117.5313333,California,8/12/16 20:09
5303,1.37,38.791,-122.7588333,California,8/12/16 20:16
5305,1.33,35.9533333,-117.6585,California,8/12/16 20:20
5306,0.33,37.6468333,-118.8843333,California,8/12/16 20:21
5307,2,37.8585,-122.5893333,California,8/12/16 20:23
5309,0.77,33.4841667,-116.4091667,California,8/12/16 20:27
5310,0.67,37.6478333,-118.887,California,8/12/16 20:30
5313,0.76,37.6461667,-118.8881667,California,8/12/16 20:32
5315,0.23,37.6471667,-118.8825,California,8/12/16 20:33
5320,0.53,37.6486667,-118.8863333,California,8/12/16 20:59
5321,1.3,35.7785,-121.2273333,California,8/12/16 21:06
5323,1,38.769165,-122.7096634,California,8/12/16 21:09
5324,1.59,40.461,-122.0623333,California,8/12/16 21:10
5326,1.14,33.4111667,-116.3378333,California,8/12/16 21:12
5329,0.39,37.7098333,-118.8715,California,8/12/16 21:17
5330,0.92,38.8135,-122.813,California,8/12/16 21:20
5332,1,36.0016667,-117.3586667,California,8/12/16 21:26
5333,0.14,37.6556667,-118.8863333,California,8/12/16 21:28
5334,1.68,35.9538333,-117.6568333,California,8/12/16 21:36
5335,0.69,36.7026667,-121.3433333,California,8/12/16 21:42
5339,0.6,33.868,-116.5436667,California,8/12/16 22:19
5341,1.57,35.9531667,-117.6586667,California,8/12/16 22:37
5342,0.71,35.9476667,-117.6578333,California,8/12/16 22:38
5343,1.5,38.929,-122.2291667,California,8/12/16 22:39
5344,0.48,33.4708333,-116.4818333,California,8/12/16 22:44
5345,2.49,35.9526667,-117.659,California,8/12/16 22:47
5346,1.17,35.9486667,-117.6573333,California,8/12/16 22:47
5347,1.12,35.9515,-117.6576667,California,8/12/16 22:48
5348,0.26,35.9505,-117.6565,California,8/12/16 22:48
5350,0.64,35.9531667,-117.6563333,California,8/12/16 22:59
5351,0.81,33.7643333,-115.9088333,California,8/12/16 23:05
5354,1.23,38.8371667,-122.8021667,California,8/12/16 23:13
5355,1.08,38.8089981,-122.800499,California,8/12/16 23:24
5358,1.7,39.3141667,-122.786,California,8/12/16 23:32
5359,0.46,38.823,-122.8073333,California,8/12/16 23:32
5362,0.22,35.9535,-117.6563333,California,8/12/16 23:42
5364,0.59,33.5028333,-116.5358333,California,8/12/16 23:58
5365,1.38,35.9566667,-117.6565,California,8/13/16 0:05
5368,0.81,35.9513333,-117.657,California,8/13/16 0:08
5369,0.76,37.4683333,-118.845,California,8/13/16 0:10
5371,0.64,33.508,-116.5295,California,8/13/16 0:24
5375,0.12,33.502,-116.5321667,California,8/13/16 0:51
5378,1.29,34.0133333,-118.3531667,California,8/13/16 1:09
5379,1.77,39.3273333,-122.7958333,California,8/13/16 1:14
5381,0.76,36.5806667,-121.1846667,California,8/13/16 1:28
5384,0.53,37.5753333,-118.9333333,California,8/13/16 1:43
5386,0.1,37.5816667,-118.9375,California,8/13/16 1:47
5387,0.27,35.9501667,-117.6571667,California,8/13/16 1:47
5389,1.53,35.5546667,-119.3751667,California,8/13/16 2:06
5390,1.18,34.0656667,-117.2698333,California,8/13/16 2:10
5391,1.02,33.0858333,-116.5451667,California,8/13/16 2:11
5394,1.25,33.2718333,-116.7783333,California,8/13/16 2:25
5399,0.69,34.1553333,-116.4165,California,8/13/16 2:57
5404,0.53,35.9541667,-117.6583333,California,8/13/16 3:14
5405,1.24,38.8401667,-122.8285,California,8/13/16 3:17
5406,0.78,37.3191667,-121.6903333,California,8/13/16 3:32
5407,0.5,36.8153,-117.7155,California,8/13/16 3:34
5408,0.66,37.5726667,-118.8563333,California,8/13/16 3:49
5413,0.71,35.9528333,-117.6558333,California,8/13/16 4:14
5414,1.01,38.8236656,-122.8041687,California,8/13/16 4:15
5415,1.06,38.8253326,-122.8051682,California,8/13/16 4:16
5416,1.1,40.1894,-121.0685,California,8/13/16 4:17
5417,1.08,36.4603333,-121.0281667,California,8/13/16 4:21
5423,0.99,33.9516667,-118.321,California,8/13/16 4:40
5426,0.2,36.5265,-117.4686,California,8/13/16 5:00
5429,0.61,33.7006667,-116.7788333,California,8/13/16 5:06
5435,0.48,38.7869987,-122.7631683,California,8/13/16 6:02
5438,2.59,37.8095,-121.953,California,8/13/16 6:28
5440,0.61,33.136,-116.6728333,California,8/13/16 6:39
5441,1.3,40.1787,-121.0579,California,8/13/16 6:50
5442,0.92,33.6768333,-116.7813333,California,8/13/16 6:52
5443,1.17,33.6776667,-116.7828333,California,8/13/16 6:52
5451,0.96,37.0776667,-122.0096667,California,8/13/16 7:37
5452,1.29,36.0608333,-120.1933333,California,8/13/16 7:44
5453,1.12,32.665,-115.8173333,California,8/13/16 7:45
5457,1.13,33.1691667,-116.0088333,California,8/13/16 8:05
5460,1.24,34.2951667,-116.8783333,California,8/13/16 8:19
5464,1.84,33.0345,-116.4228333,California,8/13/16 8:37
5466,1.11,40.2923333,-121.2531667,California,8/13/16 8:44
5467,0.23,35.9875,-120.5491667,California,8/13/16 9:05
5471,1,35.0333333,-118.9835,California,8/13/16 9:19
5474,0.73,38.8330002,-122.8085022,California,8/13/16 9:28
5476,0.83,33.4136667,-116.3411667,California,8/13/16 9:35
5478,1.11,38.7854996,-122.7630005,California,8/13/16 9:49
5481,0.26,38.823,-122.7795,California,8/13/16 10:07
5484,1.14,35.038,-118.9816667,California,8/13/16 10:22
5485,3.03,37.479,-118.7826667,California,8/13/16 10:30
5486,1.06,37.48,-118.78,California,8/13/16 10:34
5488,0.82,37.4791667,-118.7796667,California,8/13/16 10:35
5489,1.55,37.4793333,-118.7801667,California,8/13/16 10:40
5490,0.85,33.3306667,-116.8695,California,8/13/16 11:02
5492,0.3,37.2182,-117.8613,California,8/13/16 11:20
5493,0.48,33.5255,-116.5265,California,8/13/16 11:22
5494,2.46,37.4815,-118.7805,California,8/13/16 11:24
5495,0.85,37.4791667,-118.777,California,8/13/16 11:28
5497,3.49,37.4808333,-118.7821667,California,8/13/16 11:37
5499,1.11,38.8313333,-122.8803333,California,8/13/16 11:43
5500,1.03,38.8305,-122.8791667,California,8/13/16 11:43
5501,1.18,37.4826667,-118.783,California,8/13/16 11:46
5505,1.91,37.484,-118.7798333,California,8/13/16 12:07
5506,1.03,37.4815,-118.7815,California,8/13/16 12:16
5508,0.68,37.4776667,-118.7968333,California,8/13/16 12:30
5509,0.55,35.954,-117.6576667,California,8/13/16 12:30
5510,0.27,35.5198333,-118.0945,California,8/13/16 12:30
5512,1.11,37.4831667,-118.8331667,California,8/13/16 12:35
5515,3.31,37.4823333,-118.7795,California,8/13/16 12:51
5517,0.74,37.4816667,-118.7901667,California,8/13/16 12:58
5518,0.63,33.5056667,-116.5325,California,8/13/16 12:59
5520,1.01,33.2511667,-116.3995,California,8/13/16 13:01
5521,0.53,40.4043333,-121.4736667,California,8/13/16 13:22
5522,2.78,37.4801667,-118.786,California,8/13/16 13:41
5523,2.72,37.4826667,-118.7835,California,8/13/16 13:48
5524,1.15,38.8230019,-122.8431702,California,8/13/16 13:52
5525,1.74,34.699,-117.951,California,8/13/16 13:57
5526,0.46,38.805,-122.7336667,California,8/13/16 13:59
5527,0.99,37.6355,-118.8865,California,8/13/16 14:04
5528,1.5,37.6355,-118.8863333,California,8/13/16 14:04
5529,0.63,38.1571667,-122.4735,California,8/13/16 14:10
5530,2.59,37.4833333,-118.7811667,California,8/13/16 14:14
5541,0.75,37.6351667,-118.8771667,California,8/13/16 14:55
5542,1.34,37.6341667,-118.8748333,California,8/13/16 14:56
5543,0.87,37.4768333,-118.7948333,California,8/13/16 14:59
5544,0.56,37.6341667,-118.8831667,California,8/13/16 15:01
5546,2.45,37.485,-118.7813333,California,8/13/16 15:07
5547,1.58,37.3933333,-118.4463333,California,8/13/16 15:17
5548,3.44,37.4846667,-118.7798333,California,8/13/16 15:24
5549,2.58,37.4975,-118.8205,California,8/13/16 15:24
5550,0.1,38.7708333,-122.6943333,California,8/13/16 15:30
5551,2.73,37.4833333,-118.7851667,California,8/13/16 15:30
5552,0.78,37.4766667,-118.7965,California,8/13/16 15:36
5557,0.64,35.9531667,-117.6598333,California,8/13/16 16:10
5561,0.29,37.6325,-118.8943333,California,8/13/16 16:21
5562,1.47,35.9546667,-117.6593333,California,8/13/16 16:27
5564,0.72,38.8191681,-122.7754974,California,8/13/16 16:30
5565,1.31,37.5303333,-118.8898333,California,8/13/16 16:34
5570,0.59,37.4843333,-118.8466667,California,8/13/16 16:54
5571,0.18,37.63,-118.8923333,California,8/13/16 16:56
5572,0.55,37.4903333,-118.8201667,California,8/13/16 17:14
5574,0.36,37.629,-118.9366667,California,8/13/16 17:16
5575,1.66,39.4171667,-123.3158333,California,8/13/16 17:18
5576,0.97,37.4841667,-118.7793333,California,8/13/16 17:23
5581,0.66,37.4906667,-118.823,California,8/13/16 17:50
5582,1.51,36.1791667,-120.7518333,California,8/13/16 17:52
5583,0.82,38.822834,-122.7819977,California,8/13/16 18:00
5586,0.98,33.276,-116.107,California,8/13/16 18:14
5587,0.96,37.4843333,-118.7758333,California,8/13/16 18:15
5589,1.36,33.0325,-116.4211667,California,8/13/16 18:44
5592,1.39,34.6383333,-116.6571667,California,8/13/16 18:52
5593,0.82,38.7663345,-122.7331696,California,8/13/16 18:53
5599,0.41,37.6016667,-118.94,California,8/13/16 19:25
5602,0.87,33.6251667,-116.5778333,California,8/13/16 19:31
5604,1.02,38.1678333,-122.2793333,California,8/13/16 19:38
5608,0.73,37.48,-118.7805,California,8/13/16 20:05
5610,1.95,37.4853333,-118.7835,California,8/13/16 20:19
5611,0.32,38.8279991,-122.854332,California,8/13/16 20:37
5612,0.69,34.0906667,-117.5815,California,8/13/16 20:47
5614,0.51,37.5615,-118.858,California,8/13/16 20:56
5615,2.95,37.4841667,-118.783,California,8/13/16 21:04
5617,0.91,34.2823333,-118.4651667,California,8/13/16 21:10
5618,1.9,36.2478333,-120.8163333,California,8/13/16 21:13
5619,1.24,34.2945,-118.4721667,California,8/13/16 21:22
5621,1.57,35.451,-118.4025,California,8/13/16 21:30
5622,1.91,37.673,-121.9663333,California,8/13/16 21:36
5626,1.03,35.9486667,-117.659,California,8/13/16 22:13
5627,1.31,35.9513333,-117.6573333,California,8/13/16 22:25
5628,0.86,35.4536667,-118.3536667,California,8/13/16 22:30
5630,0.55,35.947,-117.6561667,California,8/13/16 22:37
5631,0.51,35.9503333,-117.6601667,California,8/13/16 22:38
5632,1.07,35.9508333,-117.6573333,California,8/13/16 22:43
5634,1.25,37.4863333,-118.7798333,California,8/13/16 22:51
5635,0.47,38.7579994,-122.7346649,California,8/13/16 22:54
5636,0.96,35.6825,-121.1238333,California,8/13/16 22:58
5637,0.79,35.9518333,-117.6591667,California,8/13/16 23:07
5639,1.12,35.9535,-117.6608333,California,8/13/16 23:11
5641,0.88,35.9545,-117.6571667,California,8/13/16 23:14
5644,1.77,39.3336667,-122.7995,California,8/13/16 23:26
5645,2.22,32.9561667,-115.5521667,California,8/13/16 23:33
5648,0.47,33.7195,-116.957,California,8/13/16 23:52
5649,1.57,37.172,-118.6536667,California,8/14/16 0:01
5650,2.16,37.4848333,-118.7828333,California,8/14/16 0:02
5655,1.37,32.9398333,-115.5495,California,8/14/16 0:32
5656,0.53,38.8255005,-122.7656631,California,8/14/16 0:36
5658,1.37,37.3845,-118.499,California,8/14/16 0:45
5659,0.63,37.4815,-118.8513333,California,8/14/16 0:49
5662,0.56,38.8230019,-122.8300018,California,8/14/16 1:20
5664,1.29,36.643,-121.188,California,8/14/16 1:29
5665,0.5,40.1343,-120.2173,California,8/14/16 1:44
5666,1.07,36.9283333,-121.5365,California,8/14/16 1:52
5667,0.5,40.2598,-120.4123,California,8/14/16 1:54
5670,2.07,39.3136667,-122.783,California,8/14/16 2:12
5671,1.04,36.6425,-121.1901667,California,8/14/16 2:30
5672,0.53,33.4866667,-116.5373333,California,8/14/16 2:31
5673,1.75,39.3393333,-122.8081667,California,8/14/16 2:40
5674,0.7,37.9634,-118.6189,California,8/14/16 2:52
5675,1.8,36.2565,-120.3786667,California,8/14/16 3:01
5676,0.69,34.0601667,-117.2706667,California,8/14/16 3:33
5677,0.83,37.4866667,-118.7775,California,8/14/16 3:35
5678,1.5,37.9967,-118.0842,California,8/14/16 3:46
5679,0.11,38.8375,-122.8018333,California,8/14/16 3:49
5682,1.1,39.2412,-120.1072,California,8/14/16 4:19
5684,0.45,36.03,-117.7768333,California,8/14/16 4:26
5687,0.3,37.8739,-118.5578,California,8/14/16 4:44
5688,1.99,35.4811667,-118.4256667,California,8/14/16 4:46
5691,1.04,37.4858333,-118.78,California,8/14/16 5:17
5692,1.13,36.5833333,-121.1901667,California,8/14/16 5:19
5693,1.18,38.8190002,-122.8051682,California,8/14/16 5:30
5694,0.66,35.9501667,-117.6581667,California,8/14/16 5:45
5697,1.15,37.4855,-118.7791667,California,8/14/16 5:53
5699,0.64,38.8354988,-122.7871704,California,8/14/16 5:59
5700,0.69,33.4988333,-116.4963333,California,8/14/16 6:09
5701,2.71,40.0275,-120.8158333,California,8/14/16 6:21
5703,1.8,37.5838333,-119.0135,California,8/14/16 6:24
5705,1.28,37.4908333,-118.7825,California,8/14/16 6:40
5707,1.02,34.0083333,-117.2211667,California,8/14/16 6:56
5708,0.65,33.9368333,-116.8486667,California,8/14/16 7:00
5709,0.53,35.994,-120.5496667,California,8/14/16 7:11
5712,0.05,33.5031667,-116.5321667,California,8/14/16 7:29
5713,1.72,37.7388333,-122.4303333,California,8/14/16 7:35
5714,1.19,33.8991667,-117.8533333,California,8/14/16 7:37
5718,1.46,36.5965,-117.091,California,8/14/16 8:01
5719,2.86,37.4865,-118.7791667,California,8/14/16 8:05
5721,0.76,37.639,-118.8828333,California,8/14/16 8:07
5723,0.74,34.3808333,-116.4476667,California,8/14/16 8:10
5724,0.9,35.9968333,-120.5515,California,8/14/16 8:20
5727,0.44,33.4953333,-116.4888333,California,8/14/16 8:46
5728,1.1,40.0281,-120.8165,California,8/14/16 8:48
5731,2.37,32.7721667,-115.4426667,California,8/14/16 9:13
5732,1.52,32.7766667,-115.4521667,California,8/14/16 9:16
5733,1.75,32.7786667,-115.4498333,California,8/14/16 9:17
5738,1.19,33.272,-116.1085,California,8/14/16 9:33
5740,1.2,32.783,-115.45,California,8/14/16 9:34
5742,0.64,35.9546667,-117.6581667,California,8/14/16 9:56
5746,0.49,37.537,-118.8495,California,8/14/16 10:11
5748,1.32,32.7853333,-115.4565,California,8/14/16 10:29
5752,0.9,38.3375,-119.4465,California,8/14/16 10:38
5753,1.9,32.7813333,-115.4486667,California,8/14/16 10:39
5754,0.21,37.587,-119.012,California,8/14/16 10:39
5756,1.13,37.3728333,-122.2131667,California,8/14/16 10:58
5757,0.68,37.5125,-118.8315,California,8/14/16 11:01
5759,1.1,33.5566667,-116.432,California,8/14/16 11:11
5761,1.1,38.3135,-119.4707,California,8/14/16 11:13
5765,2.48,36.9115,-117.3375,California,8/14/16 11:37
5766,1.11,38.7923317,-122.7683334,California,8/14/16 11:45
5770,1.34,39.9725,-122.8456667,California,8/14/16 12:09
5774,1.18,33.5543333,-116.4273333,California,8/14/16 12:31
5775,1.78,32.884,-115.9566667,California,8/14/16 12:33
5777,1.05,32.8875,-115.9568333,California,8/14/16 12:35
5778,0.86,32.889,-115.9515,California,8/14/16 12:35
5779,0.2,40.1339,-120.2176,California,8/14/16 12:42
5780,1.2,37.9973,-118.0825,California,8/14/16 13:01
5781,1.6,33.8896667,-117.855,California,8/14/16 13:03
5782,0.6,40.1256,-120.2131,California,8/14/16 13:16
5784,0.5,39.3748,-120.1418,California,8/14/16 13:25
5786,1.77,35.8903333,-118.3573333,California,8/14/16 13:43
5787,1.11,36.0288333,-117.9725,California,8/14/16 13:44
5788,1.67,35.8883333,-118.3598333,California,8/14/16 13:46
5789,0.94,38.7531667,-122.6968333,California,8/14/16 13:50
5790,0.95,34.1963333,-117.592,California,8/14/16 13:54
5791,0.91,33.2548333,-116.1033333,California,8/14/16 14:02
5792,0.73,35.9543333,-117.6576667,California,8/14/16 14:13
5793,3.07,37.4836667,-118.7821667,California,8/14/16 14:23
5800,0.8,33.408,-116.331,California,8/14/16 14:51
5803,1.53,38.8053333,-122.8168333,California,8/14/16 14:59
5804,0.95,37.5626667,-118.7683333,California,8/14/16 15:21
5806,1.48,36.3943333,-116.5896667,California,8/14/16 15:26
5809,1.42,37.4808333,-118.7856667,California,8/14/16 15:34
5810,0.98,34.047,-116.9835,California,8/14/16 15:34
5812,0.62,37.5295,-118.7855,California,8/14/16 15:47
5814,0.67,34.0061667,-117.1725,California,8/14/16 16:08
5817,1.33,35.9971667,-120.5445,California,8/14/16 16:19
5818,0.4,35.989,-120.5446667,California,8/14/16 16:20
5819,1.01,36.56,-121.1541667,California,8/14/16 16:28
5820,0.86,38.8035011,-122.7900009,California,8/14/16 16:29
5821,1.17,38.8003349,-122.7870026,California,8/14/16 16:29
5822,0.69,38.8224983,-122.8451691,California,8/14/16 16:32
5823,1.52,32.8698333,-115.7551667,California,8/14/16 16:33
5824,2.26,36.8873333,-121.401,California,8/14/16 16:53
5825,0.38,38.7953339,-122.7588348,California,8/14/16 16:53
5826,1.38,33.6668333,-116.7271667,California,8/14/16 16:54
5827,2.22,34.2963333,-116.8818333,California,8/14/16 17:06
5828,1.44,34.2943333,-116.8805,California,8/14/16 17:07
5829,0.48,37.5771667,-118.8661667,California,8/14/16 17:32
5831,0.96,38.8286667,-122.8071671,California,8/14/16 17:46
5832,0.88,38.8116684,-122.824501,California,8/14/16 18:16
5834,0.87,33.977,-116.7896667,California,8/14/16 18:30
5835,0.9,38.8058319,-122.8231659,California,8/14/16 18:41
5836,0.6,37.6688333,-118.8953333,California,8/14/16 18:52
5837,0.07,37.6178333,-118.8921667,California,8/14/16 18:54
5839,0.08,37.6368333,-118.9538333,California,8/14/16 19:25
5843,1.32,32.9748333,-115.904,California,8/14/16 20:14
5847,0.28,33.5963333,-116.8111667,California,8/14/16 21:37
5848,0.88,37.4911667,-118.8263333,California,8/14/16 21:44
5850,0.2,33.5033333,-116.5315,California,8/14/16 21:46
5851,1.08,38.8185005,-122.8073349,California,8/14/16 21:47
5853,0.81,36.816,-121.3588333,California,8/14/16 21:52
5857,0.59,34.0013333,-116.8353333,California,8/14/16 22:18
5859,0.05,36.0208333,-117.9761667,California,8/14/16 22:25
5860,0.55,33.6521667,-116.7118333,California,8/14/16 22:26
5861,1.64,33.9526667,-116.7585,California,8/14/16 22:28
5862,0.96,34.0891667,-117.2876667,California,8/14/16 22:32
5864,1.16,37.5166667,-118.8988333,California,8/14/16 22:37
5870,0.88,37.4856667,-118.859,California,8/14/16 23:12
5872,0.94,36.4996667,-121.0798333,California,8/14/16 23:22
5873,1.63,37.3223333,-118.4071667,California,8/14/16 23:22
5874,1,35.0611667,-118.3221667,California,8/14/16 23:26
5879,1.45,38.7476667,-122.7091667,California,8/14/16 23:43
5880,0.87,33.0671667,-115.7958333,California,8/15/16 0:05
5881,1.03,33.7156667,-116.7645,California,8/15/16 0:16
5882,1.34,38.5031667,-122.4306667,California,8/15/16 0:25
5886,0.58,37.4953333,-118.8486667,California,8/15/16 0:40
5888,0.77,33.8296667,-117.041,California,8/15/16 0:58
5890,1.75,36.2993333,-120.7818333,California,8/15/16 1:11
5891,0.54,38.8208351,-122.8733368,California,8/15/16 1:15
5894,0.37,33.971,-116.9205,California,8/15/16 1:50
5897,0.7,39.3652,-121.2443,California,8/15/16 2:19
5902,0.3,39.3544,-120.1757,California,8/15/16 2:43
5903,0.91,37.4685,-118.8466667,California,8/15/16 2:43
5905,1.31,33.4815,-116.4293333,California,8/15/16 2:59
5907,1.27,32.6695,-115.9483333,California,8/15/16 3:24
5909,1.24,34.147,-118.3608333,California,8/15/16 3:52
5911,0.36,33.5041667,-116.5268333,California,8/15/16 4:12
5912,0.98,34.2031667,-117.7891667,California,8/15/16 4:22
5915,2.24,40.0298333,-120.8158333,California,8/15/16 4:23
5916,1.13,33.664,-116.7586667,California,8/15/16 4:26
5917,0.53,33.5038333,-116.5281667,California,8/15/16 4:33
5918,0.71,37.4946667,-118.809,California,8/15/16 4:36
5919,0.07,33.6441667,-116.7563333,California,8/15/16 4:48
5921,0.94,38.8233337,-122.8416672,California,8/15/16 5:06
5925,0.33,38.8018333,-122.79,California,8/15/16 6:10
5926,0.85,38.8063333,-122.7828333,California,8/15/16 6:12
5927,0.97,38.8035011,-122.7921677,California,8/15/16 6:12
5928,0.27,33.5,-116.5098333,California,8/15/16 6:16
5929,1.29,37.2223333,-117.6076667,California,8/15/16 6:22
5930,1,35.9316667,-117.6568333,California,8/15/16 6:22
5933,1.64,34.1183333,-116.9231667,California,8/15/16 6:40
5935,1.31,39.4098333,-120.1268333,California,8/15/16 6:53
5938,0.46,33.3745,-116.3785,California,8/15/16 7:09
5942,0.59,34.0235,-117.2241667,California,8/15/16 7:40
5943,1.88,37.4858333,-118.7816667,California,8/15/16 7:44
5944,0.42,33.4973333,-116.5263333,California,8/15/16 7:55
5945,0.41,34.0231667,-117.2178333,California,8/15/16 8:13
5948,1.85,38.8175,-122.8133333,California,8/15/16 8:19
5949,0.9,38.8163338,-122.8154984,California,8/15/16 8:20
5950,1.44,35.449,-118.4048333,California,8/15/16 8:27
5952,0.61,37.491,-118.8466667,California,8/15/16 9:04
5956,0.58,37.5238333,-118.8373333,California,8/15/16 9:38
5957,0.49,38.8103333,-122.8165,California,8/15/16 9:42
5958,0.94,38.815834,-122.8223343,California,8/15/16 9:45
5960,0.88,38.8098335,-122.817337,California,8/15/16 9:52
5962,1.25,38.8126667,-122.8286667,California,8/15/16 10:01
5964,1.41,33.036,-116.4236667,California,8/15/16 10:26
5968,1.92,38.8058333,-122.8236667,California,8/15/16 11:14
5970,0.78,33.4405,-116.4311667,California,8/15/16 11:19
5973,0.93,36.6183333,-121.217,California,8/15/16 11:30
5974,0.6,37.9261,-118.6435,California,8/15/16 11:35
5975,0.64,33.6801667,-116.9241667,California,8/15/16 11:46
5977,0.91,33.502,-116.524,California,8/15/16 11:58
5978,1.23,34.4338333,-119.2828333,California,8/15/16 11:59
5979,0.83,33.6825,-116.9208333,California,8/15/16 12:00
5982,3.62,36.7015,-121.338,California,8/15/16 12:17
5983,1.75,36.703,-121.3426667,California,8/15/16 12:21
5984,0.42,33.4991667,-116.5273333,California,8/15/16 12:55
5985,0.87,36.7013333,-121.3356667,California,8/15/16 12:57
5986,2.4,40.2191667,-124.9763333,California,8/15/16 13:03
5989,0.8,33.5005,-116.5325,California,8/15/16 13:20
5990,0.94,37.4048333,-121.7663333,California,8/15/16 13:25
5991,1.57,39.3111667,-122.79,California,8/15/16 13:25
5993,1.67,38.8433333,-122.8785,California,8/15/16 13:28
5994,1.9,39.1781667,-123.0583333,California,8/15/16 13:37
6000,0.53,35.9893333,-120.55,California,8/15/16 14:35
6001,1.5,36.584,-121.1836667,California,8/15/16 14:42
6002,0.45,38.8086667,-122.8178333,California,8/15/16 14:48
6005,1.71,33.0608333,-114.9868333,California,8/15/16 15:00
6006,1.39,38.7771667,-122.722,California,8/15/16 15:10
6008,0.72,37.4916667,-118.8148333,California,8/15/16 15:25
6009,0.96,33.6756667,-116.7705,California,8/15/16 15:39
6010,1.03,33.0526667,-116.4283333,California,8/15/16 15:41
6013,0.09,37.6081667,-118.9445,California,8/15/16 15:58
6015,0.6,40.0324,-120.8037,California,8/15/16 16:17
6016,0.72,38.8023333,-122.7725,California,8/15/16 16:20
6017,0.75,35.9498333,-117.6588333,California,8/15/16 16:21
6018,0.93,38.8404999,-122.8778305,California,8/15/16 16:27
6021,0.74,36.7028333,-121.3453333,California,8/15/16 16:49
6023,0.88,33.949,-116.8796667,California,8/15/16 16:57
6024,3.32,33.9803333,-116.7178333,California,8/15/16 17:02
6025,0.88,38.7908325,-122.7623367,California,8/15/16 17:05
6027,1.27,33.1185,-117.1475,California,8/15/16 17:09
6028,1.6,39.7743333,-120.7303333,California,8/15/16 17:10
6032,0.9,33.9841667,-116.7188333,California,8/15/16 17:16
6034,1.65,33.9856667,-116.7186667,California,8/15/16 17:18
6035,1.11,33.9841667,-116.7138333,California,8/15/16 17:26
6036,1.59,38.8276667,-122.8216667,California,8/15/16 17:30
6037,1.27,38.8245,-122.8213333,California,8/15/16 17:30
6038,0.99,33.1125,-117.1443333,California,8/15/16 17:30
6039,0.61,37.5723333,-118.8881667,California,8/15/16 17:35
6044,0.6,33.5036667,-116.526,California,8/15/16 18:16
6047,1.67,33.7653333,-115.9078333,California,8/15/16 18:27
6050,1.43,33.7655,-115.9076667,California,8/15/16 18:28
6052,2.2,33.7665,-115.912,California,8/15/16 18:35
6053,1.29,33.77,-115.9111667,California,8/15/16 18:41
6055,0.99,33.7656667,-115.9153333,California,8/15/16 18:42
6056,1.37,33.7735,-115.914,California,8/15/16 18:42
6058,1.05,33.7661667,-115.9128333,California,8/15/16 18:53
6060,1.68,37.7105,-122.1188333,California,8/15/16 19:04
6063,1.5,35.046,-117.6706667,California,8/15/16 19:18
6064,1.74,34.9545,-118.5135,California,8/15/16 19:20
6070,1.4,35.9508333,-117.6571667,California,8/15/16 20:40
6072,1.95,35.4256667,-120.7205,California,8/15/16 20:56
6075,0.57,35.9493333,-117.6653333,California,8/15/16 21:19
6079,0.66,36.7533333,-121.3671667,California,8/15/16 21:28
6080,0.89,35.9516667,-117.6538333,California,8/15/16 21:33
6081,2.6,38.7591667,-122.7146667,California,8/15/16 21:58
6082,1.4,38.7581667,-122.7108333,California,8/15/16 22:08
6083,1.43,38.7563333,-122.7113333,California,8/15/16 22:11
6084,0.96,38.7541667,-122.708,California,8/15/16 22:15
6086,1.01,35.947,-117.6573333,California,8/15/16 22:43
6087,1.4,38.83,-122.8083333,California,8/15/16 22:50
6088,2.49,40.22,-125.1053333,California,8/15/16 22:51
6092,0.62,33.9826667,-116.7166667,California,8/15/16 23:15
6093,1.07,37.4946667,-121.8068333,California,8/15/16 23:18
6097,0.68,33.4838333,-116.7495,California,8/15/16 23:30
6098,0.78,35.9538333,-117.6618333,California,8/15/16 23:46
6099,1.11,33.769,-115.9138333,California,8/15/16 23:46
6102,1.98,33.767,-115.9043333,California,8/16/16 0:00
6104,0.15,35.956,-117.6568333,California,8/16/16 0:24
6105,0.44,35.953,-117.6661667,California,8/16/16 0:24
6108,1.19,38.8291664,-122.8164978,California,8/16/16 0:37
6109,0.85,35.9525,-117.6566667,California,8/16/16 0:44
6110,1.28,36.7001667,-121.335,California,8/16/16 0:53
6111,0.67,33.3311667,-116.36,California,8/16/16 1:21
6112,0.5,39.6826,-120.4882,California,8/16/16 1:25
6113,0.3,33.713,-116.7338333,California,8/16/16 1:36
6114,1.14,36.7021667,-121.3408333,California,8/16/16 1:46
6119,1.16,33.033,-115.5848333,California,8/16/16 2:08
6120,1.03,36.0593333,-120.6398333,California,8/16/16 2:13
6122,2.11,40.1571667,-120.216,California,8/16/16 2:24
6126,1.6,37.4555,-118.676,California,8/16/16 2:54
6127,2.88,33.8975,-117.8411667,California,8/16/16 3:17
6128,1.15,33.3853333,-116.2871667,California,8/16/16 3:33
6129,0.49,33.4915,-116.4951667,California,8/16/16 3:48
6130,2.14,36.7308333,-119.3781667,California,8/16/16 3:48
6131,2.06,40.132,-120.2243333,California,8/16/16 4:21
6132,0.45,37.488,-118.7881667,California,8/16/16 4:25
6141,0.64,33.255,-116.4111667,California,8/16/16 5:40
6143,0.1,37.6226667,-118.9391667,California,8/16/16 5:48
6145,1.28,33.9985,-118.343,California,8/16/16 6:02
6148,1.01,38.0536667,-122.2321667,California,8/16/16 6:23
6149,0.93,38.7719994,-122.6966629,California,8/16/16 6:24
6150,1.33,35.4546667,-118.352,California,8/16/16 6:39
6152,0.64,33.3696667,-116.3585,California,8/16/16 6:54
6153,0.4,37.2674,-117.8909,California,8/16/16 7:12
6155,1.87,36.6628333,-121.284,California,8/16/16 7:56
6156,0.7,38.0189,-118.8502,California,8/16/16 8:05
6157,0.82,34.04,-117.2355,California,8/16/16 8:11
6162,0.64,37.4036667,-118.418,California,8/16/16 8:45
6166,0.38,38.8055,-122.7663333,California,8/16/16 9:01
6171,0.34,38.7773333,-122.6958333,California,8/16/16 9:37
6172,0.54,34.1676667,-117.711,California,8/16/16 9:47
6174,1.1,37.5185,-118.7833333,California,8/16/16 10:03
6176,0.57,38.8465004,-122.8311691,California,8/16/16 10:13
6177,0.71,33.0335,-116.4181667,California,8/16/16 10:14
6181,0.1,37.1044,-117.9508,California,8/16/16 10:32
6185,1.69,34.044,-117.6298333,California,8/16/16 11:11
6186,1.38,37.8748333,-122.2528333,California,8/16/16 11:14
6189,0.37,37.61,-118.9441667,California,8/16/16 11:25
6192,1.05,38.8233333,-122.8421667,California,8/16/16 11:44
6193,1.27,33.9426667,-116.8411667,California,8/16/16 11:49
6195,1.83,33.2691667,-116.1076667,California,8/16/16 11:57
6207,1.4,33.6673333,-116.724,California,8/16/16 13:07
6209,1.26,37.3243333,-122.1015,California,8/16/16 13:34
6212,1.54,39.3155,-122.7921667,California,8/16/16 13:48
6213,0.57,33.5971667,-116.6295,California,8/16/16 13:49
6216,0.63,33.4928333,-116.4948333,California,8/16/16 14:08
6220,0.99,34.0906667,-117.3031667,California,8/16/16 14:29
6221,1.2,34.066,-118.1518333,California,8/16/16 14:34
6223,0.54,36.0395,-117.5301667,California,8/16/16 14:42
6225,0.36,35.457,-118.4063333,California,8/16/16 14:43
6226,0.81,33.7976667,-116.7736667,California,8/16/16 14:47
6227,0.7,36.57,-121.0611667,California,8/16/16 14:50
6228,3,37.9938,-118.0806,California,8/16/16 14:59
6230,1.31,34.9951667,-118.1988333,California,8/16/16 15:08
6232,0.47,37.364,-118.378,California,8/16/16 15:24
6233,1.1,33.6331667,-117.1535,California,8/16/16 15:25
6234,1.75,39.4118333,-123.3178333,California,8/16/16 15:34
6237,1.5,34.6355,-117.1228333,California,8/16/16 15:47
6239,0.75,38.831665,-122.7733307,California,8/16/16 15:49
6243,1,36.3976667,-117.8636667,California,8/16/16 16:08
6247,1.82,32.8911667,-116.2041667,California,8/16/16 16:15
6249,1.05,34.2098333,-117.5625,California,8/16/16 16:29
6252,0.79,36.0543333,-120.6423333,California,8/16/16 16:45
6253,0.6,33.4828333,-116.8015,California,8/16/16 16:49
6255,1.15,38.8196678,-122.7618332,California,8/16/16 17:04
6256,1.07,38.8398323,-122.8291702,California,8/16/16 17:09
6257,1.4,38.7468333,-122.7368333,California,8/16/16 17:14
6260,1.98,39.3128333,-122.7765,California,8/16/16 17:27
6263,2.45,36.6996667,-121.332,California,8/16/16 17:54
6264,3.07,36.6945,-121.3365,California,8/16/16 17:54
6266,3.19,36.6943333,-121.3271667,California,8/16/16 18:05
6267,0.21,35.9485,-117.6635,California,8/16/16 18:13
6270,0.82,33.7596667,-115.9105,California,8/16/16 18:25
6275,0.77,36.0661667,-120.6295,California,8/16/16 19:07
6276,1.34,35.0418333,-117.6755,California,8/16/16 19:23
6278,2.53,37.4893333,-118.7855,California,8/16/16 19:49
6285,1.58,34.3015,-116.8411667,California,8/16/16 20:07
6289,0.17,38.7963333,-122.7635,California,8/16/16 20:41
6291,0.84,38.8346672,-122.7730026,California,8/16/16 20:56
6294,1.29,34.9381667,-120.6563333,California,8/16/16 21:29
6295,0.8,33.7743333,-117.4421667,California,8/16/16 21:33
6298,1.42,38.7306667,-122.915,California,8/16/16 21:41
6300,0.56,38.8284988,-122.8036652,California,8/16/16 22:01
6307,1.38,36.3965,-117.8736667,California,8/16/16 22:46
6309,0.11,38.8365,-122.8106667,California,8/16/16 22:46
6310,1.3,38.5036667,-122.4101667,California,8/16/16 22:54
6315,0.45,38.8365,-122.8171667,California,8/16/16 23:16
6317,0.57,34.1826667,-117.3991667,California,8/16/16 23:33
6318,1.41,38.7553333,-122.713,California,8/16/16 23:35
6319,1.87,38.8461667,-122.8505,California,8/16/16 23:43
6320,1.23,38.8178333,-122.8178333,California,8/16/16 23:44
6321,1.04,37.208,-117.6098333,California,8/16/16 23:45
6323,0.3,36.2649,-117.5229,California,8/16/16 23:51
6324,0.32,33.4878333,-116.4951667,California,8/16/16 23:53
6325,0.8,37.2149,-117.6147,California,8/17/16 0:00
6328,1.07,34.0368333,-117.2271667,California,8/17/16 0:25
6329,1.54,38.7946667,-122.7235,California,8/17/16 0:30
6332,0.88,38.8095016,-122.821167,California,8/17/16 1:02
6333,0.63,33.4925,-116.4746667,California,8/17/16 1:05
6335,0.4,37.5718333,-118.9353333,California,8/17/16 1:07
6337,1.75,32.8753333,-116.3698333,California,8/17/16 1:30
6338,0.8,35.9503333,-117.6576667,California,8/17/16 1:30
6340,1.61,34.0431667,-116.723,California,8/17/16 1:37
6342,1.5,38.8383333,-122.8271667,California,8/17/16 1:45
6345,0.7,37.2252,-117.6105,California,8/17/16 2:04
6346,0.63,33.5015,-116.5325,California,8/17/16 2:05
6347,1.54,38.5761667,-122.4365,California,8/17/16 2:15
6351,0.85,37.4861667,-118.793,California,8/17/16 2:35
6352,0.6,37.5203333,-118.8143333,California,8/17/16 2:44
6360,0.57,33.525,-116.4506667,California,8/17/16 3:18
6364,0.45,35.3731667,-117.2306667,California,8/17/16 3:28
6366,0.55,38.8056667,-122.8203333,California,8/17/16 3:48
6367,1.11,33.7678333,-115.9116667,California,8/17/16 4:05
6368,0.88,38.836834,-122.7748337,California,8/17/16 4:05
6369,0.92,36.6556667,-121.1955,California,8/17/16 4:10
6370,0.53,33.7068333,-116.719,California,8/17/16 4:15
6374,0.4,39.9058,-120.7976,California,8/17/16 4:33
6377,0.8,33.6888333,-116.7541667,California,8/17/16 4:42
6378,0.49,33.0331667,-116.424,California,8/17/16 4:42
6380,1.27,39.0113333,-123.0396667,California,8/17/16 4:51
6382,0.1,37.2215,-117.6121,California,8/17/16 5:04
6384,1.3,38.8141667,-122.8143333,California,8/17/16 5:54
6386,1.36,38.8168333,-122.8178333,California,8/17/16 6:42
6388,1.45,38.8058333,-122.8213333,California,8/17/16 6:52
6390,0.73,35.9075,-117.6936667,California,8/17/16 7:05
6391,0.88,38.8096657,-122.8218307,California,8/17/16 7:08
6392,1.2,35.4416667,-120.7258333,California,8/17/16 7:16
6397,1.52,39.0841667,-123.132,California,8/17/16 7:49
6400,0.3,39.11,-119.9696,California,8/17/16 8:12
6404,0.85,33.0385,-116.4131667,California,8/17/16 8:37
6405,2.67,40.2963333,-124.499,California,8/17/16 8:38
6406,1.59,38.8355,-122.784,California,8/17/16 8:39
6411,0.27,37.6445,-118.9526667,California,8/17/16 9:31
6414,1.05,37.462,-118.5156667,California,8/17/16 9:37
6415,0.68,33.7145,-116.6906667,California,8/17/16 10:11
6425,0.16,37.606,-118.8803333,California,8/17/16 11:15
6426,1.09,38.8466667,-122.7896667,California,8/17/16 11:31
6429,1.07,38.8461685,-122.7898331,California,8/17/16 11:41
6431,0.46,38.7586667,-122.735,California,8/17/16 12:03
6432,0.78,33.9538333,-116.8025,California,8/17/16 12:03
6433,0.63,37.4933333,-118.8246667,California,8/17/16 12:03
6438,0.98,36.6246667,-116.9501667,California,8/17/16 12:32
6439,1.01,37.4285,-119.0466667,California,8/17/16 12:36
6441,1.37,36.1065,-117.6635,California,8/17/16 12:55
6442,1.1,38.7913333,-122.7463333,California,8/17/16 13:04
6445,0.98,33.9701667,-116.9166667,California,8/17/16 13:23
6446,0.64,38.8223333,-122.8146667,California,8/17/16 13:26
6447,0.89,38.8149986,-122.8208313,California,8/17/16 13:29
6449,1.15,35.3055,-118.4945,California,8/17/16 13:41
6450,1.52,33.27,-116.1083333,California,8/17/16 13:44
6453,0.39,33.662,-116.7275,California,8/17/16 13:59
6456,0.85,33.6715,-116.7295,California,8/17/16 14:18
6457,0.52,33.587,-116.6021667,California,8/17/16 14:21
6458,0.85,33.5861667,-116.601,California,8/17/16 14:29
6460,0.28,35.9608333,-117.9201667,California,8/17/16 14:54
6461,2.28,39.6275,-121.5483333,California,8/17/16 15:00
6462,0.91,33.6258333,-117.1601667,California,8/17/16 15:02
6464,1.31,33.2721667,-116.1038333,California,8/17/16 15:08
6473,0.95,33.9688333,-116.9186667,California,8/17/16 16:29
6474,0.81,33.9716667,-116.9228333,California,8/17/16 16:37
6475,1.36,36.9713333,-121.6285,California,8/17/16 16:41
6477,1.17,34.8493333,-118.7838333,California,8/17/16 16:54
6479,0.44,33.5033333,-116.4396667,California,8/17/16 17:02
6482,0.7,33.8716667,-117.5153333,California,8/17/16 17:10
6486,0.64,33.497,-116.4851667,California,8/17/16 17:54
6488,0.94,33.8786667,-117.206,California,8/17/16 18:08
6490,1.26,36.3933333,-117.8653333,California,8/17/16 18:11
6495,0.23,38.8201667,-122.7658333,California,8/17/16 18:55
6497,0.38,38.7626667,-122.7318333,California,8/17/16 18:59
6503,0.91,33.3313333,-116.8415,California,8/17/16 19:41
6504,0.47,33.9668333,-116.9145,California,8/17/16 19:42
6505,0.9,38.801,-122.7705,California,8/17/16 19:57
6506,2.41,38.8228333,-122.844,California,8/17/16 20:02
6508,1.99,40.1486667,-121.0355,California,8/17/16 20:23
6509,0.29,37.5608333,-118.9941667,California,8/17/16 20:29
6516,1.52,35.5725,-118.3083333,California,8/17/16 21:01
6517,0.87,37.4481667,-118.5771667,California,8/17/16 21:13
6518,1.89,36.2776667,-120.8461667,California,8/17/16 21:18
6520,1.01,33.2595,-116.3801667,California,8/17/16 21:47
6523,0.46,38.8251667,-122.8053333,California,8/17/16 22:16
6524,0.85,32.9651667,-116.4208333,California,8/17/16 22:18
6525,0.45,33.5196667,-116.5183333,California,8/17/16 22:28
6528,0.96,33.9323333,-116.8341667,California,8/17/16 22:43
6532,0.27,37.5855,-118.9361667,California,8/17/16 22:59
6534,1.21,34.2285,-117.4456667,California,8/17/16 23:16
6539,3.54,36.3993333,-117.8653333,California,8/17/16 23:39
6540,1.64,36.3978333,-117.8716667,California,8/17/16 23:43
6543,0.88,38.8175011,-122.8241653,California,8/17/16 23:54
6544,1.57,34.0458333,-117.512,California,8/17/16 23:56
6546,2.02,36.3951667,-117.8663333,California,8/18/16 0:04
6549,0.51,38.8176667,-122.777,California,8/18/16 0:14
6550,1.35,39.3036667,-122.7851667,California,8/18/16 0:16
6553,1.56,33.7638333,-115.9165,California,8/18/16 0:19
6556,2.63,32.6006667,-117.0703333,California,8/18/16 0:30
6558,0.79,34.124,-117.4241667,California,8/18/16 0:56
6559,1.59,36.8916667,-121.3138333,California,8/18/16 1:04
6560,0.94,33.2216667,-116.7371667,California,8/18/16 1:25
6561,1.73,36.398,-117.8705,California,8/18/16 1:30
6562,0.72,33.3691667,-116.298,California,8/18/16 1:33
6563,1.21,36.3958333,-117.8771667,California,8/18/16 1:34
6564,0.96,36.4026667,-117.8831667,California,8/18/16 1:45
6565,0.75,33.6775,-116.9213333,California,8/18/16 1:47
6566,1.3,33.17,-116.004,California,8/18/16 1:51
6567,0.48,33.9421667,-116.8448333,California,8/18/16 1:56
6568,0.79,38.8426666,-122.8341675,California,8/18/16 1:59
6569,1.25,33.9418333,-116.8361667,California,8/18/16 2:07
6576,1.17,33.1668333,-116.0008333,California,8/18/16 3:16
6578,1.42,37.8293333,-122.583,California,8/18/16 3:32
6580,1.86,32.8315,-115.62,California,8/18/16 3:34
6582,1.17,34.8308333,-118.9485,California,8/18/16 3:50
6583,1.09,34.8253333,-118.9521667,California,8/18/16 3:50
6584,0.78,34.002,-116.9361667,California,8/18/16 3:53
6586,2,38.5748333,-122.4361667,California,8/18/16 4:02
6588,0.7,34.1536667,-117.4585,California,8/18/16 4:27
6590,1.2,34.0468333,-117.513,California,8/18/16 4:51
6593,1.27,38.825,-122.7888333,California,8/18/16 4:57
6595,2.45,39.3135,-122.7756667,California,8/18/16 5:12
6596,2.28,39.3168333,-122.7883333,California,8/18/16 5:14
6597,0.8,33.678,-116.7815,California,8/18/16 5:16
6599,0.1,37.4916,-118.7964,California,8/18/16 5:38
6603,0.59,35.9658333,-120.5151667,California,8/18/16 5:55
6604,0.33,35.9655,-120.5146667,California,8/18/16 5:57
6605,0.49,37.5661667,-118.8496667,California,8/18/16 6:05
6610,0.74,34.0515,-117.1353333,California,8/18/16 7:04
6611,1.64,34.1611667,-116.8063333,California,8/18/16 7:13
6613,0.78,38.8264999,-122.7825012,California,8/18/16 7:30
6617,1.33,33.4495,-116.6396667,California,8/18/16 7:49
6620,0.4,40.1363,-120.1964,California,8/18/16 8:59
6622,0.77,33.3505,-116.8825,California,8/18/16 9:14
6626,0.56,38.8311653,-122.8046646,California,8/18/16 10:19
6627,0.72,33.9963333,-116.8195,California,8/18/16 10:25
6632,1.55,36.394,-117.876,California,8/18/16 10:54
6634,1.1,35.974,-116.7837,California,8/18/16 11:07
6635,0.88,38.8025017,-122.7689972,California,8/18/16 11:12
6638,0.96,38.8238335,-122.8444977,California,8/18/16 11:35
6639,1.18,34.3438333,-116.8865,California,8/18/16 11:37
6641,0.59,37.5683333,-118.9328333,California,8/18/16 11:57
6643,0.97,33.9746667,-116.9135,California,8/18/16 12:00
6644,1.17,38.8133316,-122.8203354,California,8/18/16 12:12
6648,2.25,36.2778333,-117.4381667,California,8/18/16 12:31
6649,0.74,37.4683333,-118.8361667,California,8/18/16 12:43
6651,1.35,36.401,-117.8686667,California,8/18/16 12:55
6652,0.82,32.8311667,-116.0766667,California,8/18/16 13:11
6655,2.16,39.5331667,-122.8898333,California,8/18/16 13:23
6657,1.95,40.2936667,-124.5785,California,8/18/16 13:31
6658,1.27,37.323,-122.1001667,California,8/18/16 13:38
6659,0.6,35.9363333,-120.4873333,California,8/18/16 13:39
6661,0.42,38.8396667,-122.8361667,California,8/18/16 13:49
6662,0.99,36.7003333,-121.3383333,California,8/18/16 13:51
6663,0.81,37.6233333,-118.8646667,California,8/18/16 13:57
6664,1.53,35.8883333,-118.3605,California,8/18/16 13:59
6667,1.39,33.8436667,-117.4965,California,8/18/16 14:12
6668,1.36,36.8261667,-121.4096667,California,8/18/16 14:12
6669,2.08,35.8878333,-118.3558333,California,8/18/16 14:20
6671,1.71,39.5261667,-122.8896667,California,8/18/16 14:24
6672,2.37,33.1336667,-115.5873333,California,8/18/16 14:45
6674,2.16,33.1336667,-115.5936667,California,8/18/16 14:49
6675,0.97,37.0531667,-121.1961667,California,8/18/16 14:49
6676,2.47,33.1335,-115.5918333,California,8/18/16 14:52
6677,2.46,33.1361667,-115.5868333,California,8/18/16 14:53
6678,1.15,37.5175,-118.422,California,8/18/16 14:54
6679,0.05,36.0138333,-117.7993333,California,8/18/16 14:59
6680,1.53,35.9555,-117.6566667,California,8/18/16 15:04
6682,1.97,33.1346667,-115.5941667,California,8/18/16 15:11
6683,1.52,33.138,-115.5891667,California,8/18/16 15:18
6684,1.78,35.956,-116.769,California,8/18/16 15:18
6687,0.54,33.6328333,-116.6716667,California,8/18/16 15:40
6688,1.47,38.7861667,-122.7616667,California,8/18/16 15:57
6689,1.01,38.8101654,-122.8310013,California,8/18/16 15:59
6690,0.48,34.0116667,-117.2153333,California,8/18/16 16:00
6694,0.8,33.835,-117.1658333,California,8/18/16 16:39
6697,0.16,33.496,-116.4733333,California,8/18/16 17:15
6701,0.62,35.9546667,-117.6591667,California,8/18/16 18:04
6704,1.16,36.1426667,-117.983,California,8/18/16 18:20
6707,1.68,39.5318333,-122.8901667,California,8/18/16 18:34
6712,0.99,33.0176667,-116.3548333,California,8/18/16 19:16
6718,0.71,37.6376667,-118.93,California,8/18/16 20:00
6720,1.15,37.6363333,-118.9331667,California,8/18/16 20:02
6722,1,37.6391667,-118.9278333,California,8/18/16 20:23
6724,1.1,35.7006667,-121.0333333,California,8/18/16 20:25
6725,0.4,37.6388333,-118.9343333,California,8/18/16 20:26
6726,1.06,37.6375,-118.9275,California,8/18/16 20:27
6727,0.71,37.6406667,-118.9295,California,8/18/16 20:28
6728,0.92,37.6385,-118.9315,California,8/18/16 20:29
6729,0.63,34.2245,-117.522,California,8/18/16 20:36
6733,1.61,33.1356667,-115.5901667,California,8/18/16 21:07
6734,1.78,33.138,-115.5845,California,8/18/16 21:07
6736,1.01,34.7261667,-116.2951667,California,8/18/16 21:11
6739,1.32,36.1216667,-117.8425,California,8/18/16 21:46
6741,1.06,37.4343333,-121.5195,California,8/18/16 21:56
6742,0.64,37.5951667,-118.7868333,California,8/18/16 22:02
6744,0.12,37.6383333,-118.9296667,California,8/18/16 22:09
6745,0.47,37.6218333,-118.9403333,California,8/18/16 22:10
6746,1.34,33.1395,-115.5901667,California,8/18/16 22:14
6747,1.12,34.068,-117.2728333,California,8/18/16 22:19
6748,0.04,38.7765,-122.6761667,California,8/18/16 22:23
6750,0.32,37.6568333,-118.9123333,California,8/18/16 22:32
6751,0.49,37.6383333,-118.9316667,California,8/18/16 22:35
6754,0.56,33.7113333,-116.7565,California,8/18/16 23:01
6756,0.43,33.4765,-116.4791667,California,8/18/16 23:12
6760,1.18,37.1125,-121.5151667,California,8/18/16 23:52
6761,1.12,37.107,-121.5113333,California,8/18/16 23:54
6763,1.25,36.1578333,-117.9703333,California,8/18/16 23:56
6764,0.75,37.4288333,-121.7696667,California,8/19/16 0:34
6765,1.26,35.9301667,-117.6393333,California,8/19/16 0:40
6767,1,38.8378334,-122.8030014,California,8/19/16 1:02
6768,1.24,33.1368333,-115.5901667,California,8/19/16 1:19
6770,0.44,38.803,-122.7653333,California,8/19/16 1:27
6772,0.43,33.57,-116.3765,California,8/19/16 1:48
6775,2.31,35.8693333,-121.506,California,8/19/16 2:12
6776,0.23,37.5818333,-118.9351667,California,8/19/16 2:38
6778,0.26,33.4963333,-116.792,California,8/19/16 2:45
6779,0.4,37.1737,-118.0247,California,8/19/16 2:46
6780,0.47,38.8145,-122.8171667,California,8/19/16 2:50
6782,0.59,34.175,-116.8516667,California,8/19/16 2:57
6785,0.85,37.3613333,-121.7238333,California,8/19/16 3:07
6786,0.92,37.4771667,-118.8451667,California,8/19/16 3:14
6789,1.36,37.406,-118.5181667,California,8/19/16 3:33
6791,1.33,37.5025,-118.8308333,California,8/19/16 3:39
6792,0.65,37.6225,-118.8653333,California,8/19/16 3:41
6794,0.2,37.2195,-117.8515,California,8/19/16 3:45
6799,0.99,38.7675018,-122.7419968,California,8/19/16 4:13
6802,0.32,33.5381667,-116.6943333,California,8/19/16 4:17
6806,0.3,39.2273,-120.0895,California,8/19/16 4:21
6810,1.08,38.7856667,-122.7381667,California,8/19/16 5:28
6815,2.58,35.6155,-116.3005,California,8/19/16 6:01
6819,1.25,33.1743333,-116.039,California,8/19/16 6:21
6825,0.91,35.9546667,-117.6593333,California,8/19/16 6:38
6826,0.67,35.9523333,-117.657,California,8/19/16 6:38
6827,0.14,37.592,-118.8208333,California,8/19/16 6:38
6836,1.03,33.1748333,-116.0375,California,8/19/16 8:00
6842,0.99,33.775,-115.9025,California,8/19/16 8:13
6845,0.6,38.8153333,-122.7946667,California,8/19/16 8:28
6846,0.67,33.839,-117.6681667,California,8/19/16 8:36
6851,0.3,37.6398333,-118.9278333,California,8/19/16 8:58
6854,1.4,38.7428333,-122.7221667,California,8/19/16 9:28
6855,1.5,37.0228333,-121.2,California,8/19/16 9:31
6859,1.57,38.7473333,-122.7283333,California,8/19/16 10:01
6860,1.42,39.2345,-123.2726667,California,8/19/16 10:07
6862,1.4,38.7466667,-122.7283333,California,8/19/16 10:13
6863,1.72,33.488,-116.7926667,California,8/19/16 10:15
6865,0.5,37.216,-118.3499,California,8/19/16 10:32
6866,0.73,33.5963333,-116.6291667,California,8/19/16 10:47
6869,0.62,37.5703333,-118.8463333,California,8/19/16 11:02
6870,1.27,33.7706667,-116.0913333,California,8/19/16 11:09
6871,1.59,38.8478333,-122.823,California,8/19/16 11:10
6874,1.18,33.3138333,-115.6831667,California,8/19/16 11:37
6875,0.5,38.2192,-118.816,California,8/19/16 11:42
6879,2.16,40.878334,-123.6705017,California,8/19/16 12:07
6880,2.2,39.3289986,-122.7988358,California,8/19/16 12:21
6881,2.33,39.3325,-122.8056667,California,8/19/16 12:22
6883,1.62,33.1361667,-115.5875,California,8/19/16 12:39
6884,1.41,33.822,-117.4815,California,8/19/16 13:08
6885,1.18,37.3521667,-122.0728333,California,8/19/16 13:21
6886,0.11,36.0296667,-117.7773333,California,8/19/16 13:26
6893,1.35,33.521,-116.4518333,California,8/19/16 13:49
6895,2.08,36.5501667,-121.137,California,8/19/16 14:04
6896,0.74,36.5528333,-121.1456667,California,8/19/16 14:16
6897,0.44,33.5265,-116.4471667,California,8/19/16 14:21
6898,0.56,38.8294983,-122.8011703,California,8/19/16 14:25
6900,2.08,36.2456667,-120.819,California,8/19/16 14:48
6904,0.82,38.748333,-122.7388306,California,8/19/16 15:15
6906,1.77,34.5351667,-119.109,California,8/19/16 15:18
6907,1.48,33.954,-117.932,California,8/19/16 15:20
6908,1.16,37.151,-121.5368333,California,8/19/16 15:22
6910,1.05,36.0386667,-117.4935,California,8/19/16 15:28
6911,0.87,38.8343315,-122.80867,California,8/19/16 15:30
6912,1.55,36.04,-117.4941667,California,8/19/16 15:33
6922,0.5,40.018,-120.8014,California,8/19/16 16:41
6923,1.85,33.39,-116.8995,California,8/19/16 16:43
6924,1.32,38.7886667,-122.7493333,California,8/19/16 16:48
6925,1.01,38.8093338,-122.8239975,California,8/19/16 16:59
6928,0.78,38.8256683,-122.765831,California,8/19/16 17:13
6932,0.8,35.6845,-121.1293333,California,8/19/16 18:04
6933,0.89,35.952,-117.658,California,8/19/16 18:09
6942,0.89,35.9511667,-117.657,California,8/19/16 18:42
6943,1.2,38.8078333,-122.817,California,8/19/16 18:53
6952,1.18,37.5073333,-119.3523333,California,8/19/16 19:44
6953,0.8,34.0036667,-117.0021667,California,8/19/16 19:52
6954,1.51,36.3291667,-120.8386667,California,8/19/16 19:57
6955,1.03,38.814167,-122.8170013,California,8/19/16 19:57
6956,2.24,39.3158333,-122.796,California,8/19/16 20:00
6957,1.73,37.4855,-118.78,California,8/19/16 20:02
6962,1.02,33.036,-116.4261667,California,8/19/16 20:32
6963,0.8,37.4391,-118.6034,California,8/19/16 20:41
6964,1.03,37.4421667,-118.5875,California,8/19/16 20:48
6965,1.22,33.0358333,-116.427,California,8/19/16 20:52
6968,0.64,33.5973333,-116.633,California,8/19/16 21:04
6970,1,33.2763333,-116.1076667,California,8/19/16 21:41
6971,1.29,39.2526667,-123.449,California,8/19/16 21:53
6972,0.5,33.7508333,-116.7036667,California,8/19/16 22:17
6976,1.17,33.271,-116.1068333,California,8/19/16 22:29
6978,0.62,37.5126667,-118.8293333,California,8/19/16 22:38
6981,0.9,40.1368,-120.2085,California,8/19/16 22:57
6982,0.74,40.6146667,-121.8226667,California,8/19/16 23:01
6983,1.3,37.6311,-117.8789,California,8/19/16 23:02
6984,0.65,37.6036667,-118.9195,California,8/19/16 23:11
6986,0.65,33.6723333,-116.7741667,California,8/19/16 23:17
6987,0.98,33.3768333,-116.3776667,California,8/19/16 23:18
6988,0.62,38.7961655,-122.7653351,California,8/19/16 23:24
6989,1.05,36.5668333,-121.1478333,California,8/19/16 23:46
6990,1.7,39.3173333,-122.7901667,California,8/20/16 0:01
6991,0.62,33.4971667,-116.502,California,8/20/16 0:11
6992,0.74,34.0206667,-116.856,California,8/20/16 0:13
6995,0.67,33.7223333,-116.8156667,California,8/20/16 0:17
6997,0.9,38.8406677,-122.8436661,California,8/20/16 0:44
6999,0.2,39.229,-120.0921,California,8/20/16 1:02
7007,1.67,39.959,-120.7905,California,8/20/16 1:54
7011,0.46,33.2393333,-116.7975,California,8/20/16 2:33
7014,0.96,38.7583351,-122.7378311,California,8/20/16 2:49
7015,0.3,39.6003,-120.375,California,8/20/16 2:59
7016,0.2,39.6015,-120.3673,California,8/20/16 3:01
7024,1.74,39.3326683,-122.805336,California,8/20/16 4:20
7025,2.1,39.3276672,-122.8008347,California,8/20/16 4:21
7026,0.84,38.8061667,-122.8256667,California,8/20/16 4:26
7027,1.05,32.975,-116.4338333,California,8/20/16 4:28
7028,0.02,37.6241667,-118.8626667,California,8/20/16 4:28
7029,1.9,36.5428352,-121.0213318,California,8/20/16 4:30
7033,0.32,37.6735,-118.8768333,California,8/20/16 5:00
7037,1.15,33.694,-116.8038333,California,8/20/16 5:10
7038,0.62,33.6976667,-116.8058333,California,8/20/16 5:13
7041,2.15,33.2686667,-116.1116667,California,8/20/16 5:32
7042,1.52,33.2685,-116.1016667,California,8/20/16 5:32
7043,0.25,37.4078333,-118.5183333,California,8/20/16 5:35
7044,0.8,35.95,-117.6561667,California,8/20/16 5:40
7046,1.32,33.1536667,-116.1066667,California,8/20/16 5:47
7048,0.29,33.5016667,-116.5348333,California,8/20/16 6:16
7052,1.49,34.58,-120.0501667,California,8/20/16 6:39
7053,1.38,33.9681667,-116.9193333,California,8/20/16 6:41
7054,1.36,37.4793333,-118.801,California,8/20/16 6:41
7055,0.94,38.8201675,-122.8071671,California,8/20/16 6:59
7056,1.99,33.2695,-116.1116667,California,8/20/16 7:03
7058,1.08,33.2711667,-116.1071667,California,8/20/16 7:09
7059,0.94,38.8416672,-122.8271637,California,8/20/16 7:14
7060,2.62,33.2678333,-116.1113333,California,8/20/16 7:16
7064,0.78,35.951,-117.655,California,8/20/16 7:25
7068,0.22,33.6873333,-116.965,California,8/20/16 7:33
7070,0.56,33.2481667,-116.786,California,8/20/16 7:46
7071,0.56,33.6951667,-116.6911667,California,8/20/16 7:47
7072,1.08,33.2743333,-116.1116667,California,8/20/16 7:55
7076,1.13,37.0041667,-121.4641667,California,8/20/16 8:30
7081,0.84,35.724,-118.0565,California,8/20/16 9:02
7086,1.04,39.7235,-120.5706667,California,8/20/16 9:32
7089,0.93,35.9483333,-117.657,California,8/20/16 10:09
7091,0.59,38.8751678,-122.8184967,California,8/20/16 10:20
7092,0.5,38.0204,-118.8508,California,8/20/16 10:20
7093,0.59,38.8753319,-122.8186646,California,8/20/16 10:26
7094,1.25,38.8696667,-122.8233333,California,8/20/16 10:33
7095,0.91,38.8689995,-122.8221664,California,8/20/16 10:34
7097,0.81,33.9488333,-117.004,California,8/20/16 10:44
7098,0.5,39.9443,-120.7794,California,8/20/16 10:53
7105,0.3,40.1369,-120.2145,California,8/20/16 11:55
7108,1.14,38.8095016,-122.8221664,California,8/20/16 12:11
7122,0.5,35.9518333,-117.6571667,California,8/20/16 13:47
7123,1.17,34.7735,-118.9403333,California,8/20/16 13:57
7124,0.91,38.7980003,-122.7651672,California,8/20/16 14:00
7127,2.16,35.9895,-117.9216667,California,8/20/16 14:17
7128,0.52,35.9938333,-117.923,California,8/20/16 14:18
7129,1.86,33.7086667,-116.76,California,8/20/16 14:20
7130,0.93,33.7113333,-116.7556667,California,8/20/16 14:21
7131,0.04,35.981,-117.9206667,California,8/20/16 14:25
7133,1.29,38.8028333,-122.7718333,California,8/20/16 14:59
7134,0.34,38.8246667,-122.8086667,California,8/20/16 15:19
7135,1.24,36.2298333,-120.8246667,California,8/20/16 15:42
7136,1.01,35.9908333,-117.9241667,California,8/20/16 15:57
7137,1.09,35.9888333,-117.921,California,8/20/16 16:17
7139,0.37,35.9845,-117.9261667,California,8/20/16 16:25
7141,0.24,35.9853333,-117.9295,California,8/20/16 16:38
7142,0.36,38.8436667,-122.8265,California,8/20/16 16:46
7143,1.55,39.3161667,-122.7891667,California,8/20/16 16:55
7144,1.55,40.432,-120.818,California,8/20/16 16:56
7147,1.33,33.4975,-116.5321667,California,8/20/16 17:18
7149,1.22,37.4705009,-118.8451691,California,8/20/16 17:26
7152,1.22,39.3178333,-122.7933333,California,8/20/16 17:35
7154,0.78,37.4516667,-118.8311667,California,8/20/16 17:50
7156,1.14,35.9905,-117.9211667,California,8/20/16 17:56
7157,0.99,38.8361664,-122.8323364,California,8/20/16 17:57
7158,2.3,38.8363333,-122.8311667,California,8/20/16 17:58
7159,0.57,38.836834,-122.8330002,California,8/20/16 17:58
7160,1.6,38.3355,-119.3312,California,8/20/16 18:01
7161,0.93,38.8388329,-122.8323364,California,8/20/16 18:01
7162,0.31,38.8293333,-122.7985,California,8/20/16 18:04
7164,0.51,35.9561667,-117.6576667,California,8/20/16 18:11
7167,0.51,38.8083344,-122.8123322,California,8/20/16 18:43
7168,1.43,38.8371667,-122.8003333,California,8/20/16 19:01
7169,0.98,36.4674988,-121.0383301,California,8/20/16 19:40
7170,3.08,35.9896667,-117.9213333,California,8/20/16 19:44
7173,0.85,35.9925,-117.9183333,California,8/20/16 19:54
7174,0.17,35.981,-117.9281667,California,8/20/16 20:02
7175,1.02,38.8393326,-122.8304977,California,8/20/16 20:02
7176,1.97,38.841,-122.8291667,California,8/20/16 20:03
7177,0.57,38.838501,-122.8271637,California,8/20/16 20:04
7178,0.27,35.986,-117.9245,California,8/20/16 20:06
7179,0.25,35.9843333,-117.924,California,8/20/16 20:08
7181,0.57,38.8434982,-122.8321686,California,8/20/16 20:33
7182,0.44,35.9826667,-117.9246667,California,8/20/16 20:41
7184,0.35,35.9858333,-117.9241667,California,8/20/16 20:42
7188,1.62,36.1585,-117.8591667,California,8/20/16 20:50
7191,0.62,33.6005,-116.8133333,California,8/20/16 21:04
7192,1.66,36.3966667,-117.8676667,California,8/20/16 21:04
7193,1.22,35.9893333,-117.9265,California,8/20/16 21:14
7196,0.81,38.8268318,-122.8414993,California,8/20/16 21:34
7198,0.38,33.509,-116.5321667,California,8/20/16 21:46
7200,1.18,33.2711667,-116.1071667,California,8/20/16 21:55
7202,1.31,35.9365005,-121.2626648,California,8/20/16 22:00
7203,1.15,35.991,-117.9251667,California,8/20/16 22:05
7205,0.74,35.9578333,-117.6556667,California,8/20/16 22:08
7206,0.78,35.9901667,-117.9236667,California,8/20/16 22:09
7208,0.1,39.8314,-120.7498,California,8/20/16 22:11
7209,0.83,33.6966667,-116.8026667,California,8/20/16 22:15
7216,0.38,35.959,-117.6553333,California,8/20/16 22:52
7217,0.82,33.5858333,-116.8071667,California,8/20/16 22:57
7222,1.01,35.9908333,-117.9198333,California,8/20/16 23:24
7223,0.4,35.9858333,-117.9235,California,8/20/16 23:44
7225,1.72,33.3808333,-116.3416667,California,8/20/16 23:52
7230,0.34,33.5046667,-116.5263333,California,8/21/16 0:35
7232,2.07,33.8681667,-118.2196667,California,8/21/16 0:40
7235,1.03,38.8128319,-122.8066635,California,8/21/16 1:05
7237,1.31,36.6824989,-121.3239975,California,8/21/16 1:10
7238,0.22,36.0133333,-117.8048333,California,8/21/16 1:32
7240,1.32,38.8055,-122.8223333,California,8/21/16 1:56
7241,1.6,38.8135,-122.821,California,8/21/16 2:01
7242,0.19,37.5851667,-118.9423333,California,8/21/16 2:07
7246,1.33,37.6261673,-118.8911667,California,8/21/16 2:19
7248,1.31,37.6278343,-118.892334,California,8/21/16 2:21
7251,0.68,33.0158333,-116.3503333,California,8/21/16 2:37
7252,1.93,37.6238333,-118.892,California,8/21/16 2:38
7253,0.14,37.6285,-118.8906667,California,8/21/16 2:41
7256,0.5,37.627,-118.8908333,California,8/21/16 2:49
7257,0.18,37.626,-118.8915,California,8/21/16 2:55
7259,0.66,34.2538333,-117.1733333,California,8/21/16 2:56
7261,0.86,35.955,-117.6571667,California,8/21/16 3:02
7262,2.96,37.6241667,-118.8913333,California,8/21/16 3:03
7263,0.51,38.8311653,-122.7770004,California,8/21/16 3:06
7265,0.28,33.9303333,-116.3568333,California,8/21/16 3:11
7266,0.03,37.6286667,-118.8905,California,8/21/16 3:13
7269,1.03,35.987,-117.9211667,California,8/21/16 3:17
7271,1.87,33.7061667,-116.7586667,California,8/21/16 3:26
7274,0.08,35.9805,-117.9208333,California,8/21/16 3:30
7275,0.13,37.5621667,-118.9456667,California,8/21/16 3:37
7276,0.58,33.3396667,-116.7278333,California,8/21/16 3:37
7279,0.72,33.499,-116.5315,California,8/21/16 4:08
7280,0.24,37.6248333,-118.8936667,California,8/21/16 4:19
7281,0.66,38.8221667,-122.7978333,California,8/21/16 4:23
7285,1.73,34.4268333,-116.8591667,California,8/21/16 4:55
7289,0.56,38.8358345,-122.7730026,California,8/21/16 5:13
7291,1.08,37.2921667,-118.4825,California,8/21/16 5:25
7292,1.38,36.0151667,-117.8093333,California,8/21/16 5:31
7293,1.47,34.0448333,-118.7568333,California,8/21/16 5:31
7295,1.53,35.9805,-117.9015,California,8/21/16 5:37
7297,0.92,38.0965,-122.8645,California,8/21/16 5:46
7299,0.6,39.4086,-120.1288,California,8/21/16 5:52
7300,0.03,35.9861667,-117.9253333,California,8/21/16 5:59
7303,0.6,38.8085,-122.8266667,California,8/21/16 6:07
7306,0.51,34.0943333,-117.3121667,California,8/21/16 6:30
7309,0.46,33.5005,-116.5306667,California,8/21/16 6:41
7310,0.43,33.5256667,-116.5201667,California,8/21/16 6:45
7312,0.91,35.6741667,-121.0821667,California,8/21/16 7:06
7313,0.4,36.7247,-117.9826,California,8/21/16 7:07
7314,0.31,33.4955,-116.7893333,California,8/21/16 7:09
7315,0.8,34.0641667,-116.4053333,California,8/21/16 7:11
7318,0.23,33.498,-116.5271667,California,8/21/16 7:31
7319,0.57,33.4986667,-116.5313333,California,8/21/16 7:33
7320,0.2,36.4189,-117.8561,California,8/21/16 7:33
7321,1.04,38.8199997,-122.8063354,California,8/21/16 7:49
7322,0.86,38.818,-122.8233333,California,8/21/16 7:51
7325,0.69,36.0543333,-120.6438333,California,8/21/16 8:02
7326,2.59,35.7536667,-121.307,California,8/21/16 8:04
7327,0.62,37.625,-118.8943333,California,8/21/16 8:37
7330,1.29,34.4886667,-116.5181667,California,8/21/16 8:53
7331,0.47,33.4825,-116.4611667,California,8/21/16 9:08
7332,0.3,35.9682,-116.8051,California,8/21/16 9:08
7333,0.71,33.8041667,-116.189,California,8/21/16 9:10
7334,0.4,35.9634,-116.7881,California,8/21/16 9:11
7337,0.63,33.5133333,-116.7441667,California,8/21/16 9:35
7346,0.94,38.822834,-122.8308334,California,8/21/16 10:59
7347,0.73,33.9903333,-116.894,California,8/21/16 11:10
7349,0.56,38.815,-122.8181667,California,8/21/16 11:24
7355,0.7,38.1101,-119.0013,California,8/21/16 11:54
7357,1.48,33.9371667,-117.9376667,California,8/21/16 12:02
7358,0.92,32.8066667,-116.1366667,California,8/21/16 12:18
7359,0.6,33.6838333,-116.7151667,California,8/21/16 12:20
7361,1.11,33.4713333,-116.4693333,California,8/21/16 12:50
7362,0.69,38.799,-122.812,California,8/21/16 13:18
7365,1.67,35.9563333,-117.6588333,California,8/21/16 13:27
7366,0.64,35.954,-117.659,California,8/21/16 13:31
7367,0.73,33.4858333,-116.434,California,8/21/16 13:33
7368,0.3,35.9545,-117.6586667,California,8/21/16 13:39
7370,0.22,33.4933333,-116.4753333,California,8/21/16 13:51
7371,0.99,38.8031654,-122.7961655,California,8/21/16 14:00
7372,0.36,35.9531667,-117.6568333,California,8/21/16 14:02
7373,1.94,33.2715,-116.108,California,8/21/16 14:20
7374,1.3,33.2358333,-116.0911667,California,8/21/16 14:26
7376,0.49,36.0025,-117.7971667,California,8/21/16 14:27
7378,0.17,37.6281667,-118.8926667,California,8/21/16 14:50
7379,0.45,37.6263333,-118.8933333,California,8/21/16 15:12
7382,1.75,39.3331667,-122.8035,California,8/21/16 15:28
7383,0.87,38.8116684,-122.7795029,California,8/21/16 15:34
7386,0.89,35.9545,-117.6581667,California,8/21/16 15:48
7387,0.6,37.6395,-118.9338333,California,8/21/16 15:49
7388,1.23,35.9518333,-117.6586667,California,8/21/16 15:49
7389,2.09,35.954,-117.6581667,California,8/21/16 15:49
7390,0.26,37.6386667,-118.9355,California,8/21/16 15:51
7391,0.91,36.1025,-117.854,California,8/21/16 15:53
7392,0.57,37.6398333,-118.9341667,California,8/21/16 15:54
7393,0.36,35.9528333,-117.6583333,California,8/21/16 15:54
7394,0.73,35.9551667,-117.657,California,8/21/16 15:57
7395,1.61,33.1596667,-115.6388333,California,8/21/16 16:02
7396,0.9,36.5895,-121.1963333,California,8/21/16 16:03
7397,1.41,33.1691667,-115.6913333,California,8/21/16 16:06
7398,1.46,33.157,-115.638,California,8/21/16 16:07
7399,3.13,33.1588333,-115.6375,California,8/21/16 16:09
7400,1.83,33.1636667,-115.6215,California,8/21/16 16:12
7401,1.8,33.1595,-115.6326667,California,8/21/16 16:13
7402,1.61,33.159,-115.6365,California,8/21/16 16:13
7403,0.4,37.2654,-118.0562,California,8/21/16 16:13
7404,0.98,33.1618333,-115.6406667,California,8/21/16 16:17
7405,1.18,33.1638333,-115.6341667,California,8/21/16 16:22
7406,0.83,36.0133333,-120.5768333,California,8/21/16 16:32
7407,0.36,35.9508333,-117.6566667,California,8/21/16 16:33
7408,0.82,34.0223333,-117.2676667,California,8/21/16 16:42
7412,1.23,33.1631667,-115.637,California,8/21/16 17:18
7413,1.37,37.626667,-118.892334,California,8/21/16 17:28
7414,1.18,33.1676667,-115.635,California,8/21/16 17:32
7415,1.39,33.164,-115.6345,California,8/21/16 17:47
7416,3.53,37.6231667,-118.8928333,California,8/21/16 17:47
7417,0.94,33.1665,-115.636,California,8/21/16 17:47
7418,0.34,37.6256667,-118.8901667,California,8/21/16 17:52
7419,2.11,33.8181667,-117.0356667,California,8/21/16 17:55
7420,1.29,37.6251678,-118.893837,California,8/21/16 18:00
7421,1.04,36.37,-117.8466667,California,8/21/16 18:01
7422,1.43,37.6231651,-118.887001,California,8/21/16 18:02
7423,0.06,37.6268333,-118.8868333,California,8/21/16 18:03
7424,1.29,37.6243324,-118.8868332,California,8/21/16 18:06
7425,0.55,37.626,-118.8843333,California,8/21/16 18:08
7426,1.07,37.6263351,-118.8881683,California,8/21/16 18:10
7427,0.27,37.627,-118.8906667,California,8/21/16 18:12
7428,0.16,37.6281667,-118.8875,California,8/21/16 18:16
7429,1.32,37.6269989,-118.8919983,California,8/21/16 18:18
7430,0.29,37.6248333,-118.8885,California,8/21/16 18:20
7431,1.25,37.6251678,-118.8871689,California,8/21/16 18:27
7432,0.13,37.6363333,-118.9225,California,8/21/16 18:30
7434,1.26,33.1648333,-115.6378333,California,8/21/16 18:51
7442,1.4,37.1413345,-122.036499,California,8/21/16 20:16
7444,0.44,37.6273333,-118.8918333,California,8/21/16 20:25
7445,1.18,37.6269989,-118.8906631,California,8/21/16 20:26
7447,1.26,37.6271667,-118.8906631,California,8/21/16 20:31
7448,0.3,37.6306667,-118.8893333,California,8/21/16 20:35
7450,1.09,37.626667,-118.890831,California,8/21/16 20:38
7452,1.12,33.2758333,-116.1118333,California,8/21/16 20:39
7453,0.42,37.6261667,-118.8911667,California,8/21/16 20:42
7454,1.26,37.6276665,-118.892334,California,8/21/16 20:44
7455,1.71,35.9713326,-120.5313339,California,8/21/16 20:45
7457,0.4,35.986,-117.9231667,California,8/21/16 20:59
7458,0.57,38.8370018,-122.831337,California,8/21/16 21:00
7459,0.32,33.5066667,-116.527,California,8/21/16 21:04
7460,1.24,34.105,-117.4826667,California,8/21/16 21:09
7462,1.2,38.7718333,-122.7476667,California,8/21/16 21:25
7464,0.8,38.0728,-119.005,California,8/21/16 21:29
7466,0.28,37.6298333,-118.8903333,California,8/21/16 21:53
7467,1.27,38.0625,-119.0835,California,8/21/16 22:11
7468,1.96,33.2681667,-116.1098333,California,8/21/16 22:13
7474,0.83,37.5793343,-118.7996674,California,8/21/16 22:58
7475,1.77,34.2906667,-116.8905,California,8/21/16 23:00
7476,0.76,37.6290016,-118.8906631,California,8/21/16 23:05
7478,0.26,37.6273333,-118.8898333,California,8/21/16 23:15
7483,1.21,37.6236667,-118.8896667,California,8/21/16 23:27
7484,0.71,33.7245,-116.7066667,California,8/21/16 23:28
7487,1.48,32.5581667,-116.1678333,California,8/21/16 23:44
7490,0.44,37.489,-118.7856667,California,8/21/16 23:52
7492,0.87,37.628334,-118.8871689,California,8/21/16 23:59
7495,0.01,37.627,-118.8906667,California,8/22/16 0:15
7497,0.12,37.6346667,-118.8946667,California,8/22/16 0:19
7498,2.4,34.0836667,-117.2981667,California,8/22/16 0:22
7499,1.49,34.0831667,-117.2988333,California,8/22/16 0:22
7500,0.4,37.8527,-118.0904,California,8/22/16 0:29
7507,0.05,37.6238333,-118.8876667,California,8/22/16 1:11
7509,1,33.2718333,-116.1075,California,8/22/16 1:17
7511,0.05,37.6276667,-118.8943333,California,8/22/16 1:42
7513,0.62,33.4731667,-116.4175,California,8/22/16 1:56
7526,0.41,35.9571667,-117.657,California,8/22/16 3:12
7527,0.87,37.6419983,-118.8811646,California,8/22/16 3:20
7528,0.9,35.9551667,-117.6583333,California,8/22/16 3:26
7531,1.27,38.787,-122.7723333,California,8/22/16 4:08
7532,0.2,40.1428,-120.2215,California,8/22/16 4:13
7533,0.66,35.9896667,-117.921,California,8/22/16 4:14
7534,0.41,33.0323333,-116.4296667,California,8/22/16 4:14
7537,0.17,37.6373333,-118.8851667,California,8/22/16 4:26
7539,0.78,33.6613333,-116.7306667,California,8/22/16 4:29
7540,0.55,38.8435,-122.8266667,California,8/22/16 4:31
7542,0.78,37.6371667,-118.8793333,California,8/22/16 4:45
7549,1.57,37.6235008,-122.4646683,California,8/22/16 5:49
7550,0.4,38.0757,-118.8757,California,8/22/16 5:58
7552,0.4,40.1507,-120.2255,California,8/22/16 6:16
7553,0.73,34.1225,-116.9275,California,8/22/16 6:20
7554,0.86,34.0135,-116.8028333,California,8/22/16 6:23
7557,0.57,33.9848333,-116.8815,California,8/22/16 6:28
7559,0.29,37.6323333,-118.821,California,8/22/16 6:58
7561,0.47,37.5595,-118.8866667,California,8/22/16 7:05
7563,1.08,34.1311667,-118.5313333,California,8/22/16 7:28
7564,1.98,34.4655,-119.4103333,California,8/22/16 7:34
7565,0.93,33.4795,-116.4256667,California,8/22/16 7:41
7569,0.89,35.4845,-118.2948333,California,8/22/16 8:05
7570,0.81,38.7849998,-122.7434998,California,8/22/16 8:06
7573,0.7,37.2423,-118.2333,California,8/22/16 8:49
7574,0.21,37.6333333,-118.8838333,California,8/22/16 8:53
7577,0.98,36.032,-117.7751667,California,8/22/16 9:04
7580,0.15,37.6323333,-118.8928333,California,8/22/16 9:43
7585,0.91,33.5865,-116.6073333,California,8/22/16 10:28
7586,1.23,37.4705,-119.3055,California,8/22/16 10:32
7588,1.07,38.8345,-122.8028333,California,8/22/16 10:38
7589,1.26,33.2198333,-116.0785,California,8/22/16 10:46
7590,1.06,33.4745,-116.4211667,California,8/22/16 10:51
7594,1.97,38.7763333,-122.7271667,California,8/22/16 11:15
7595,0.73,38.7816658,-122.7815018,California,8/22/16 11:16
7596,0.44,33.6978333,-116.7958333,California,8/22/16 11:21
7597,0.86,38.777832,-122.7258301,California,8/22/16 11:29
7600,0.86,38.7828333,-122.7455,California,8/22/16 11:46
7605,0.38,38.761,-122.6986667,California,8/22/16 12:10
7606,1.3,33.8508333,-117.4965,California,8/22/16 12:12
7612,0.28,37.6258333,-118.8865,California,8/22/16 13:27
7614,0.35,37.6273333,-118.8881667,California,8/22/16 13:29
7617,1.27,35.0591667,-118.3435,California,8/22/16 13:54
7618,1.54,34.4441667,-116.457,California,8/22/16 14:01
7619,0.17,37.625,-118.8985,California,8/22/16 14:06
7621,1.02,33.219,-116.0783333,California,8/22/16 14:13
7622,0.34,36.0233333,-117.8138333,California,8/22/16 14:21
7625,0.27,37.6258333,-118.892,California,8/22/16 14:27
7626,0.67,35.9266667,-117.6313333,California,8/22/16 14:49
7628,1.3,34.9951667,-118.1973333,California,8/22/16 15:07
7631,0.92,33.633,-117.15,California,8/22/16 15:15
7632,0.35,38.827,-122.8073333,California,8/22/16 15:21
7633,0.55,38.8214989,-122.8421631,California,8/22/16 15:22
7634,0.44,38.8433333,-122.8391667,California,8/22/16 15:22
7637,1.44,33.867,-117.5038333,California,8/22/16 15:50
7644,0.92,38.8293343,-122.8666687,California,8/22/16 16:46
7646,0.91,38.8435,-122.8313333,California,8/22/16 17:02
7647,0.7,37.241,-118.2345,California,8/22/16 17:04
7651,1.08,34.159,-117.9745,California,8/22/16 17:49
7653,0.03,35.893,-117.6833333,California,8/22/16 18:12
7660,0.96,33.9455,-116.8408333,California,8/22/16 19:02
7661,0.7,35.9561667,-117.6613333,California,8/22/16 19:07
7663,1.35,35.045,-117.6693333,California,8/22/16 19:24
7664,1,33.1836667,-116.0425,California,8/22/16 19:25
7666,0.65,33.4691667,-116.4733333,California,8/22/16 19:34
7667,2.09,39.3530006,-122.8195038,California,8/22/16 19:36
7672,1,34.0733333,-117.3113333,California,8/22/16 19:52
7673,1,33.2916667,-116.2305,California,8/22/16 19:56
7674,0.92,33.9268333,-116.9241667,California,8/22/16 20:01
7675,1.03,36.572,-121.174,California,8/22/16 20:05
7680,0.4,35.9648,-116.7819,California,8/22/16 20:25
7681,0.67,38.8193333,-122.8051667,California,8/22/16 20:30
7682,1.04,35.957,-117.6565,California,8/22/16 20:38
7684,1.77,39.3351667,-122.7993333,California,8/22/16 20:57
7685,1.64,38.8128333,-122.8128333,California,8/22/16 21:01
7686,0.88,38.8123322,-122.810997,California,8/22/16 21:02
7687,0.07,37.6263333,-118.8973333,California,8/22/16 21:06
7694,0.53,37.631,-118.8988333,California,8/22/16 22:10
7697,0.58,33.612,-116.6835,California,8/22/16 22:39
7698,1.05,34.0391667,-116.892,California,8/22/16 22:39
7699,0.77,38.7746658,-122.7583313,California,8/22/16 22:40
7700,2.01,33.5041667,-118.1526667,California,8/22/16 22:46
7702,1.78,39.3123333,-122.7903333,California,8/22/16 22:52
7708,0.35,37.6275,-118.8935,California,8/23/16 0:02
7709,0.97,34.0156667,-117.2028333,California,8/23/16 0:07
7710,1.36,33.9976667,-116.3921667,California,8/23/16 0:16
7713,1.4,34.0185,-117.2,California,8/23/16 1:00
7714,0.39,33.458,-116.4781667,California,8/23/16 1:15
7716,1.08,33.1775,-116.0415,California,8/23/16 1:34
7717,1.47,33.1766667,-116.0455,California,8/23/16 1:43
7718,1.1,37.6293335,-118.899498,California,8/23/16 1:55
7719,1.54,38.8206667,-122.7976667,California,8/23/16 2:20
7721,0.88,38.822834,-122.7959976,California,8/23/16 2:29
7722,1.94,38.8213333,-122.7976667,California,8/23/16 2:30
7723,1.54,36.2433333,-120.2648333,California,8/23/16 2:37
7725,1.15,37.5653333,-118.857,California,8/23/16 2:50
7726,0.62,34.0271667,-116.7426667,California,8/23/16 3:18
7731,0.78,38.8443336,-122.8388367,California,8/23/16 4:05
7733,0.51,38.8313332,-122.7914963,California,8/23/16 4:11
7734,0.35,37.6433333,-118.8875,California,8/23/16 4:16
7735,0.95,37.6275,-122.479,California,8/23/16 4:19
7737,0.9,38.8143349,-122.8223343,California,8/23/16 4:27
7738,0.99,33.4648333,-116.4435,California,8/23/16 4:40
7743,2.16,37.6248333,-118.8915,California,8/23/16 5:46
7745,2.96,37.6273333,-118.892,California,8/23/16 5:48
7747,1.02,37.623333,-118.8896637,California,8/23/16 5:51
7750,0.6,37.6263333,-118.8903333,California,8/23/16 6:00
7752,1.25,37.6248322,-118.8874969,California,8/23/16 6:03
7753,0.39,33.5191667,-116.554,California,8/23/16 6:03
7754,0.57,33.393,-116.368,California,8/23/16 6:08
7755,0.98,38.7853317,-122.7396698,California,8/23/16 6:19
7759,0.2,39.4055,-120.2235,California,8/23/16 6:23
7760,0.13,33.4716667,-116.5613333,California,8/23/16 6:25
7761,0.25,33.9976667,-116.3953333,California,8/23/16 6:25
7763,0.19,37.6298333,-118.8988333,California,8/23/16 6:30
7764,0.66,37.6241667,-118.888,California,8/23/16 6:37
7769,2.67,37.6356667,-118.8871667,California,8/23/16 7:10
7771,1.42,37.6413333,-118.8901667,California,8/23/16 7:12
7772,0.58,35.5135,-120.7521667,California,8/23/16 7:14
7773,0.94,33.1148333,-116.5838333,California,8/23/16 7:21
7774,0.46,33.4963333,-116.7901667,California,8/23/16 7:23
7777,1.63,37.642334,-118.8866653,California,8/23/16 7:37
7778,1.71,33.2728333,-116.1118333,California,8/23/16 7:37
7780,0.52,37.6418333,-118.8845,California,8/23/16 7:41
7781,2.14,37.6368333,-118.8855,California,8/23/16 7:42
7782,0.34,37.6333333,-118.8873333,California,8/23/16 7:47
7783,1.99,37.6368333,-118.886,California,8/23/16 7:54
7784,1.02,37.6371667,-118.8786667,California,8/23/16 7:55
7785,2.06,37.6394997,-118.887001,California,8/23/16 7:56
7786,0.53,34.5145,-118.041,California,8/23/16 7:58
7787,1.46,37.6388333,-118.8865,California,8/23/16 7:58
7788,1.23,34.0076667,-118.3571667,California,8/23/16 8:04
7789,1.91,37.6395,-118.8846667,California,8/23/16 8:04
7790,0.9,37.6373333,-118.8825,California,8/23/16 8:12
7792,1.3,38.7943333,-122.7551667,California,8/23/16 8:29
7793,0.71,38.7931671,-122.7561646,California,8/23/16 8:29
7796,2.03,37.6398333,-118.8885,California,8/23/16 8:52
7800,1.49,33.6886667,-116.7941667,California,8/23/16 9:14
7802,0.99,33.2711667,-116.1101667,California,8/23/16 9:30
7803,1.32,37.6323333,-118.8803333,California,8/23/16 9:43
7805,1.06,33.9238333,-117.0126667,California,8/23/16 9:48
7806,1.25,37.5145,-119.2985,California,8/23/16 9:50
7807,1.9,39.3356667,-122.713501,California,8/23/16 9:53
7810,0.2,37.2218,-118.1449,California,8/23/16 10:05
7813,1.61,37.6331667,-118.8798333,California,8/23/16 10:29
7814,1.23,33.27,-116.1123333,California,8/23/16 10:42
7815,0.71,37.6416667,-118.8861667,California,8/23/16 10:46
7820,0.63,38.8183327,-122.7773361,California,8/23/16 11:07
7821,0.2,37.6116,-118.9019,California,8/23/16 11:12
7824,1.25,33.1751667,-116.0465,California,8/23/16 11:22
7825,1.11,38.9728333,-123.266,California,8/23/16 11:22
7826,1.17,34.6473333,-118.6735,California,8/23/16 11:31
7827,0.91,38.7716675,-122.7223358,California,8/23/16 11:31
7831,1.28,34.0146667,-116.9953333,California,8/23/16 11:55
7833,0.78,33.993,-116.3896667,California,8/23/16 12:08
7834,0.62,38.8081667,-122.8175,California,8/23/16 12:26
7837,0.56,38.8311653,-122.8061676,California,8/23/16 12:38
7838,0.66,33.9728333,-116.3778333,California,8/23/16 12:40
7842,0.82,33.6046667,-116.6985,California,8/23/16 13:04
7845,2.29,34.7645,-121.1676667,California,8/23/16 13:12
7846,1.08,33.227,-116.0886667,California,8/23/16 13:39
7847,0.7,39.9063,-120.4392,California,8/23/16 13:40
7849,0.41,37.5893333,-118.9005,California,8/23/16 13:55
7850,2.24,33.2473333,-116.4153333,California,8/23/16 13:57
7851,1.07,37.3951683,-121.6151657,California,8/23/16 14:06
7857,0.48,33.5408333,-116.7956667,California,8/23/16 14:48
7859,1.58,33.0553333,-114.9878333,California,8/23/16 15:05
7860,1.16,34.2238333,-118.6641667,California,8/23/16 15:10
7861,1.45,39.8715,-122.9156667,California,8/23/16 15:26
7866,1.48,33.8461667,-117.4881667,California,8/23/16 15:43
7868,1.4,34.6286667,-117.1086667,California,8/23/16 15:51
7869,0.56,38.8354988,-122.7829971,California,8/23/16 15:59
7870,2.3,34.0093333,-116.4448333,California,8/23/16 16:04
7877,0.7,35.9496,-116.7098,California,8/23/16 16:40
7882,0.8,33.872,-117.5121667,California,8/23/16 17:05
7885,1.07,36.1568333,-117.8576667,California,8/23/16 17:31
7886,0.26,38.8126667,-122.8286667,California,8/23/16 17:52
7891,1.18,38.7963333,-122.7841667,California,8/23/16 18:14
7893,1.97,36.8871651,-121.6051636,California,8/23/16 18:44
7894,0.56,38.8115005,-122.821167,California,8/23/16 19:00
7895,0.83,33.9728333,-116.3748333,California,8/23/16 19:07
7903,0.87,33.7766667,-117.4455,California,8/23/16 19:42
7905,0.93,38.8269997,-122.8300018,California,8/23/16 20:08
7909,0.71,33.4665,-116.4471667,California,8/23/16 20:31
7912,1.18,33.503,-116.5675,California,8/23/16 20:42
7913,0.82,36.016,-120.5855,California,8/23/16 20:47
7918,0.62,34.0025,-116.3226667,California,8/23/16 21:36
7925,0.08,37.6303333,-118.8936667,California,8/23/16 22:14
7930,1.1,40.0258,-120.7997,California,8/23/16 23:10
7931,1,40.1715,-121.0566,California,8/23/16 23:11
7933,0.49,33.6688333,-116.7333333,California,8/23/16 23:14
7935,0.8,40.1789,-121.0516,California,8/23/16 23:28
7937,0.94,33.2855,-116.22,California,8/23/16 23:34
7940,0.52,33.6893333,-116.7573333,California,8/23/16 23:53
7941,0.58,38.8095,-122.818,California,8/24/16 0:04
7945,0.9,40.0336,-120.8038,California,8/24/16 0:22
7946,1.58,33.2971667,-115.7126667,California,8/24/16 0:26
7947,1.45,33.294,-115.7125,California,8/24/16 0:26
7948,0.57,38.836834,-122.8258362,California,8/24/16 0:39
7953,0.89,34.3091667,-117.1236667,California,8/24/16 0:59
7955,0.51,34.0108333,-116.9121667,California,8/24/16 1:27
7956,1.68,34.0071667,-116.9173333,California,8/24/16 1:47
7958,1.03,35.9886667,-117.9241667,California,8/24/16 2:18
7959,1.06,38.8073349,-122.7914963,California,8/24/16 2:18
7962,0.13,33.4805,-116.5516667,California,8/24/16 2:25
7972,0.31,36.0493333,-120.6193333,California,8/24/16 3:26
7973,0.3,39.9684,-120.8466,California,8/24/16 3:26
7974,1.02,36.7621667,-121.3546667,California,8/24/16 3:27
7978,0.97,33.77,-115.911,California,8/24/16 3:57
7979,0.93,35.0095,-118.4653333,California,8/24/16 3:58
7980,1.18,38.8030014,-122.82267,California,8/24/16 4:01
7982,1.81,38.7179985,-122.9240036,California,8/24/16 4:09
7985,1.18,33.5731667,-116.6283333,California,8/24/16 4:23
7990,0.87,34.0188333,-117.2278333,California,8/24/16 5:06
7995,1.39,36.3666667,-120.9495,California,8/24/16 5:46
7998,1.3,38.3128,-119.3232,California,8/24/16 6:01
8005,0.91,35.9641667,-120.5163333,California,8/24/16 6:39
8008,1.55,38.8228333,-122.8425,California,8/24/16 7:10
8011,0.2,39.4014,-120.1523,California,8/24/16 7:25
8014,1.3,33.9845,-116.7143333,California,8/24/16 7:35
8015,1.04,33.4835,-116.4698333,California,8/24/16 7:43
8016,0.85,33.2566667,-116.2835,California,8/24/16 7:45
8024,1.28,34.8026667,-120.3533333,California,8/24/16 9:11
8025,1.5,37.4428329,-119.050499,California,8/24/16 9:11
8026,1.21,37.5965,-118.7891667,California,8/24/16 9:13
8028,1.04,33.9788333,-116.9863333,California,8/24/16 9:18
8033,0.49,33.2493333,-116.7931667,California,8/24/16 10:18
8037,0.88,38.829834,-122.7828369,California,8/24/16 10:42
8039,0.4,37.6221667,-119.0203333,California,8/24/16 10:56
8044,0.96,38.8240013,-122.8571701,California,8/24/16 11:25
8045,1.38,35.4816667,-118.2908333,California,8/24/16 11:31
8049,0.74,35.9571667,-117.6585,California,8/24/16 11:55
8050,0.65,33.4855,-116.4035,California,8/24/16 11:58
8051,1.07,33.69,-116.7926667,California,8/24/16 12:09
8053,0.85,33.9785,-116.3733333,California,8/24/16 12:44
8054,1.64,33.88,-116.888,California,8/24/16 12:44
8055,0.86,33.9748333,-116.3738333,California,8/24/16 12:49
8058,0.55,33.7055,-116.7211667,California,8/24/16 13:15
8059,0.57,38.8269997,-122.8424988,California,8/24/16 13:18
8062,0.57,38.8269997,-122.8420029,California,8/24/16 13:22
8063,1.24,34.3556667,-117.0191667,California,8/24/16 13:29
8064,1.76,37.322,-122.1066667,California,8/24/16 13:34
8066,1.41,36.7556648,-121.5878296,California,8/24/16 13:53
8071,1.17,38.8101667,-122.8091667,California,8/24/16 14:14
8074,1.19,37.612,-118.9525,California,8/24/16 14:52
8076,0.85,33.6166667,-117.1556667,California,8/24/16 15:08
8078,0.56,33.986,-116.7688333,California,8/24/16 15:23
8081,1.88,33.4858333,-116.4216667,California,8/24/16 15:57
8082,0.57,33.4978333,-116.7893333,California,8/24/16 16:10
8084,0.44,33.5073333,-116.515,California,8/24/16 16:27
8086,1.1,40.0235,-120.7925,California,8/24/16 16:50
8093,0.78,33.8608333,-117.5198333,California,8/24/16 17:51
8099,0.03,38.8213333,-122.8431667,California,8/24/16 18:23
8101,1.99,35.466835,-120.7723312,California,8/24/16 18:27
8108,0.96,38.8353348,-122.788002,California,8/24/16 18:55
8114,1.34,36.0079994,-120.5810013,California,8/24/16 19:12
8115,1.04,33.9531667,-116.5703333,California,8/24/16 19:17
8119,0.64,35.655,-118.1295,California,8/24/16 19:41
8126,0.44,38.8230019,-122.7799988,California,8/24/16 20:22
8130,1.5,33.781,-118.186,California,8/24/16 20:30
8134,0.88,33.9801667,-116.8791667,California,8/24/16 20:53
8140,0.8,36.7809,-118.1134,California,8/24/16 21:41
8142,1.22,37.7323333,-122.1326667,California,8/24/16 21:44
8143,2.35,35.7433319,-120.2925034,California,8/24/16 21:52
8144,0.57,38.8446655,-122.8203354,California,8/24/16 22:07
8145,1.16,33.4808333,-116.4283333,California,8/24/16 22:21
8148,0.25,36.0408333,-117.5873333,California,8/24/16 22:55
8151,1.23,35.7463341,-120.2848358,California,8/24/16 23:10
8152,1.39,35.7386665,-120.2990036,California,8/24/16 23:12
8154,1.64,36.7708333,-118.1328333,California,8/24/16 23:19
8156,2.22,36.7761667,-118.13,California,8/24/16 23:56
8157,1.95,36.6778333,-121.3048333,California,8/25/16 0:10
8158,0.54,36.0223333,-117.7743333,California,8/25/16 0:22
8159,1.48,37.327,-118.6401667,California,8/25/16 0:23
8160,0.73,38.8081665,-122.8170013,California,8/25/16 0:27
8161,0.43,33.6613333,-116.7175,California,8/25/16 0:35
8162,0.6,40.062,-120.1459,California,8/25/16 0:44
8167,0.39,33.469,-116.5623333,California,8/25/16 1:44
8168,1.71,35.9553333,-117.6575,California,8/25/16 1:44
8169,0.7,35.953,-117.6586667,California,8/25/16 1:45
8170,0.78,35.9525,-117.6585,California,8/25/16 1:45
8177,1.37,33.2491667,-116.4085,California,8/25/16 2:59
8178,0.46,35.9521667,-117.6565,California,8/25/16 3:06
8179,1.02,37.5675,-118.9348333,California,8/25/16 3:12
8180,1.28,36.7781667,-118.1248333,California,8/25/16 3:39
8181,0.2,33.6455,-116.697,California,8/25/16 3:56
8184,1.06,34.0233333,-116.854,California,8/25/16 4:03
8187,0.95,35.4818333,-118.2935,California,8/25/16 4:20
8188,0.9,39.6003,-120.4497,California,8/25/16 4:21
8190,0.23,37.6328333,-118.8998333,California,8/25/16 4:23
8194,0.77,33.2418333,-116.291,California,8/25/16 4:33
8196,1.65,36.0005,-120.5623333,California,8/25/16 4:39
8197,0.58,38.7983322,-122.7245026,California,8/25/16 4:40
8198,1.39,33.7795,-118.1843333,California,8/25/16 4:48
8201,0.56,33.4651667,-116.4446667,California,8/25/16 5:18
8202,1.53,37.6295,-119.3991667,California,8/25/16 5:21
8204,1.08,33.4926667,-116.794,California,8/25/16 5:27
8206,0.5,40.1327,-120.2203,California,8/25/16 5:49
8207,0.48,38.8364983,-122.7955017,California,8/25/16 6:06
8209,1.69,35.5795,-118.4605,California,8/25/16 6:16
8211,0.65,33.9198333,-116.7138333,California,8/25/16 6:34
8215,1.85,33.5868333,-118.3761667,California,8/25/16 6:59
8219,1.4,39.348,-123.284,California,8/25/16 7:25
8220,1.18,38.8106651,-122.8223343,California,8/25/16 7:28
8223,1.28,34.9303333,-118.8541667,California,8/25/16 7:42
8225,0.24,33.5028333,-116.515,California,8/25/16 7:49
8227,1.21,35.3343333,-118.6638333,California,8/25/16 7:55
8230,1.41,35.5366669,-120.7878342,California,8/25/16 8:16
8240,1.3,35.3411667,-118.6151667,California,8/25/16 8:38
8243,1.6,34.0293333,-117.2563333,California,8/25/16 8:55
8245,0.94,35.9526667,-117.6571667,California,8/25/16 9:26
8258,1.18,37.5951653,-118.946167,California,8/25/16 10:03
8261,2.23,35.9886667,-117.923,California,8/25/16 10:30
8263,0.87,35.9891667,-117.923,California,8/25/16 10:32
8264,0.32,35.9921667,-117.9353333,California,8/25/16 10:32
8265,0.5,35.9851667,-117.927,California,8/25/16 10:35
8268,1.2,35.95,-117.6571667,California,8/25/16 10:44
8270,0.98,35.9521667,-117.658,California,8/25/16 10:44
8272,1.83,35.9883333,-117.9215,California,8/25/16 10:47
8276,2.22,35.9495,-117.6565,California,8/25/16 11:15
8278,1.31,34.3431667,-116.89,California,8/25/16 11:21
8286,1.43,37.5816667,-119.0116667,California,8/25/16 11:57
8288,0.53,33.485,-116.4708333,California,8/25/16 12:09
8289,0.71,33.4888333,-116.4663333,California,8/25/16 12:09
8290,0.7,33.4903333,-116.4675,California,8/25/16 12:10
8291,1.39,33.4556667,-116.478,California,8/25/16 12:17
8292,0.1,37.5953333,-118.9076667,California,8/25/16 12:18
8293,0.54,36.0181667,-117.7951667,California,8/25/16 12:26
8299,1.4,35.9566667,-117.6575,California,8/25/16 12:56
8300,0.83,35.9581667,-117.6565,California,8/25/16 12:57
8301,1.16,35.9565,-117.6598333,California,8/25/16 12:57
8302,0.62,35.9565,-117.6586667,California,8/25/16 13:00
8303,0.66,35.9563333,-117.658,California,8/25/16 13:01
8307,0.84,33.8015,-116.9271667,California,8/25/16 13:22
8309,2.02,34.8521667,-116.973,California,8/25/16 13:23
8313,0.29,35.9845,-117.9235,California,8/25/16 13:54
8315,0.49,35.9835,-117.9191667,California,8/25/16 14:08
8316,1,35.9568333,-117.6638333,California,8/25/16 14:09
8317,1.24,38.7589989,-122.8573303,California,8/25/16 14:12
8318,0.81,33.8251667,-116.1656667,California,8/25/16 14:14
8319,1.9,37.4643326,-118.8096695,California,8/25/16 14:31
8321,1.06,34.1456667,-116.8546667,California,8/25/16 14:45
8323,1.68,34.7366667,-116.424,California,8/25/16 14:57
8325,1.49,34.9935,-118.1993333,California,8/25/16 15:06
8327,1.91,38.8373337,-122.8453369,California,8/25/16 15:10
8328,1.45,37.5006676,-118.870163,California,8/25/16 15:11
8331,0.61,33.8191667,-116.1588333,California,8/25/16 15:26
8336,1.13,36.0055,-120.5585,California,8/25/16 15:46
8337,1.1,38.8188,-120.0961,California,8/25/16 15:53
8339,1,38.8056679,-122.8083344,California,8/25/16 16:15
8343,0.56,38.7970009,-122.7653351,California,8/25/16 16:59
8344,0.54,33.4763333,-116.447,California,8/25/16 17:03
8353,1.56,35.7635002,-120.2919998,California,8/25/16 18:17
8356,0.75,35.9585,-117.6578333,California,8/25/16 18:30
8359,1.74,34.1661667,-117.444,California,8/25/16 18:59
8362,0.9,38.8723335,-122.8314972,California,8/25/16 19:16
8366,0.47,38.8168335,-122.7613297,California,8/25/16 19:26
8368,0.52,34.1946667,-117.386,California,8/25/16 19:35
8370,1.98,34.1663333,-117.4451667,California,8/25/16 19:46
8374,1.21,35.2666667,-118.5595,California,8/25/16 20:35
8376,0.89,33.4731667,-116.4388333,California,8/25/16 21:14
8378,0.94,38.8138351,-122.8233337,California,8/25/16 21:53
8379,1.76,33.9778333,-117.534,California,8/25/16 22:06
8380,0.86,37.5541649,-118.8744965,California,8/25/16 22:08
8382,0.64,38.8279991,-122.8221664,California,8/25/16 22:18
8383,1.02,35.9558333,-117.6595,California,8/25/16 22:21
8387,0.72,35.9845,-117.9408333,California,8/25/16 22:54
8389,0.86,35.9538333,-117.6563333,California,8/25/16 23:16
8390,2.42,36.5154991,-121.0998306,California,8/25/16 23:19
8392,1.06,38.8050003,-122.8215027,California,8/25/16 23:30
8393,1.55,34.308,-118.6353333,California,8/25/16 23:36
8394,0.89,34.1191667,-116.9336667,California,8/25/16 23:58
83,1.1,61.4966,-140.6142,Canada,7/27/16 8:04
202,1.94,49.425,-120.523,Canada,7/27/16 19:16
238,1.3,61.2486,-139.3301,Canada,7/27/16 21:40
240,3.7,61.2297,-139.2366,Canada,7/27/16 21:42
587,0.7,60.9514,-138.5195,Canada,7/29/16 0:29
621,1.2,61.4897,-140.4458,Canada,7/29/16 3:40
662,1.9,62.5829,-135.6387,Canada,7/29/16 7:09
782,2.2,47.4275,-70.0885,Canada,7/29/16 15:55
798,1.2,60.3382,-137.9019,Canada,7/29/16 17:17
1198,1.2,59.9565,-136.8363,Canada,7/30/16 22:14
1261,1.1,45.49,-66.25,Canada,7/31/16 4:00
1371,2.15,49.3898333,-120.486,Canada,7/31/16 13:14
1557,1.9,60.0025,-136.9728,Canada,8/1/16 3:45
1852,0.8,61.6109,-140.1027,Canada,8/1/16 23:58
2007,2.33,49.4556667,-120.5088333,Canada,8/2/16 13:00
2115,1,62.608,-137.2418,Canada,8/2/16 21:32
2406,1.6,64.9445,-138.9717,Canada,8/3/16 20:03
2544,1.5,61.4626,-140.5415,Canada,8/4/16 2:37
2679,0.8,60.3735,-138.4868,Canada,8/4/16 10:07
2770,1.96,49.4341667,-120.514,Canada,8/4/16 17:01
2785,0.97,49.0878333,-122.2366667,Canada,8/4/16 18:15
2790,1,61.0078,-138.7017,Canada,8/4/16 18:39
3026,1.93,49.3915,-120.4808333,Canada,8/5/16 17:14
3096,1.3,61.4002,-140.1379,Canada,8/5/16 23:04
3098,1.77,43.3228333,-79.2625,Canada,8/5/16 23:12
3649,1.6,60.88,-138.4052,Canada,8/7/16 16:13
3959,2.11,49.44,-120.5321667,Canada,8/8/16 13:14
4261,2.26,49.4175,-120.5085,Canada,8/9/16 17:14
4621,1.29,49.1081667,-122.2513333,Canada,8/10/16 18:12
4930,1.8,49.1,-122.31,Canada,8/11/16 16:47
4939,1.69,49.3925,-120.5073333,Canada,8/11/16 17:18
4966,1.4,63.1966,-137.42,Canada,8/11/16 19:01
5185,1.4,63.4901,-140.3719,Canada,8/12/16 11:13
5242,1.81,49.0763333,-118.5958333,Canada,8/12/16 14:54
5553,2.7,46.762,-70.424,Canada,8/13/16 15:44
5845,3.49,49.0833333,-120.5413333,Canada,8/14/16 20:52
6033,1.92,49.424,-120.5045,Canada,8/15/16 17:16
6101,1.7,60.3331,-138.642,Canada,8/15/16 23:59
6259,1.79,49.347,-120.5021667,Canada,8/16/16 17:20
6484,2.56,49.0446667,-121.6626667,Canada,8/17/16 17:29
6500,2.25,49.419,-120.5011667,Canada,8/17/16 19:20
6927,1.7,49.4615,-120.5125,Canada,8/19/16 17:12
6940,2,61.2984,-139.7529,Canada,8/19/16 18:26
7100,1.3,60.3144,-137.5698,Canada,8/20/16 11:27
7231,1.3,61.2278,-139.7446,Canada,8/21/16 0:37
7411,1.96,49.4045,-120.4855,Canada,8/21/16 17:15
7611,1.5,60.3814,-137.859,Canada,8/22/16 13:18
7638,0.78,49.05,-122.1828333,Canada,8/22/16 15:53
7648,2,61.2389,-139.3048,Canada,8/22/16 17:10
7649,2.14,49.4575,-120.4981667,Canada,8/22/16 17:10
7658,1.29,48.537,-123.465,Canada,8/22/16 18:47
7703,1.97,49.0195,-124.926,Canada,8/22/16 22:54
7791,1.7,61.1072,-140.2432,Canada,8/23/16 8:22
7884,2.09,49.4476667,-120.5138333,Canada,8/23/16 17:16
7901,4.1,62.302,-133.483,Canada,8/23/16 19:36
8090,1.99,49.4366667,-120.5345,Canada,8/24/16 17:15
8346,1.82,49.3786667,-120.4768333,Canada,8/25/16 17:13
7096,4.6,-5.5382,-106.5435,Central East Pacific Rise,8/20/16 10:37
4044,4.3,0.2461,-18.9604,Central Mid-Atlantic Ridge,8/8/16 19:42
1105,4.4,-7.4679,68.4318,Chagos Archipelago region,7/30/16 16:05
31,5.6,-24.286,-67.8647,Chile,7/27/16 2:43
223,4.3,-30.3675,-71.6354,Chile,7/27/16 20:34
619,4.3,-31.7275,-71.8635,Chile,7/29/16 3:35
703,4.4,-30.398,-72.137,Chile,7/29/16 10:45
737,4.9,-31.5628,-71.5276,Chile,7/29/16 12:52
1218,4,-21.764,-68.449,Chile,7/30/16 23:41
2370,4,-22.855,-68.714,Chile,8/3/16 17:26
3007,4.3,-18.3324,-69.4911,Chile,8/5/16 15:34
3214,4.2,-31.768,-72.2577,Chile,8/6/16 6:05
3556,4.3,-26.105,-69.396,Chile,8/7/16 9:12
3753,4.3,-31.7173,-72.3279,Chile,8/8/16 0:19
3896,5,-31.5865,-71.6537,Chile,8/8/16 8:24
3941,4.9,-24.16,-68.116,Chile,8/8/16 12:08
4196,4.2,-23.243,-69.41,Chile,8/9/16 9:57
4227,4.5,-31.735,-72.1962,Chile,8/9/16 13:56
4426,5,-32.0802,-71.2826,Chile,8/10/16 4:20
4568,4.6,-30.747,-71.407,Chile,8/10/16 13:37
5071,4.7,-22.0145,-68.6717,Chile,8/12/16 2:14
5211,3.9,-20.5389,-69.3442,Chile,8/12/16 13:07
5241,4.2,-40.3093,-72.9593,Chile,8/12/16 14:49
5261,3.9,-34.905,-71.825,Chile,8/12/16 16:25
5392,4.5,-33.3999,-72.4123,Chile,8/13/16 2:21
5702,4.4,-20.6827,-69.1586,Chile,8/14/16 6:23
5737,5,-20.21,-69.289,Chile,8/14/16 9:28
6090,5.3,-22.5116,-68.6497,Chile,8/15/16 22:58
6158,4.3,-19.9216,-71.0682,Chile,8/16/16 8:27
6214,4.7,-19.7836,-70.9845,Chile,8/16/16 13:50
6218,5.1,-19.7557,-71.0943,Chile,8/16/16 14:17
6224,4.3,-33.588,-72.0254,Chile,8/16/16 14:42
6409,4.6,-27.8985,-71.3277,Chile,8/17/16 9:00
6507,4.3,-27.4841,-70.8263,Chile,8/17/16 20:11
6773,4.7,-20.5743,-68.9516,Chile,8/19/16 1:59
6837,4.4,-21.075,-70.3411,Chile,8/19/16 8:06
7581,4.1,-21.3827,-68.7817,Chile,8/22/16 9:47
7817,4.6,-45.6914,-77.2456,Chile,8/23/16 10:47
694,4.7,21.809,99.8216,China,7/29/16 10:02
1016,4.1,29.068,94.6895,China,7/30/16 7:58
1275,4.9,24.1285,111.467,China,7/31/16 5:18
1647,4.4,39.9457,78.0176,China,8/1/16 9:26
4020,4.4,31.6418,100.1252,China,8/8/16 18:21
4023,4.2,26.054,99.9187,China,8/8/16 18:30
4333,4.3,34.376,86.1432,China,8/9/16 23:00
4443,4.5,34.3553,86.147,China,8/10/16 5:35
4461,4.3,34.3885,86.1766,China,8/10/16 6:23
5081,4.7,27.1807,103.5792,China,8/12/16 2:56
5152,4.4,34.7522,80.4081,China,8/12/16 8:23
5226,5.2,40.7147,78.3071,China,8/12/16 14:00
5419,5.2,37.7255,101.5785,China,8/13/16 4:29
5729,4.6,34.2932,86.2622,China,8/14/16 9:10
642,5,-9.5253,107.0091,Christmas Island,7/29/16 5:07
3489,4.6,6.8868,-76.2255,Colombia,8/7/16 4:20
5432,4.3,6.8375,-72.9925,Colombia,8/13/16 5:29
3224,2.5,38.2708,-102.6713,Colorado,8/6/16 7:19
3500,2.7,36.9248,-105.0812,Colorado,8/7/16 5:28
7706,2,40.4696,-104.6636,Colorado,8/22/16 23:14
7841,3.9,36.992,-104.9418,Colorado,8/23/16 12:56
7970,2.9,38.1524,-104.8066,Colorado,8/24/16 3:12
8191,1.5,40.5134,-104.6549,Colorado,8/25/16 4:25
8192,2.5,40.4703,-104.6609,Colorado,8/25/16 4:27
8249,1.4,40.4813,-104.6691,Colorado,8/25/16 9:37
3464,4.5,10.6074,-83.8316,Costa Rica,8/7/16 2:09
4107,4.5,8.494,-82.9803,Costa Rica,8/9/16 2:24
6434,4.6,9.6321,-84.1335,Costa Rica,8/17/16 12:06
8248,4.1,8.9481,-83.6911,Costa Rica,8/25/16 9:34
3592,4.1,35.2351,31.6188,Cyprus,8/7/16 12:08
32,3.6,18.6138,-68.7526,Dominican Republic,7/27/16 3:00
1166,3.2,18.2926,-68.6143,Dominican Republic,7/30/16 20:52
1167,3.2,19.6662,-68.1904,Dominican Republic,7/30/16 20:52
1452,3.1,17.7835,-68.5999,Dominican Republic,7/31/16 19:48
2125,3.4,19.1555,-67.7195,Dominican Republic,8/2/16 22:48
2151,3.3,19.3785,-67.8602,Dominican Republic,8/3/16 0:38
2633,3.4,18.0597,-68.5132,Dominican Republic,8/4/16 7:06
2952,3,17.8493,-68.5579,Dominican Republic,8/5/16 9:53
3073,3.3,18.118,-68.0353,Dominican Republic,8/5/16 21:26
3814,3,17.9461,-68.009,Dominican Republic,8/8/16 4:42
4136,3.1,18.2152,-67.9595,Dominican Republic,8/9/16 3:56
4539,3.7,18.8043,-69.32,Dominican Republic,8/10/16 11:21
4650,3.3,18.165,-68.591,Dominican Republic,8/10/16 20:53
4725,3.4,17.9279,-68.9422,Dominican Republic,8/11/16 2:40
4750,2.7,18.9785,-67.9486,Dominican Republic,8/11/16 4:16
5060,3.3,19.503,-68.5783,Dominican Republic,8/12/16 1:06
5069,3.1,19.6511,-68.6037,Dominican Republic,8/12/16 2:06
5459,2.8,18.1895,-68.1072,Dominican Republic,8/13/16 8:14
5609,2.9,17.8645,-68.5695,Dominican Republic,8/13/16 20:06
5808,3.4,18.1828,-68.379,Dominican Republic,8/14/16 15:33
5959,3.4,17.9179,-68.6727,Dominican Republic,8/15/16 9:51
6146,2.3,18.8624,-67.7854,Dominican Republic,8/16/16 6:07
6514,1.9,19.0709,-68.8563,Dominican Republic,8/17/16 20:50
6654,3.4,18.009,-68.2806,Dominican Republic,8/18/16 13:21
6762,3.4,19.6182,-68.8322,Dominican Republic,8/18/16 23:54
6813,3,18.0359,-68.5295,Dominican Republic,8/19/16 5:54
7214,2.8,18.6518,-68.0367,Dominican Republic,8/20/16 22:31
7794,3.3,17.9076,-68.6248,Dominican Republic,8/23/16 8:31
7828,3,19.2481,-67.7393,Dominican Republic,8/23/16 11:34
7830,4,18.1033,-68.8768,Dominican Republic,8/23/16 11:49
8069,3,18.0181,-68.0989,Dominican Republic,8/24/16 14:01
3574,4.7,46.9228,155.7028,East of the Kuril Islands,8/7/16 10:12
2852,4.5,-8.1125,127.6288,East Timor,8/4/16 23:44
4084,4.6,-0.1678,-78.3607,Ecuador,8/9/16 0:23
7797,3.9,-1.93,-80.2043,Ecuador,8/23/16 8:54
4202,4.6,12.6761,-88.8591,El Salvador,8/9/16 10:26
5660,4.8,13.9876,-89.9176,El Salvador,8/14/16 1:13
113,4.4,-19.3536,-177.4688,Fiji,7/27/16 10:22
1278,4.4,-21.6264,-178.6404,Fiji,7/31/16 5:33
1286,4.4,-19.9161,-177.509,Fiji,7/31/16 5:50
1712,4.3,-17.8301,-178.5327,Fiji,8/1/16 13:45
2105,4.4,-21.0197,-177.2917,Fiji,8/2/16 20:46
2268,4.5,-18.1535,-178.67,Fiji,8/3/16 9:21
2299,4.4,-20.2611,-178.2997,Fiji,8/3/16 11:26
2385,4.2,-17.638,-178.8027,Fiji,8/3/16 18:39
2403,4.4,-18.049,-178.1246,Fiji,8/3/16 19:52
3094,4.4,-20.9321,-178.5556,Fiji,8/5/16 22:59
3110,4.1,-18.0412,-178.4624,Fiji,8/5/16 23:44
4564,4.3,-17.7464,-178.7591,Fiji,8/10/16 13:11
5867,4.7,-22.1991,173.377,Fiji,8/14/16 22:53
5871,4.9,-22.0978,173.5185,Fiji,8/14/16 23:16
6847,4.3,-21.3299,-178.1818,Fiji,8/19/16 8:40
7351,4.5,-17.7203,-178.5915,Fiji,8/21/16 11:32
7928,4.4,-19.9531,-177.4594,Fiji,8/23/16 22:37
5751,4.4,-17.8283,-177.9619,Fiji region,8/14/16 10:37
6491,5,-15.9754,173.5901,Fiji region,8/17/16 18:14
6493,5.2,-15.8859,173.4863,Fiji region,8/17/16 18:26
297,4.2,42.9566,40.8998,Georgia,7/28/16 2:05
1076,5.2,35.1165,22.6703,Greece,7/30/16 13:26
3141,4.2,40.6533,23.4104,Greece,8/6/16 1:17
6579,4.5,73.2809,6.3606,Greenland Sea,8/18/16 3:32
2175,4.5,13.5563,144.9084,Guam,8/3/16 2:09
3748,4.5,12.0689,143.8351,Guam,8/8/16 0:12
909,4.4,14.053,-91.4117,Guatemala,7/30/16 1:25
1036,4.8,14.2236,-91.6436,Guatemala,7/30/16 9:53
3613,4.4,13.9618,-90.7179,Guatemala,8/7/16 13:30
4952,4.2,13.6293,-91.2355,Guatemala,8/11/16 18:02
6581,4.4,15.2341,-91.832,Guatemala,8/18/16 3:41
7088,4.1,14.1563,-92.2068,Guatemala,8/20/16 9:59
7,1,19.4235,-155.6098333,Hawaii,7/27/16 0:53
22,1.47,19.4074993,-155.2843323,Hawaii,7/27/16 1:49
46,1.83,18.7893333,-154.8673333,Hawaii,7/27/16 4:13
70,2.1,19.4034996,-155.2831726,Hawaii,7/27/16 6:49
85,1.99,19.173,-155.5863333,Hawaii,7/27/16 8:06
237,1.76,19.2946667,-155.0171667,Hawaii,7/27/16 21:39
269,1.54,19.612,-155.2628333,Hawaii,7/27/16 23:46
274,2.12,19.2019997,-155.4136658,Hawaii,7/28/16 0:02
359,1.47,19.4283333,-155.6106667,Hawaii,7/28/16 7:19
483,1.98,19.4045,-155.2826667,Hawaii,7/28/16 16:51
511,0.7,19.4065,-155.6343333,Hawaii,7/28/16 19:06
515,1.94,19.434166,-155.4646606,Hawaii,7/28/16 19:23
614,0.59,19.4305,-155.6173333,Hawaii,7/29/16 2:59
645,0.69,19.4078333,-155.635,Hawaii,7/29/16 5:15
658,1.56,19.5618333,-155.9803333,Hawaii,7/29/16 6:34
707,0.76,19.3133333,-155.2096667,Hawaii,7/29/16 10:58
708,1.97,19.4056667,-155.039,Hawaii,7/29/16 10:58
710,2.68,19.4276667,-155.6116667,Hawaii,7/29/16 11:06
713,2.66,19.4241667,-155.6226667,Hawaii,7/29/16 11:12
775,1.5,19.504,-155.9133333,Hawaii,7/29/16 15:29
896,1.15,19.3706667,-155.2831667,Hawaii,7/30/16 0:44
993,1.23,19.4255,-155.613,Hawaii,7/30/16 5:39
1027,3.4,20.8197,-155.7173,Hawaii,7/30/16 9:12
1102,1.64,19.5665,-155.1401667,Hawaii,7/30/16 15:50
1123,3.24,19.8023333,-155.3606667,Hawaii,7/30/16 17:12
1134,1.91,19.4055,-155.2781667,Hawaii,7/30/16 18:02
1141,1.93,19.4134998,-155.2788391,Hawaii,7/30/16 18:31
1230,2.35,19.404,-155.6395,Hawaii,7/31/16 0:53
1366,1.22,19.4295,-155.3248333,Hawaii,7/31/16 12:47
1367,1.82,19.6471667,-155.3,Hawaii,7/31/16 12:50
1406,1.51,19.3376667,-155.135,Hawaii,7/31/16 16:15
1416,1.98,19.284,-155.3875,Hawaii,7/31/16 16:58
1417,0.98,19.2831667,-155.3886667,Hawaii,7/31/16 17:01
1418,1.09,19.2843333,-155.3878333,Hawaii,7/31/16 17:01
1419,0.92,19.2888333,-155.3856667,Hawaii,7/31/16 17:01
1425,1.21,19.3886667,-155.2501667,Hawaii,7/31/16 17:20
1426,1.84,19.3876667,-155.2488333,Hawaii,7/31/16 17:21
1461,1.9,20.4128333,-155.6205,Hawaii,7/31/16 20:46
1468,1.02,19.3173333,-155.252,Hawaii,7/31/16 21:30
1469,1.67,19.3171667,-155.2506667,Hawaii,7/31/16 21:30
1495,1.47,19.2001667,-155.7095,Hawaii,7/31/16 23:55
1530,0.68,19.4038333,-155.2811667,Hawaii,8/1/16 2:18
1531,0.99,19.3845,-155.2355,Hawaii,8/1/16 2:20
1535,2.23,19.382,-155.2355,Hawaii,8/1/16 2:21
1546,1.5,19.4038334,-155.2833405,Hawaii,8/1/16 3:08
1550,2.35,19.1935005,-155.4705048,Hawaii,8/1/16 3:26
1612,2.76,19.4286667,-155.6161667,Hawaii,8/1/16 7:16
1690,1.8,19.4076672,-155.2801666,Hawaii,8/1/16 12:20
1722,1.52,19.4060001,-155.2811737,Hawaii,8/1/16 14:05
1739,2.07,19.2198333,-155.4286667,Hawaii,8/1/16 14:54
1741,1.7,19.0843333,-155.3983333,Hawaii,8/1/16 14:57
1760,1.93,19.1453333,-155.578,Hawaii,8/1/16 16:25
1797,2.07,19.1771667,-155.4676667,Hawaii,8/1/16 19:46
1804,1.3,19.3276667,-155.1936667,Hawaii,8/1/16 20:15
1845,1.74,19.388,-155.2465,Hawaii,8/1/16 23:40
1893,2.15,19.1783333,-155.4701667,Hawaii,8/2/16 3:13
1911,2.38,18.9631672,-155.5658264,Hawaii,8/2/16 4:43
1916,0.31,19.4173336,-155.2814941,Hawaii,8/2/16 5:09
1985,1.15,19.2826667,-155.3878333,Hawaii,8/2/16 10:20
2024,1.8,19.2095,-155.4513333,Hawaii,8/2/16 14:30
2068,1.72,19.17,-155.4601667,Hawaii,8/2/16 17:38
2129,1.9,19.8656667,-155.5933333,Hawaii,8/2/16 23:01
2221,2.34,18.1616667,-155.3345,Hawaii,8/3/16 6:06
2328,0.33,19.388,-155.2785,Hawaii,8/3/16 13:16
2387,0.8,19.384,-155.32,Hawaii,8/3/16 18:42
2432,1.86,19.2095,-155.451,Hawaii,8/3/16 23:03
2441,1.74,19.4065,-155.2768333,Hawaii,8/4/16 0:03
2450,1.77,19.1756667,-155.4651667,Hawaii,8/4/16 0:38
2580,1.86,19.2026667,-155.4688333,Hawaii,8/4/16 4:07
2664,0.9,19.4261667,-155.618,Hawaii,8/4/16 8:54
2694,1.74,20.0266667,-155.3671667,Hawaii,8/4/16 11:11
2847,1.07,19.2948333,-155.384,Hawaii,8/4/16 23:05
3044,2.22,19.4931667,-155.4886667,Hawaii,8/5/16 19:02
3058,1.98,19.3863335,-155.2613373,Hawaii,8/5/16 20:28
3097,1.03,19.3045,-155.358,Hawaii,8/5/16 23:05
3132,2.58,19.4029999,-155.2743378,Hawaii,8/6/16 0:48
3307,2.14,19.213,-155.4531667,Hawaii,8/6/16 14:17
3424,1.34,19.4115,-155.6338333,Hawaii,8/6/16 23:21
3487,1.89,19.4093342,-155.3001709,Hawaii,8/7/16 4:12
3539,1.25,19.4215,-155.6038333,Hawaii,8/7/16 7:59
3668,1.75,19.1961667,-155.4715,Hawaii,8/7/16 17:44
3719,0.51,19.4038334,-155.2756653,Hawaii,8/7/16 21:57
3755,1.29,19.3968334,-155.2746735,Hawaii,8/8/16 0:42
3756,1.71,19.7315,-155.3903333,Hawaii,8/8/16 0:44
3771,2.2,19.4060001,-155.2818298,Hawaii,8/8/16 1:30
3772,1.5,19.3285,-155.1543333,Hawaii,8/8/16 1:31
3773,2.23,19.4046669,-155.2833405,Hawaii,8/8/16 1:31
3776,1.1,19.4313333,-155.6225,Hawaii,8/8/16 1:37
3876,2.02,19.4073334,-155.2788391,Hawaii,8/8/16 7:41
3897,1.99,19.2106667,-155.4850006,Hawaii,8/8/16 8:26
3901,2.36,19.3401667,-155.1776667,Hawaii,8/8/16 8:31
3912,1.81,19.4080009,-155.2825012,Hawaii,8/8/16 9:38
3936,1.33,19.3295,-155.0446667,Hawaii,8/8/16 11:46
3947,1.99,19.4091663,-155.2788391,Hawaii,8/8/16 12:31
3977,1.31,19.4008331,-155.272995,Hawaii,8/8/16 14:50
4010,1.98,19.2014999,-155.4884949,Hawaii,8/8/16 17:33
4055,1.79,19.2078333,-155.4495,Hawaii,8/8/16 20:36
4100,2.94,19.4308333,-155.6145,Hawaii,8/9/16 1:45
4109,1.55,19.6911667,-156.0536667,Hawaii,8/9/16 2:27
4125,1.57,19.3063333,-155.8108333,Hawaii,8/9/16 3:19
4135,2.07,19.1933327,-155.4973297,Hawaii,8/9/16 3:56
4175,1.5,19.4271667,-155.4603333,Hawaii,8/9/16 7:43
4410,1.88,19.2008333,-155.3151667,Hawaii,8/10/16 3:01
4638,1.89,19.8381667,-155.3576667,Hawaii,8/10/16 20:05
4696,0.67,19.4033333,-155.6156667,Hawaii,8/11/16 0:54
4718,1.89,19.2158337,-155.4654999,Hawaii,8/11/16 2:09
4809,1.49,19.4191667,-155.631,Hawaii,8/11/16 8:21
4857,1.81,19.208,-155.4516667,Hawaii,8/11/16 10:52
4912,1.26,19.41,-155.6338333,Hawaii,8/11/16 15:27
4927,1.92,19.3796667,-155.2835,Hawaii,8/11/16 16:32
4942,1.33,19.409,-155.6333333,Hawaii,8/11/16 17:31
5033,1.78,19.1015,-155.2905,Hawaii,8/11/16 23:48
5062,1.84,19.1700001,-155.4763336,Hawaii,8/12/16 1:20
5067,1.79,19.211,-155.449,Hawaii,8/12/16 2:00
5104,2.52,19.3808333,-155.283,Hawaii,8/12/16 4:28
5105,2.03,19.3806667,-155.284,Hawaii,8/12/16 4:29
5119,3.05,19.1836667,-155.6401667,Hawaii,8/12/16 5:24
5202,2.53,19.4156667,-155.4623333,Hawaii,8/12/16 12:22
5314,3.07,19.2391667,-155.2405,Hawaii,8/12/16 20:33
5360,1.79,19.209,-155.449,Hawaii,8/12/16 23:34
5361,1.85,19.3098333,-155.2228333,Hawaii,8/12/16 23:39
5445,1.4,19.4133333,-155.6185,Hawaii,8/13/16 7:04
5461,1.55,19.3331667,-155.1378333,Hawaii,8/13/16 8:27
5487,1.88,19.461,-155.0148333,Hawaii,8/13/16 10:34
5502,1.87,19.190834,-155.4779968,Hawaii,8/13/16 11:50
5513,0.44,19.3838333,-155.2461667,Hawaii,8/13/16 12:43
5519,1.89,19.2128334,-155.4579926,Hawaii,8/13/16 13:00
5560,1.93,19.2916667,-155.1585,Hawaii,8/13/16 16:18
5689,1.23,19.4206667,-155.6168333,Hawaii,8/14/16 4:57
5696,1.78,19.1918333,-155.4731667,Hawaii,8/14/16 5:51
5807,0.69,19.3755,-155.2408333,Hawaii,8/14/16 15:32
5896,1.5,19.3273333,-155.1905,Hawaii,8/15/16 2:15
6065,2.39,20.4093333,-155.4938333,Hawaii,8/15/16 19:23
6089,1.79,19.2076667,-155.4481667,Hawaii,8/15/16 22:53
6091,1.62,19.3215,-155.3866667,Hawaii,8/15/16 23:02
6142,1.17,19.2891667,-155.3878333,Hawaii,8/16/16 5:46
6159,2,19.2096667,-155.4535,Hawaii,8/16/16 8:34
6194,1.6,19.3765,-155.2456667,Hawaii,8/16/16 11:53
6206,1.46,19.402,-155.2478333,Hawaii,8/16/16 13:03
6349,0.76,19.289,-155.3845,Hawaii,8/17/16 2:26
6354,0.69,19.3243333,-155.1571667,Hawaii,8/17/16 3:06
6373,0.63,19.3286667,-155.1438333,Hawaii,8/17/16 4:31
6437,1.02,19.2905,-155.3866667,Hawaii,8/17/16 12:30
6481,3.43,19.2873333,-156.4265,Hawaii,8/17/16 17:07
6492,2.32,19.297,-156.4768333,Hawaii,8/17/16 18:24
6513,1.77,19.2093334,-155.4640045,Hawaii,8/17/16 20:47
6574,1.89,19.2185001,-155.4701691,Hawaii,8/18/16 2:57
6594,1.76,19.7821667,-155.401,Hawaii,8/18/16 5:09
6618,2,19.2051667,-155.4523333,Hawaii,8/18/16 7:54
6630,0.71,19.383,-155.2365,Hawaii,8/18/16 10:51
6752,0.69,19.4205,-155.6083333,Hawaii,8/18/16 22:54
6781,2.47,19.2236671,-155.4714966,Hawaii,8/19/16 2:54
6822,1.48,19.3306667,-155.133,Hawaii,8/19/16 6:32
6864,1.91,19.1973324,-155.4624939,Hawaii,8/19/16 10:23
6966,2.38,19.2175007,-155.4663391,Hawaii,8/19/16 21:01
6975,1.22,19.4318333,-155.6185,Hawaii,8/19/16 22:28
6994,2.55,19.3795,-155.2316667,Hawaii,8/20/16 0:17
7012,2.42,19.4118333,-155.6388333,Hawaii,8/20/16 2:40
7013,1.05,19.4136667,-155.6363333,Hawaii,8/20/16 2:43
7019,2.22,19.4815,-155.801,Hawaii,8/20/16 3:20
7083,1.84,19.2245007,-155.3970032,Hawaii,8/20/16 9:15
7163,2.05,19.3755,-155.283,Hawaii,8/20/16 18:09
7187,0.68,19.4063333,-155.6386667,Hawaii,8/20/16 20:43
7244,1.63,19.4651667,-155.8516667,Hawaii,8/21/16 2:17
7287,0.84,19.4026667,-155.6353333,Hawaii,8/21/16 5:04
7298,1.02,19.4276667,-155.0183333,Hawaii,8/21/16 5:52
7304,2.58,19.2255001,-155.4698334,Hawaii,8/21/16 6:07
7317,1.78,19.4048328,-155.2830048,Hawaii,8/21/16 7:26
7433,1.73,19.4146667,-155.6091667,Hawaii,8/21/16 18:41
7461,2.45,19.2544994,-157.2676697,Hawaii,8/21/16 21:12
7538,2.03,19.988,-155.522,Hawaii,8/22/16 4:28
7548,0.5,19.4386667,-155.6131667,Hawaii,8/22/16 5:43
7558,2.19,19.2043343,-155.4774933,Hawaii,8/22/16 6:33
7568,0.71,19.4096667,-155.636,Hawaii,8/22/16 7:53
7572,2.44,19.4335,-155.4031667,Hawaii,8/22/16 8:45
7602,0.87,19.3236667,-155.1835,Hawaii,8/22/16 11:53
7609,2.15,19.1726665,-155.4766693,Hawaii,8/22/16 12:37
7642,1.06,19.4281667,-155.6221667,Hawaii,8/22/16 16:41
7645,1.18,19.4301667,-155.618,Hawaii,8/22/16 16:57
7758,1.92,19.3935,-155.2536667,Hawaii,8/23/16 6:23
7766,1.92,19.2168331,-155.473999,Hawaii,8/23/16 6:43
7863,2.16,19.1690006,-155.4776611,Hawaii,8/23/16 15:37
7867,1.97,19.9203333,-155.2015,Hawaii,8/23/16 15:47
7872,3.15,19.4088333,-155.6283333,Hawaii,8/23/16 16:13
7949,0.6,19.3665,-155.314,Hawaii,8/24/16 0:43
7987,1.37,19.4133339,-155.2658386,Hawaii,8/24/16 4:37
7992,1.4,19.4015,-155.2666667,Hawaii,8/24/16 5:33
8021,0.85,19.3626667,-155.2993333,Hawaii,8/24/16 8:49
8031,1.71,19.4073334,-155.2653351,Hawaii,8/24/16 9:53
8035,1.45,19.3366667,-155.1095,Hawaii,8/24/16 10:29
8048,2.74,19.3483333,-155.2166667,Hawaii,8/24/16 11:52
8072,2.15,19.385,-155.2793333,Hawaii,8/24/16 14:35
8073,2.26,19.2173328,-155.4678345,Hawaii,8/24/16 14:39
8096,3.76,19.3851667,-155.2406667,Hawaii,8/24/16 18:17
8098,0.66,19.3885,-155.2463333,Hawaii,8/24/16 18:22
8100,0.52,19.3831667,-155.2408333,Hawaii,8/24/16 18:26
8102,0.56,19.3861667,-155.247,Hawaii,8/24/16 18:30
8103,0.46,19.3931667,-155.246,Hawaii,8/24/16 18:37
8105,0.46,19.3848333,-155.2476667,Hawaii,8/24/16 18:45
8106,1.12,19.2918333,-155.3805,Hawaii,8/24/16 18:46
8109,0.68,19.3863333,-155.2456667,Hawaii,8/24/16 18:59
8110,0.66,19.3816667,-155.242,Hawaii,8/24/16 19:04
8111,0.8,19.3868333,-155.2475,Hawaii,8/24/16 19:06
8113,3.48,19.3835,-155.2388333,Hawaii,8/24/16 19:12
8116,0.52,19.3838333,-155.242,Hawaii,8/24/16 19:20
8118,0.72,19.3823333,-155.2388333,Hawaii,8/24/16 19:26
8120,0.67,19.3846667,-155.2441667,Hawaii,8/24/16 19:47
8121,2.08,19.3833333,-155.2386667,Hawaii,8/24/16 19:48
8122,0.64,19.3856667,-155.2446667,Hawaii,8/24/16 19:53
8124,0.68,19.3835,-155.2438333,Hawaii,8/24/16 20:06
8125,0.89,19.3803333,-155.2371667,Hawaii,8/24/16 20:11
8128,2.34,19.3921667,-155.279,Hawaii,8/24/16 20:23
8132,2.34,19.3824997,-155.2378387,Hawaii,8/24/16 20:51
8133,2.18,19.3688335,-155.2805023,Hawaii,8/24/16 20:51
8136,2.15,19.1818333,-155.4774933,Hawaii,8/24/16 21:19
8138,1.87,19.3781662,-155.2358398,Hawaii,8/24/16 21:36
8139,1.8,19.3846664,-155.2441711,Hawaii,8/24/16 21:38
8146,1.74,19.3805008,-155.2445068,Hawaii,8/24/16 22:47
8147,1.84,19.4133339,-155.223999,Hawaii,8/24/16 22:47
8165,1.8,19.3899994,-155.280838,Hawaii,8/25/16 1:20
8274,2.57,20.0286674,-155.4425049,Hawaii,8/25/16 10:56
8282,1.73,19.3778324,-155.2353363,Hawaii,8/25/16 11:36
8287,2.56,19.3848324,-155.245163,Hawaii,8/25/16 12:02
8352,2.27,19.3016663,-155.2200012,Hawaii,8/25/16 17:43
8377,2.15,19.2205009,-155.4725037,Hawaii,8/25/16 21:52
319,1.4,44.5528333,-114.5161667,Idaho,7/28/16 4:33
465,1.66,44.625,-114.3538333,Idaho,7/28/16 15:13
487,1.96,48.3755,-116.5223333,Idaho,7/28/16 16:59
623,1.09,44.6408333,-113.6545,Idaho,7/29/16 3:49
820,1.47,42.4448333,-111.5468333,Idaho,7/29/16 18:34
1079,1.69,43.8998333,-111.0905,Idaho,7/30/16 13:43
1436,1.93,45.1058333,-114.5968333,Idaho,7/31/16 18:05
2075,2.08,44.4445,-114.1371667,Idaho,8/2/16 18:05
2084,2.41,47.968,-117.0135,Idaho,8/2/16 18:50
2098,0.19,42.1553333,-112.0865,Idaho,8/2/16 19:43
2099,0.67,42.1436667,-112.0855,Idaho,8/2/16 19:44
3089,1.08,43.2275,-111.4035,Idaho,8/5/16 22:47
3231,1.08,43.1951667,-111.488,Idaho,8/6/16 8:11
3920,1.11,43.724,-111.1761667,Idaho,8/8/16 10:28
3971,2.5,44.7155,-115.9983,Idaho,8/8/16 14:06
6085,1.42,42.082,-111.7315,Idaho,8/15/16 22:33
6577,1.91,47.48,-115.8041667,Idaho,8/18/16 3:17
6934,2.28,44.2521667,-114.0903333,Idaho,8/19/16 18:13
3887,2.37,38.3113333,-88.183,Illinois,8/8/16 8:04
4735,2.48,38.4865,-87.8511667,Illinois,8/11/16 3:23
4967,2.44,38.125,-88.4015,Illinois,8/11/16 19:10
1650,4.5,31.3148,76.9876,India,8/1/16 9:38
4783,4.8,7.7304,93.7171,India,8/11/16 6:55
56,4.9,-3.7122,131.5537,Indonesia,7/27/16 5:21
59,4.2,1.3512,124.434,Indonesia,7/27/16 5:53
529,4.1,1.8134,127.3515,Indonesia,7/28/16 19:56
633,5.4,0.0756,123.4162,Indonesia,7/29/16 4:29
793,4.7,-4.3475,138.5074,Indonesia,7/29/16 16:46
1045,4.9,-6.2391,130.3128,Indonesia,7/30/16 10:47
1144,5,1.9921,96.7284,Indonesia,7/30/16 18:42
1172,5.2,-2.4471,138.495,Indonesia,7/30/16 21:07
1216,4.4,-7.9928,107.7934,Indonesia,7/30/16 23:30
1297,4.2,-6.7544,107.9482,Indonesia,7/31/16 6:46
1375,4.6,-6.5175,129.0121,Indonesia,7/31/16 13:20
1450,5.6,-8.194,117.8145,Indonesia,7/31/16 19:40
1571,4.8,-9.7421,122.3208,Indonesia,8/1/16 4:32
1789,4.6,-7.4123,129.1882,Indonesia,8/1/16 19:11
1806,4.9,2.8125,95.5295,Indonesia,8/1/16 20:24
2071,4.7,3.6477,127.1955,Indonesia,8/2/16 17:43
2291,4.4,-7.4356,128.5733,Indonesia,8/3/16 11:10
2645,4.8,0.1821,126.285,Indonesia,8/4/16 7:49
2688,4.5,-3.0529,127.542,Indonesia,8/4/16 10:48
2917,5,-5.9775,100.3248,Indonesia,8/5/16 5:40
2942,4.4,2.9565,128.3974,Indonesia,8/5/16 9:17
2991,4.5,3.6454,127.8758,Indonesia,8/5/16 13:58
3056,4.4,-6.4246,130.0862,Indonesia,8/5/16 20:17
3220,5.4,-6.8698,129.3198,Indonesia,8/6/16 6:55
3510,4.2,-2.9668,129.8665,Indonesia,8/7/16 6:26
3515,4.2,-6.4237,129.8778,Indonesia,8/7/16 6:39
3567,5,-5.9548,104.1652,Indonesia,8/7/16 10:02
4153,4.7,0.524,122.2666,Indonesia,8/9/16 6:19
4171,4.9,0.1231,123.7501,Indonesia,8/9/16 7:27
4197,4.5,4.616,94.702,Indonesia,8/9/16 10:04
4215,4.3,-8.4205,115.6452,Indonesia,8/9/16 11:37
4309,4.5,-8.1559,117.8323,Indonesia,8/9/16 20:16
4616,4.6,2.9042,128.5503,Indonesia,8/10/16 17:52
4873,4.5,-4.0096,129.2294,Indonesia,8/11/16 11:58
4948,4.1,-6.7823,129.426,Indonesia,8/11/16 17:53
4991,4.4,0.9647,96.9384,Indonesia,8/11/16 21:01
5083,5,-6.5749,104.9041,Indonesia,8/12/16 3:17
5106,5.1,-6.5606,104.9132,Indonesia,8/12/16 4:30
5234,5.4,-9.6192,119.9425,Indonesia,8/12/16 14:20
5239,5.3,-3.3961,127.3178,Indonesia,8/12/16 14:38
5654,4.5,-4.3977,127.2916,Indonesia,8/14/16 0:19
5690,4.7,0.7503,123.7936,Indonesia,8/14/16 5:16
5736,4.6,-7.2902,128.5819,Indonesia,8/14/16 9:24
5747,4.9,1.5568,126.9991,Indonesia,8/14/16 10:28
5840,4.5,4.9139,94.9915,Indonesia,8/14/16 19:48
5854,4.4,-4.4948,125.4738,Indonesia,8/14/16 21:54
6198,4.7,-8.2484,109.2811,Indonesia,8/16/16 12:21
6282,4.8,2.8356,95.3322,Indonesia,8/16/16 19:56
6288,4.1,-7.304,129.0343,Indonesia,8/16/16 20:38
6344,4.8,-10.3748,124.6186,Indonesia,8/17/16 2:01
6511,4.4,-7.4171,128.1539,Indonesia,8/17/16 20:34
6612,5.4,-7.4322,128.2373,Indonesia,8/18/16 7:19
7050,4.4,1.6134,126.3981,Indonesia,8/20/16 6:35
7057,4.9,-4.9649,102.8841,Indonesia,8/20/16 7:07
7185,5,-3.6334,131.4603,Indonesia,8/20/16 20:42
7598,4.5,-2.3932,138.3183,Indonesia,8/22/16 11:33
7864,6,-7.2805,122.4255,Indonesia,8/23/16 15:39
7865,5.8,-7.2081,122.5412,Indonesia,8/23/16 15:40
7875,4.7,-3.467,99.5222,Indonesia,8/23/16 16:29
7907,4.2,-4.5144,126.2058,Indonesia,8/23/16 20:13
7996,4.6,1.8184,126.4056,Indonesia,8/24/16 5:47
8030,5.8,-2.9567,100.0549,Indonesia,8/24/16 9:48
8246,4.6,-7.4339,128.0981,Indonesia,8/25/16 9:31
421,4.6,26.9417,53.7754,Iran,7/28/16 11:34
1765,4.1,31.5369,50.8663,Iran,8/1/16 17:04
7277,4.6,27.1776,54.4025,Iran,8/21/16 3:43
1108,4.2,44.94,7.21,Italy,7/30/16 16:21
7917,6.2,42.714,13.1719,Italy,8/23/16 21:36
7919,4.6,42.6399,13.1651,Italy,8/23/16 21:56
7921,4.1,42.7347,13.2367,Italy,8/23/16 22:05
7926,4,42.6196,13.0957,Italy,8/23/16 22:19
7927,5.5,42.8223,13.1257,Italy,8/23/16 22:33
7929,4.3,42.821,13.0995,Italy,8/23/16 22:59
7938,4.3,42.6328,13.2398,Italy,8/23/16 23:40
7942,4.5,42.7545,13.0332,Italy,8/24/16 0:06
8017,4.9,42.8782,13.1098,Italy,8/24/16 7:50
8065,4.6,42.7227,13.1942,Italy,8/24/16 13:46
8117,4.1,42.6728,13.1422,Italy,8/24/16 19:22
8153,4.7,42.7861,13.1827,Italy,8/24/16 23:17
8238,4.3,42.6583,13.1641,Italy,8/25/16 8:36
115,5.3,36.4922,140.7568,Japan,7/27/16 10:47
576,4.1,38.3222,142.1584,Japan,7/28/16 23:42
900,4.3,42.8936,142.098,Japan,7/30/16 1:12
964,4.3,35.868,140.6708,Japan,7/30/16 3:40
1082,4.3,42.2231,142.9524,Japan,7/30/16 14:01
1133,4.3,26.0421,129.2523,Japan,7/30/16 18:02
1363,4.4,38.8601,142.0495,Japan,7/31/16 12:35
1373,4.9,28.4982,130.6055,Japan,7/31/16 13:17
2001,4.6,35.3799,140.4697,Japan,8/2/16 12:10
2304,4.2,31.1358,130.2071,Japan,8/3/16 11:46
2720,6.3,24.9477,142.0074,Japan,8/4/16 12:24
2850,4.4,43.3646,140.2206,Japan,8/4/16 23:30
2879,4.5,25.9748,128.5449,Japan,8/5/16 1:39
4435,4.8,25.0579,141.9397,Japan,8/10/16 5:04
5046,4.5,27.8826,139.6848,Japan,8/12/16 0:27
5252,4.2,26.9857,140.4491,Japan,8/12/16 15:39
5558,5.1,34.4958,140.3533,Japan,8/13/16 16:15
5580,4.5,32.5988,138.0139,Japan,8/13/16 17:49
5799,4.7,37.4865,141.5139,Japan,8/14/16 14:49
5883,4.9,33.4754,131.898,Japan,8/15/16 0:36
5906,5.3,37.4138,141.7413,Japan,8/15/16 3:04
6030,4.3,39.1307,140.5864,Japan,8/15/16 17:12
6188,4.4,40.4237,141.441,Japan,8/16/16 11:24
6231,4.8,25.6641,125.6896,Japan,8/16/16 15:22
6241,4.4,36.9176,140.8047,Japan,8/16/16 16:01
6312,4.5,37.3242,141.7046,Japan,8/16/16 22:56
6839,5.3,36.6597,141.1909,Japan,8/19/16 8:07
7002,5.3,39.5607,143.5379,Japan,8/20/16 1:14
7006,4.6,39.4809,143.7614,Japan,8/20/16 1:52
7034,6,40.3564,143.6799,Japan,8/20/16 5:01
7106,6,40.2933,143.7539,Japan,8/20/16 11:58
7107,5.3,40.4432,143.8198,Japan,8/20/16 12:10
7111,5.3,40.2261,143.9035,Japan,8/20/16 12:28
7328,5,28.5254,141.7519,Japan,8/21/16 8:46
7329,5.1,40.6884,143.7548,Japan,8/21/16 8:49
7437,5.1,39.7664,143.5782,Japan,8/21/16 19:13
7516,5.3,38.3195,142.1276,Japan,8/22/16 2:11
7665,4.7,24.2874,122.9449,Japan,8/22/16 19:26
7887,4.5,29.2609,130.5674,Japan,8/23/16 18:00
7889,4.8,29.2447,130.4695,Japan,8/23/16 18:02
7546,5.6,29.8965,139.1312,Japan region,8/22/16 5:33
8304,5.9,30.6151,137.8462,Japan region,8/25/16 13:04
591,2.19,37.2426667,-97.6583333,Kansas,7/29/16 0:46
1337,2.32,37.0196667,-97.8001667,Kansas,7/31/16 10:39
3660,1.96,37.0031667,-98.0351667,Kansas,8/7/16 17:16
3695,1.88,37.0555,-97.5393333,Kansas,8/7/16 19:49
4118,2.03,37.1183333,-97.8401667,Kansas,8/9/16 3:08
4119,2.7,37.0547,-97.5375,Kansas,8/9/16 3:10
4123,1.97,37.0548333,-97.5411667,Kansas,8/9/16 3:16
4200,1.81,37.1185,-97.8408333,Kansas,8/9/16 10:14
4470,2.7,37.6196,-97.1033,Kansas,8/10/16 6:49
4875,1.85,37.2896667,-97.6086667,Kansas,8/11/16 12:02
5037,2.14,37.2113333,-97.8156667,Kansas,8/11/16 23:56
5138,2.13,37.2106667,-97.8151667,Kansas,8/12/16 7:19
5171,2.31,37.2898333,-97.6091667,Kansas,8/12/16 9:56
5265,2.28,37.2901667,-97.6085,Kansas,8/12/16 16:39
5963,1.81,37.242,-97.6586667,Kansas,8/15/16 10:12
6828,3.5,37.5848,-97.8274,Kansas,8/19/16 6:40
7311,2.8,37.0396,-97.8554,Kansas,8/21/16 6:49
7339,2.2,37.5718,-97.2771,Kansas,8/21/16 10:10
7536,2.9,37.0838,-98.0433,Kansas,8/22/16 4:22
7818,1.91,37.2561667,-97.8805,Kansas,8/23/16 10:50
8345,2.1,37.1238,-98.0251,Kansas,8/25/16 17:04
1651,4.6,-4.4721,-169.447,Kiribati region,8/1/16 9:46
8089,4.6,46.965,152.5403,Kuril Islands,8/24/16 17:03
204,4.6,39.4543,73.3421,Kyrgyzstan,7/27/16 19:27
1559,4.6,41.6813,72.93,Kyrgyzstan,8/1/16 4:00
2086,4.3,39.462,73.323,Kyrgyzstan,8/2/16 19:06
2862,4.4,39.5075,73.5372,Kyrgyzstan,8/5/16 0:34
4187,4.5,39.5593,73.5442,Kyrgyzstan,8/9/16 9:06
4492,4.3,39.4681,73.5545,Kyrgyzstan,8/10/16 8:44
5011,4.5,39.403,73.3984,Kyrgyzstan,8/11/16 22:07
5300,4.3,39.3951,73.4613,Kyrgyzstan,8/12/16 20:04
6899,4.3,39.3156,72.9847,Kyrgyzstan,8/19/16 14:29
1903,4.6,15.1183,-60.4098,Martinique,8/2/16 3:58
189,1.15,33.0428333,-114.9765,Mexico,7/27/16 18:15
220,3.08,31.1293333,-114.0478333,Mexico,7/27/16 20:26
973,2.31,32.1845,-115.2231667,Mexico,7/30/16 4:25
1365,4.1,15.5237,-93.7803,Mexico,7/31/16 12:43
1567,4.7,15.132,-94.3707,Mexico,8/1/16 4:21
1905,4.6,16.8835,-99.7453,Mexico,8/2/16 4:00
2253,4.6,16.0813,-95.1048,Mexico,8/3/16 8:01
2634,3.17,32.2406667,-115.225,Mexico,8/4/16 7:08
2791,1.99,32.3976667,-115.2356667,Mexico,8/4/16 18:43
2799,1.49,33.0531667,-114.9711667,Mexico,8/4/16 19:13
2967,3.51,31.2011667,-116.1278333,Mexico,8/5/16 11:25
3135,2.32,32.5116667,-115.2613333,Mexico,8/6/16 0:53
3216,2.29,32.6331667,-115.69,Mexico,8/6/16 6:21
3340,2.39,32.2311667,-115.215,Mexico,8/6/16 16:39
3426,1.51,32.6201667,-115.7483333,Mexico,8/6/16 23:24
3604,1.43,32.6283333,-115.7508333,Mexico,8/7/16 13:04
3808,1.68,32.5928333,-115.306,Mexico,8/8/16 4:01
4148,2.21,31.7953333,-116.2676667,Mexico,8/9/16 5:27
4370,1.36,32.686,-115.7323333,Mexico,8/10/16 0:52
4716,4.7,16.677,-98.8651,Mexico,8/11/16 2:02
4753,4.6,14.5678,-93.6409,Mexico,8/11/16 4:25
4766,4.9,16.6194,-98.8835,Mexico,8/11/16 5:38
4781,1.46,32.6446667,-115.363,Mexico,8/11/16 6:50
4782,1.43,32.658,-115.3723333,Mexico,8/11/16 6:51
4956,1.7,33.0541667,-114.97,Mexico,8/11/16 18:18
5134,0.67,32.6343333,-115.7358333,Mexico,8/12/16 6:59
5319,2.04,32.4743333,-115.595,Mexico,8/12/16 20:44
5436,1.09,32.6288333,-115.7543333,Mexico,8/13/16 6:06
5852,4.4,17.0008,-95.7722,Mexico,8/14/16 21:51
5987,4.5,30.5993,-114.2771,Mexico,8/15/16 13:06
6217,2.6,32.232,-115.234,Mexico,8/16/16 14:09
6229,3.05,32.1931667,-115.2223333,Mexico,8/16/16 15:01
6348,2.33,32.2691667,-115.2331667,Mexico,8/17/16 2:26
6472,1.47,33.0498333,-114.9805,Mexico,8/17/16 16:18
6708,4.6,16.3896,-98.2701,Mexico,8/18/16 18:51
7090,2.07,32.3431667,-115.3588333,Mexico,8/20/16 10:20
7101,1.8,32.7141667,-115.4188333,Mexico,8/20/16 11:28
7409,1.34,32.5873333,-115.7306667,Mexico,8/21/16 16:48
7566,4.9,15.9157,-93.1751,Mexico,8/22/16 7:42
7657,1.36,33.0483333,-114.9641667,Mexico,8/22/16 18:44
7984,2.88,32.0056667,-116.2381667,Mexico,8/24/16 4:21
7991,1.67,32.6025,-115.7468333,Mexico,8/24/16 5:17
1424,4.9,-20.1559,67.2808,Mid-Indian Ridge,7/31/16 17:14
2120,1.3,36.4885,-89.5248333,Missouri,8/2/16 22:34
3348,2.29,36.1366667,-89.7118333,Missouri,8/6/16 17:14
3367,1.27,36.1361667,-89.7105,Missouri,8/6/16 18:53
3417,1.49,36.1485,-89.7066667,Missouri,8/6/16 22:54
4144,2.78,36.7956667,-89.4768333,Missouri,8/9/16 5:05
4231,1.26,36.4828333,-89.5391667,Missouri,8/9/16 14:21
4259,1.67,36.4825,-89.5395,Missouri,8/9/16 17:04
4985,1.61,36.4841667,-89.539,Missouri,8/11/16 20:22
6262,1.7,36.0106667,-89.8756667,Missouri,8/16/16 17:47
7512,1.81,36.5575,-89.6228333,Missouri,8/22/16 1:44
7519,1.68,36.5496667,-89.6173333,Missouri,8/22/16 2:42
7520,1.61,36.5445,-89.6268333,Missouri,8/22/16 2:42
15,0.14,44.7263333,-111.2098333,Montana,7/27/16 1:20
160,2.94,46.0183333,-112.4775,Montana,7/27/16 15:02
197,1.24,44.7286667,-111.2005,Montana,7/27/16 18:45
250,2.02,48.8751667,-112.1306667,Montana,7/27/16 22:20
313,0.85,44.7338333,-111.7683333,Montana,7/28/16 3:37
539,1.19,46.886,-112.5393333,Montana,7/28/16 20:35
559,1.07,47.182,-111.7771667,Montana,7/28/16 22:17
601,0.71,45.6791667,-111.4498333,Montana,7/29/16 1:32
772,1.5,46.005,-112.4745,Montana,7/29/16 15:22
847,0.83,47.9563333,-114.8893333,Montana,7/29/16 20:43
923,0.81,48.2635,-114.2628333,Montana,7/30/16 1:59
1046,0.2,44.7366667,-110.7773333,Montana,7/30/16 10:48
1310,0.39,44.756,-111.0175,Montana,7/31/16 7:59
1402,0.63,47.2901667,-114.6455,Montana,7/31/16 15:30
1476,1.12,47.6183333,-113.8541667,Montana,7/31/16 22:32
1506,0.66,47.6105,-114.2575,Montana,8/1/16 0:49
1621,0.91,47.9543333,-114.8928333,Montana,8/1/16 8:02
1780,0.92,45.0883333,-111.7321667,Montana,8/1/16 18:11
1859,0.05,45.3843333,-112.5663333,Montana,8/2/16 0:22
1874,0.85,44.4443333,-112.8285,Montana,8/2/16 1:13
2021,0.75,45.1778333,-112.4276667,Montana,8/2/16 14:06
2106,0.64,44.8555,-112.2635,Montana,8/2/16 20:53
2128,1.06,44.7411667,-111.7421667,Montana,8/2/16 23:00
2130,1.15,44.7456667,-111.7483333,Montana,8/2/16 23:16
2245,0.54,44.8086667,-111.8871667,Montana,8/3/16 7:35
2348,1.37,46.0208333,-112.4528333,Montana,8/3/16 15:02
2379,1.05,45.0776667,-111.7353333,Montana,8/3/16 18:11
2555,0.33,44.8248333,-111.4323333,Montana,8/4/16 2:56
2573,1.08,44.7511667,-111.7465,Montana,8/4/16 3:39
2641,0.32,44.809,-111.5438333,Montana,8/4/16 7:31
2805,1.18,44.7468333,-111.7471667,Montana,8/4/16 19:38
2882,0.73,44.6261667,-111.7763333,Montana,8/5/16 1:57
3003,1.24,46.0131667,-112.4903333,Montana,8/5/16 15:10
3005,1.47,45.9906667,-112.4638333,Montana,8/5/16 15:28
3016,0.16,45.3915,-112.5451667,Montana,8/5/16 16:21
3072,0.72,46.9606667,-113.3015,Montana,8/5/16 21:26
3233,1.38,46.9845,-112.7585,Montana,8/6/16 8:19
3425,0.63,47.6978333,-113.85,Montana,8/6/16 23:22
3452,0.45,44.9643333,-112.0276667,Montana,8/7/16 1:23
3470,0.7,44.7761667,-110.922,Montana,8/7/16 2:48
3536,0.67,44.889,-111.5181667,Montana,8/7/16 7:51
3831,0.7,44.8071667,-111.51,Montana,8/8/16 5:34
3856,0.24,45.567,-111.6858333,Montana,8/8/16 6:54
3881,0.27,45.3445,-113.1663333,Montana,8/8/16 7:53
4047,1.6,46.9853333,-112.8378333,Montana,8/8/16 19:57
4099,0.82,48.0953333,-114.1596667,Montana,8/9/16 1:43
4165,1.06,44.7386667,-111.1785,Montana,8/9/16 7:08
4191,0.67,44.7423333,-111.175,Montana,8/9/16 9:34
4236,1.06,46.006,-112.4685,Montana,8/9/16 15:03
4278,0.53,45.072,-111.734,Montana,8/9/16 18:09
4323,0.16,47.6438333,-113.7018333,Montana,8/9/16 21:43
4572,1.32,46.2821667,-111.5916667,Montana,8/10/16 13:48
4670,0.98,44.7591667,-111.0858333,Montana,8/10/16 22:07
4896,3.24,45.717,-112.1275,Montana,8/11/16 14:01
4906,0.48,45.7161667,-112.1236667,Montana,8/11/16 14:49
4924,1.58,45.7205,-112.1201667,Montana,8/11/16 16:27
4933,0.69,45.7168333,-112.122,Montana,8/11/16 16:50
4989,0.9,45.9318333,-111.471,Montana,8/11/16 20:59
5036,1.08,45.7185,-112.1195,Montana,8/11/16 23:54
5040,0.97,46.7885,-112.1686667,Montana,8/12/16 0:12
5110,0.27,47.7528333,-113.8323333,Montana,8/12/16 4:47
5180,0.56,45.7113333,-112.1236667,Montana,8/12/16 10:41
5199,0.65,47.71,-113.7293333,Montana,8/12/16 12:20
5203,1.38,46.7821667,-112.1668333,Montana,8/12/16 12:22
5243,1.34,46.0006667,-112.4658333,Montana,8/12/16 15:01
5327,1.26,45.7126667,-112.1255,Montana,8/12/16 21:14
5605,0.31,44.751,-110.962,Montana,8/13/16 19:40
6048,2.62,45.7133333,-112.125,Montana,8/15/16 18:28
6199,1.09,44.6758333,-110.9675,Montana,8/16/16 12:22
6204,0.48,44.6785,-110.9761667,Montana,8/16/16 12:56
6205,0.18,44.6481667,-111.0283333,Montana,8/16/16 12:57
6261,1.4,44.8756667,-110.7515,Montana,8/16/16 17:28
6281,0.46,44.6851667,-110.992,Montana,8/16/16 19:52
6327,0.46,44.6771667,-110.9756667,Montana,8/17/16 0:09
6387,1.28,44.6908333,-111.8231667,Montana,8/17/16 6:45
6463,1.45,46.0001667,-112.47,Montana,8/17/16 15:07
6469,1.21,45.9263333,-111.4373333,Montana,8/17/16 15:57
6608,0.67,46.7681667,-113.6551667,Montana,8/18/16 6:40
6645,1.08,45.7155,-112.1228333,Montana,8/18/16 12:19
6740,0.35,44.6786667,-110.9696667,Montana,8/18/16 21:55
6784,0.85,44.6823333,-110.9813333,Montana,8/19/16 3:07
6931,1.18,45.7143333,-112.1236667,Montana,8/19/16 17:54
6937,0.75,45.7151667,-112.1226667,Montana,8/19/16 18:23
7197,0.32,45.7193333,-112.1225,Montana,8/20/16 21:34
7218,0.51,44.6768333,-110.9701667,Montana,8/20/16 22:58
7493,0.65,44.6718333,-110.9828333,Montana,8/22/16 0:01
7506,0.94,44.6813333,-110.985,Montana,8/22/16 1:11
7599,1.27,44.6805,-112.1226667,Montana,8/22/16 11:34
7607,1.97,48.95,-112.8156667,Montana,8/22/16 12:17
7620,1.47,44.6883333,-112.1203333,Montana,8/22/16 14:09
7627,1.56,45.9955,-112.4665,Montana,8/22/16 15:04
7795,1.73,45.5268333,-111.8305,Montana,8/23/16 8:33
7840,0.99,47.2328333,-113.1815,Montana,8/23/16 12:53
7951,0.97,47.6518333,-113.7045,Montana,8/24/16 0:53
8075,1.52,46.0115,-112.4763333,Montana,8/24/16 15:05
8083,1.01,45.928,-111.4745,Montana,8/24/16 16:24
5,0.3,39.3775,-119.845,Nevada,7/27/16 0:41
12,0.9,38.2638,-118.7351,Nevada,7/27/16 1:13
36,1.1,36.49,-113.9923,Nevada,7/27/16 3:18
87,0.8,39.8674,-119.0119,Nevada,7/27/16 8:15
94,2,38.6459,-118.7994,Nevada,7/27/16 8:38
152,0.6,39.4179,-119.9274,Nevada,7/27/16 14:09
234,0.4,38.6668,-118.7643,Nevada,7/27/16 21:20
245,1.7,38.2658,-118.7435,Nevada,7/27/16 22:06
259,0.2,37.4176,-117.0073,Nevada,7/27/16 23:22
261,1.4,35.6923,-115.1236,Nevada,7/27/16 23:30
304,2.56,38.6791667,-119.8236667,Nevada,7/28/16 2:50
316,1,38.6982,-119.8061,Nevada,7/28/16 3:50
327,1,38.6667,-119.3803,Nevada,7/28/16 4:55
328,0.9,38.6894,-119.8113,Nevada,7/28/16 4:59
373,1.2,37.2592,-117.3265,Nevada,7/28/16 8:20
382,0.4,37.1517,-117.3861,Nevada,7/28/16 9:09
383,0.6,37.1512,-117.3781,Nevada,7/28/16 9:09
389,0.3,37.2661,-117.145,Nevada,7/28/16 9:25
411,0.5,38.2651,-118.728,Nevada,7/28/16 10:45
415,0.4,38.6522,-118.7445,Nevada,7/28/16 11:25
424,0.4,38.6653,-118.7809,Nevada,7/28/16 11:52
426,0.1,38.4878,-118.3646,Nevada,7/28/16 11:57
476,0.2,39.6928,-119.9769,Nevada,7/28/16 16:17
479,0.3,36.5009,-116.0098,Nevada,7/28/16 16:25
510,0.7,38.2719,-118.7506,Nevada,7/28/16 19:04
560,1.2,38.6744,-119.8116,Nevada,7/28/16 22:18
569,0.3,38.4649,-118.3796,Nevada,7/28/16 23:04
582,1.2,38.678,-119.8074,Nevada,7/29/16 0:14
595,1,38.6648,-119.529,Nevada,7/29/16 0:58
643,1.8,39.1345,-118.8096,Nevada,7/29/16 5:12
651,0.1,37.5277,-117.5832,Nevada,7/29/16 5:41
660,0.7,38.3564,-118.1266,Nevada,7/29/16 6:57
682,0.1,37.3372,-115.2686,Nevada,7/29/16 8:46
690,0.1,37.2968,-117.6282,Nevada,7/29/16 9:39
704,0.3,37.2967,-117.606,Nevada,7/29/16 10:51
733,0.2,37.1429,-115.3393,Nevada,7/29/16 12:47
738,0.5,38.9344,-118.1534,Nevada,7/29/16 13:02
739,0.6,38.1494,-118.2347,Nevada,7/29/16 13:11
802,0.6,39.2288,-119.7359,Nevada,7/29/16 17:28
843,1.3,38.6644,-118.8152,Nevada,7/29/16 20:32
868,0.7,40.0217,-119.5596,Nevada,7/29/16 22:08
870,0.8,38.6469,-118.7916,Nevada,7/29/16 22:14
879,0.6,37.127,-115.327,Nevada,7/29/16 23:08
881,0.1,36.2653,-115.2031,Nevada,7/29/16 23:28
899,1.2,40.6654,-119.4685,Nevada,7/30/16 1:05
906,1.9,40.6879,-119.4573,Nevada,7/30/16 1:24
913,0.5,37.2887,-117.6285,Nevada,7/30/16 1:32
957,1.2,38.8429,-118.3397,Nevada,7/30/16 3:22
962,0.1,38.8583,-118.3557,Nevada,7/30/16 3:32
977,0.1,38.3723,-118.3555,Nevada,7/30/16 4:39
984,1.1,38.7248,-119.8303,Nevada,7/30/16 5:11
988,0.1,38.2646,-118.7283,Nevada,7/30/16 5:26
995,1,38.7257,-119.8243,Nevada,7/30/16 5:49
1000,0.3,39.406,-119.9401,Nevada,7/30/16 6:24
1033,0.2,38.4873,-118.3769,Nevada,7/30/16 9:31
1041,2.3,40.7346,-116.173,Nevada,7/30/16 10:31
1055,0.6,38.6473,-118.8007,Nevada,7/30/16 11:36
1081,1.2,38.4717,-118.3724,Nevada,7/30/16 13:51
1091,0.1,40.1182,-119.6922,Nevada,7/30/16 14:51
1223,0.7,38.3688,-118.3283,Nevada,7/31/16 0:20
1233,1.6,38.252,-118.6889,Nevada,7/31/16 1:25
1240,1.5,38.6252,-119.3337,Nevada,7/31/16 2:04
1279,0.3,37.3896,-117.0636,Nevada,7/31/16 5:34
1289,0.2,38.4762,-118.377,Nevada,7/31/16 5:55
1300,1.5,38.4562,-118.3687,Nevada,7/31/16 6:59
1394,3.1,39.4347,-119.7375,Nevada,7/31/16 15:00
1405,2,39.433,-119.7415,Nevada,7/31/16 16:01
1410,1.6,39.4303,-119.7421,Nevada,7/31/16 16:33
1412,1.5,39.4291,-119.7372,Nevada,7/31/16 16:37
1433,1.4,38.7097,-119.5738,Nevada,7/31/16 17:59
1434,1.3,38.7111,-119.5713,Nevada,7/31/16 18:02
1438,0.8,39.4259,-119.7478,Nevada,7/31/16 18:18
1456,1.7,38.4373,-118.3015,Nevada,7/31/16 20:11
1457,0.2,38.429,-118.3008,Nevada,7/31/16 20:14
1458,1.3,38.6958,-119.5813,Nevada,7/31/16 20:31
1459,0.3,38.4206,-118.2981,Nevada,7/31/16 20:33
1472,0.2,38.4307,-118.2999,Nevada,7/31/16 21:52
1473,0.6,39.4285,-119.7478,Nevada,7/31/16 22:01
1496,0.1,39.4289,-119.7514,Nevada,7/31/16 23:57
1503,0.1,38.2792,-118.701,Nevada,8/1/16 0:28
1518,0.1,38.5577,-118.4498,Nevada,8/1/16 1:36
1527,0.4,38.6513,-118.8117,Nevada,8/1/16 2:10
1566,1,38.6919,-119.8034,Nevada,8/1/16 4:21
1580,2.3,38.346,-115.8926,Nevada,8/1/16 5:09
1582,0.3,38.6457,-118.8066,Nevada,8/1/16 5:17
1592,0.2,38.2593,-118.7398,Nevada,8/1/16 5:54
1611,0.1,37.1891,-116.3645,Nevada,8/1/16 7:14
1622,0.2,39.6816,-119.4673,Nevada,8/1/16 8:04
1627,0.3,38.2526,-118.6847,Nevada,8/1/16 8:21
1628,0.7,38.2501,-118.6794,Nevada,8/1/16 8:21
1631,0.3,38.2544,-118.6897,Nevada,8/1/16 8:26
1632,1.7,41.2662,-119.0397,Nevada,8/1/16 8:28
1639,1.3,38.3413,-115.8754,Nevada,8/1/16 9:01
1666,0.3,38.5544,-118.4537,Nevada,8/1/16 10:35
1738,1.4,37.3961,-115.9866,Nevada,8/1/16 14:50
1749,0.4,39.3409,-119.9895,Nevada,8/1/16 15:41
1766,0.4,38.4566,-118.173,Nevada,8/1/16 17:05
1817,0.4,36.4377,-117.0675,Nevada,8/1/16 20:59
1835,0.6,37.3115,-114.7884,Nevada,8/1/16 22:44
1839,0.6,37.1736,-116.2018,Nevada,8/1/16 22:53
1843,0.1,39.3695,-119.9322,Nevada,8/1/16 23:11
1844,0.1,36.7133,-116.3009,Nevada,8/1/16 23:39
1855,0.3,39.3378,-119.9804,Nevada,8/2/16 0:16
1856,0.9,37.4178,-115.9718,Nevada,8/2/16 0:20
1860,0.9,37.3649,-117.0922,Nevada,8/2/16 0:27
1864,0.2,38.2591,-118.6615,Nevada,8/2/16 0:37
1876,0.1,36.6666,-115.8791,Nevada,8/2/16 1:18
1885,0.6,39.4324,-119.5851,Nevada,8/2/16 2:24
1894,0.6,38.306,-118.1084,Nevada,8/2/16 3:18
1927,0.9,38.6531,-118.7748,Nevada,8/2/16 5:40
2026,0.2,38.6637,-118.7672,Nevada,8/2/16 14:36
2029,0.2,38.6565,-118.7247,Nevada,8/2/16 14:40
2036,0.8,38.4709,-118.3693,Nevada,8/2/16 15:17
2038,0.7,38.6629,-118.7696,Nevada,8/2/16 15:21
2039,0.7,38.6629,-118.7696,Nevada,8/2/16 15:21
2043,0.3,38.6563,-118.7713,Nevada,8/2/16 15:42
2066,0.1,38.4756,-118.3711,Nevada,8/2/16 17:27
2083,0.4,38.3332,-118.1821,Nevada,8/2/16 18:37
2097,0.3,37.3776,-117.0985,Nevada,8/2/16 19:34
2104,1.6,38.6697,-119.3851,Nevada,8/2/16 20:40
2112,0.7,38.6612,-119.3864,Nevada,8/2/16 21:20
2123,2,38.2685,-118.7369,Nevada,8/2/16 22:43
2144,1.4,38.6801,-119.3769,Nevada,8/2/16 23:56
2146,1.7,40.3525,-119.4598,Nevada,8/3/16 0:08
2148,1.4,38.9945,-118.3973,Nevada,8/3/16 0:15
2149,1.5,38.6613,-119.3889,Nevada,8/3/16 0:15
2170,0.9,38.6533,-119.4028,Nevada,8/3/16 1:44
2188,1.9,40.5263,-115.5654,Nevada,8/3/16 3:31
2197,0.5,37.4987,-115.7945,Nevada,8/3/16 4:03
2227,0.7,38.005,-118.0659,Nevada,8/3/16 6:26
2256,0.8,39.8721,-119.022,Nevada,8/3/16 8:13
2260,1.3,38.6728,-119.3765,Nevada,8/3/16 8:33
2261,1.1,38.6677,-119.3806,Nevada,8/3/16 8:47
2275,0.6,38.6544,-119.3979,Nevada,8/3/16 9:47
2327,0.6,38.4615,-118.0837,Nevada,8/3/16 13:14
2337,0.1,38.2565,-118.7332,Nevada,8/3/16 13:59
2377,0.1,36.4283,-116.9522,Nevada,8/3/16 18:05
2399,2.8,39.2894,-115.2106,Nevada,8/3/16 19:30
2414,1.3,38.6521,-119.4029,Nevada,8/3/16 20:59
2415,1.1,38.6442,-119.4092,Nevada,8/3/16 21:02
2608,0.7,40.6653,-119.4618,Nevada,8/4/16 5:41
2614,1,37.9988,-118.1273,Nevada,8/4/16 6:00
2635,1.5,40.9769,-119.0703,Nevada,8/4/16 7:15
2648,0.7,38.1601,-118.2173,Nevada,8/4/16 8:04
2661,2.7,38.6666,-119.3817,Nevada,8/4/16 8:53
2669,1,38.6751,-119.3747,Nevada,8/4/16 9:18
2670,1.5,40.4622,-119.7,Nevada,8/4/16 9:21
2678,0.3,38.2587,-118.7269,Nevada,8/4/16 10:00
2684,0.5,36.5748,-115.2594,Nevada,8/4/16 10:15
2693,0.9,38.2482,-118.7485,Nevada,8/4/16 11:07
2700,0.6,38.6585,-118.7847,Nevada,8/4/16 11:40
2704,0.7,38.2564,-118.7323,Nevada,8/4/16 11:41
2714,1,38.2598,-118.7452,Nevada,8/4/16 12:07
2715,0.4,38.2602,-118.7249,Nevada,8/4/16 12:10
2731,0.5,38.2557,-118.7389,Nevada,8/4/16 13:29
2733,0.3,38.2514,-118.7249,Nevada,8/4/16 13:36
2737,0.4,38.2566,-118.7343,Nevada,8/4/16 14:04
2742,0.5,38.2655,-118.7384,Nevada,8/4/16 14:30
2750,0.9,38.2628,-118.7454,Nevada,8/4/16 15:14
2755,0.5,38.262,-118.7358,Nevada,8/4/16 15:53
2787,0.8,38.2622,-118.7383,Nevada,8/4/16 18:22
2800,0.5,38.2527,-118.6917,Nevada,8/4/16 19:16
2801,0.4,38.2615,-118.7398,Nevada,8/4/16 19:20
2840,1.1,38.4958,-117.8546,Nevada,8/4/16 22:18
2846,0.9,38.2571,-118.7488,Nevada,8/4/16 23:05
2848,1,38.253,-118.7386,Nevada,8/4/16 23:28
2851,0.2,38.2572,-118.7167,Nevada,8/4/16 23:42
2859,0.8,38.2564,-118.7602,Nevada,8/5/16 0:06
2863,0.4,38.2726,-118.7236,Nevada,8/5/16 0:45
2864,0.6,38.251,-118.7344,Nevada,8/5/16 0:49
2865,0.3,38.2699,-118.7197,Nevada,8/5/16 0:53
2866,0.3,38.2513,-118.7584,Nevada,8/5/16 0:54
2867,1.4,38.0021,-118.1269,Nevada,8/5/16 0:56
2868,0.4,38.2566,-118.7451,Nevada,8/5/16 0:58
2870,0.2,38.2678,-118.7244,Nevada,8/5/16 1:14
2872,1.5,38.2518,-118.6921,Nevada,8/5/16 1:25
2876,0.3,38.2562,-118.7557,Nevada,8/5/16 1:28
2880,0.7,38.2665,-118.7313,Nevada,8/5/16 1:43
2887,0.8,38.6718,-119.3857,Nevada,8/5/16 2:22
2927,1.7,38.2607,-118.7517,Nevada,8/5/16 7:00
2928,1.2,38.2596,-118.7504,Nevada,8/5/16 7:08
2946,1.3,38.64,-119.7603,Nevada,8/5/16 9:38
2957,1.08,36.8316667,-114.0011667,Nevada,8/5/16 10:13
2958,0.4,38.2669,-118.7227,Nevada,8/5/16 10:15
2963,0.5,38.4671,-118.7055,Nevada,8/5/16 10:47
2968,0.2,38.2673,-118.7215,Nevada,8/5/16 11:27
2993,0.3,38.2625,-118.7778,Nevada,8/5/16 14:15
2996,0.1,38.0473,-118.4893,Nevada,8/5/16 14:35
3038,2.7,38.2643,-118.7529,Nevada,8/5/16 18:08
3039,0.3,38.26,-118.7363,Nevada,8/5/16 18:23
3040,1,39.0835,-118.8535,Nevada,8/5/16 18:29
3059,0.5,38.2642,-118.7191,Nevada,8/5/16 20:33
3076,0.5,38.2666,-118.7373,Nevada,8/5/16 21:40
3077,0.9,38.2627,-118.7414,Nevada,8/5/16 21:45
3080,1,38.256,-118.7382,Nevada,8/5/16 22:05
3081,0.9,38.264,-118.747,Nevada,8/5/16 22:05
3082,0.4,38.2636,-118.6992,Nevada,8/5/16 22:07
3083,0.2,38.248,-118.7511,Nevada,8/5/16 22:08
3085,0.2,38.253,-118.7308,Nevada,8/5/16 22:16
3092,0.4,38.2526,-118.7294,Nevada,8/5/16 22:55
3095,0.4,38.2543,-118.7399,Nevada,8/5/16 23:03
3099,0.9,38.2522,-118.7409,Nevada,8/5/16 23:13
3101,0.5,38.2612,-118.7323,Nevada,8/5/16 23:20
3102,0.4,38.2453,-118.7072,Nevada,8/5/16 23:22
3106,0.5,38.2549,-118.7502,Nevada,8/5/16 23:39
3113,0.3,38.242,-118.7517,Nevada,8/5/16 23:57
3115,1.6,38.2559,-118.7493,Nevada,8/6/16 0:00
3118,2.2,38.2579,-118.7492,Nevada,8/6/16 0:16
3124,0.4,38.2515,-118.7604,Nevada,8/6/16 0:24
3130,0.4,38.2859,-118.7174,Nevada,8/6/16 0:47
3133,1.3,38.2602,-118.7415,Nevada,8/6/16 0:49
3134,1.3,38.2633,-118.7534,Nevada,8/6/16 0:50
3137,0.8,38.2632,-118.7617,Nevada,8/6/16 1:09
3138,0.7,38.2455,-118.7422,Nevada,8/6/16 1:10
3143,1.4,38.2479,-118.7419,Nevada,8/6/16 1:25
3144,0.6,38.2415,-118.756,Nevada,8/6/16 1:33
3148,0.2,38.2436,-118.7012,Nevada,8/6/16 1:52
3149,0.3,38.2512,-118.7563,Nevada,8/6/16 2:02
3150,0.2,38.2532,-118.7469,Nevada,8/6/16 2:03
3151,0.3,38.2516,-118.7646,Nevada,8/6/16 2:07
3152,0.5,38.2579,-118.7439,Nevada,8/6/16 2:12
3157,0.7,38.2465,-118.7605,Nevada,8/6/16 2:21
3159,0.1,38.2495,-118.7411,Nevada,8/6/16 2:27
3160,0.3,38.2513,-118.7336,Nevada,8/6/16 2:29
3162,0.3,38.2433,-118.7518,Nevada,8/6/16 2:40
3163,0.5,36.6156,-115.2426,Nevada,8/6/16 2:41
3166,2.5,38.2573,-118.7487,Nevada,8/6/16 3:00
3168,1.2,38.2537,-118.7494,Nevada,8/6/16 3:06
3169,1.4,38.2596,-118.7467,Nevada,8/6/16 3:13
3171,1,38.2624,-118.7477,Nevada,8/6/16 3:17
3172,0.3,38.259,-118.7415,Nevada,8/6/16 3:23
3174,0.2,38.2518,-118.7578,Nevada,8/6/16 3:32
3178,0.7,38.2555,-118.7542,Nevada,8/6/16 3:40
3179,0.1,38.2341,-118.7415,Nevada,8/6/16 3:40
3180,0.4,38.2479,-118.7461,Nevada,8/6/16 3:55
3185,1.4,37.3172,-117.3575,Nevada,8/6/16 4:45
3186,0.9,38.8385,-118.0156,Nevada,8/6/16 4:48
3196,0.2,38.2609,-118.739,Nevada,8/6/16 5:19
3197,0.5,38.2578,-118.7519,Nevada,8/6/16 5:19
3198,0.2,38.2609,-118.7308,Nevada,8/6/16 5:20
3199,0.4,38.2597,-118.7469,Nevada,8/6/16 5:26
3202,0.4,38.2587,-118.7531,Nevada,8/6/16 5:27
3203,0.3,38.2524,-118.7491,Nevada,8/6/16 5:28
3204,0.2,38.2619,-118.7315,Nevada,8/6/16 5:29
3205,0.2,38.2583,-118.7435,Nevada,8/6/16 5:31
3207,0.3,38.2637,-118.7258,Nevada,8/6/16 5:34
3209,0.7,38.2601,-118.7503,Nevada,8/6/16 5:48
3213,0.4,38.2544,-118.7473,Nevada,8/6/16 5:56
3217,0.4,38.253,-118.7518,Nevada,8/6/16 6:35
3221,0.1,38.2543,-118.7458,Nevada,8/6/16 6:57
3223,0.4,38.2529,-118.7468,Nevada,8/6/16 7:15
3228,0.6,38.1092,-118.2898,Nevada,8/6/16 7:45
3230,0.1,38.2536,-118.7475,Nevada,8/6/16 8:00
3242,0.5,38.2571,-118.7422,Nevada,8/6/16 9:20
3253,0.1,38.2427,-118.735,Nevada,8/6/16 9:42
3254,0.6,38.2627,-118.7429,Nevada,8/6/16 9:46
3261,0.5,38.26,-118.761,Nevada,8/6/16 10:16
3274,0.9,38.2677,-118.7395,Nevada,8/6/16 10:57
3278,0.2,38.2676,-118.7351,Nevada,8/6/16 11:06
3279,0.3,38.3194,-118.1139,Nevada,8/6/16 11:11
3282,2.9,38.2591,-118.7216,Nevada,8/6/16 11:22
3296,0.4,38.2548,-118.7371,Nevada,8/6/16 12:56
3298,1.3,39.1593,-118.0568,Nevada,8/6/16 13:02
3304,0.8,38.6764,-119.3592,Nevada,8/6/16 14:02
3306,0.4,38.255,-118.7468,Nevada,8/6/16 14:12
3320,0.2,38.2571,-118.7428,Nevada,8/6/16 15:19
3321,1.5,38.6773,-119.3771,Nevada,8/6/16 15:21
3325,0.4,38.2538,-118.7416,Nevada,8/6/16 15:54
3332,0.5,38.2543,-118.7372,Nevada,8/6/16 16:19
3333,0.1,38.2552,-118.7385,Nevada,8/6/16 16:19
3335,1.5,38.2637,-118.7507,Nevada,8/6/16 16:23
3337,0.1,38.2469,-118.7315,Nevada,8/6/16 16:32
3343,0.8,40.2084,-119.7266,Nevada,8/6/16 17:07
3344,0.5,40.1977,-119.731,Nevada,8/6/16 17:10
3353,0.8,38.2608,-118.7478,Nevada,8/6/16 17:37
3356,0.1,38.2627,-118.7523,Nevada,8/6/16 17:45
3357,0.3,38.2725,-118.7509,Nevada,8/6/16 17:48
3360,0.5,38.5797,-118.7581,Nevada,8/6/16 17:54
3378,0.5,38.2613,-118.7474,Nevada,8/6/16 19:49
3383,1.4,38.2667,-118.7463,Nevada,8/6/16 20:30
3384,0.2,38.2602,-118.721,Nevada,8/6/16 20:33
3385,0.7,38.2506,-118.7217,Nevada,8/6/16 20:34
3388,0.3,38.254,-118.7125,Nevada,8/6/16 20:37
3390,0.3,38.2527,-118.7146,Nevada,8/6/16 20:40
3391,0.3,38.26,-118.7384,Nevada,8/6/16 20:45
3392,0.9,38.2596,-118.7486,Nevada,8/6/16 20:46
3393,0.7,38.2538,-118.7269,Nevada,8/6/16 20:47
3394,0.6,38.2581,-118.7431,Nevada,8/6/16 20:49
3395,0.4,38.2559,-118.739,Nevada,8/6/16 20:54
3396,0.7,38.2571,-118.7487,Nevada,8/6/16 20:59
3398,0.2,38.2566,-118.7293,Nevada,8/6/16 21:11
3399,0.1,38.2586,-118.7125,Nevada,8/6/16 21:12
3401,0.3,38.2575,-118.7418,Nevada,8/6/16 21:17
3402,0.3,38.2535,-118.7303,Nevada,8/6/16 21:17
3408,0.3,38.2587,-118.7573,Nevada,8/6/16 21:55
3418,0.1,38.2505,-118.7316,Nevada,8/6/16 22:55
3421,0.3,38.2551,-118.7442,Nevada,8/6/16 23:04
3435,0.3,38.2733,-118.7221,Nevada,8/7/16 0:23
3442,0.1,36.9925,-116.2702,Nevada,8/7/16 0:47
3443,0.3,38.2568,-118.7288,Nevada,8/7/16 0:47
3445,1.1,38.2557,-118.7454,Nevada,8/7/16 0:54
3446,0.2,38.2506,-118.7459,Nevada,8/7/16 0:56
3454,0.1,36.9939,-116.2757,Nevada,8/7/16 1:25
3463,0.5,36.973,-117.4245,Nevada,8/7/16 2:09
3481,0.4,38.2503,-118.7591,Nevada,8/7/16 3:32
3490,0.3,37.5058,-117.1956,Nevada,8/7/16 4:26
3493,1.2,38.2642,-118.7368,Nevada,8/7/16 4:29
3496,0.1,38.2561,-118.7536,Nevada,8/7/16 5:02
3513,0.6,37.1288,-115.289,Nevada,8/7/16 6:31
3518,1.1,39.1564,-118.0461,Nevada,8/7/16 6:52
3524,0.3,38.249,-118.7532,Nevada,8/7/16 7:19
3527,0.6,38.2592,-118.7516,Nevada,8/7/16 7:29
3528,1.9,38.6679,-119.3843,Nevada,8/7/16 7:31
3534,0.6,38.262,-118.4907,Nevada,8/7/16 7:49
3537,0.1,38.264,-118.7662,Nevada,8/7/16 7:58
3544,1.8,38.2656,-118.7323,Nevada,8/7/16 8:16
3546,0.1,38.2447,-118.7393,Nevada,8/7/16 8:20
3548,0.1,38.2606,-118.712,Nevada,8/7/16 8:30
3563,0.2,38.2509,-118.7574,Nevada,8/7/16 9:55
3566,0.3,38.2556,-118.7485,Nevada,8/7/16 9:57
3568,0.3,39.3775,-119.9792,Nevada,8/7/16 10:04
3570,0.1,38.2614,-118.7539,Nevada,8/7/16 10:06
3571,0.6,38.2535,-118.7293,Nevada,8/7/16 10:09
3572,0.4,38.2592,-118.7664,Nevada,8/7/16 10:09
3580,0.8,38.6466,-118.7874,Nevada,8/7/16 10:50
3593,1.4,38.2686,-118.7581,Nevada,8/7/16 12:12
3596,0.1,38.2481,-118.7557,Nevada,8/7/16 12:22
3597,0.2,38.255,-118.7711,Nevada,8/7/16 12:23
3603,0.1,39.6555,-120.2661,Nevada,8/7/16 12:51
3606,0.1,38.2561,-118.7214,Nevada,8/7/16 13:13
3617,0.9,39.4328,-118.4552,Nevada,8/7/16 13:44
3619,1.6,38.2614,-118.7521,Nevada,8/7/16 13:48
3620,0.9,38.2621,-118.7493,Nevada,8/7/16 13:49
3627,1.1,37.6222,-116.8155,Nevada,8/7/16 14:37
3634,0.3,38.2524,-118.7722,Nevada,8/7/16 15:18
3635,0.1,37.1656,-116.215,Nevada,8/7/16 15:22
3638,0.7,38.2699,-118.7497,Nevada,8/7/16 15:25
3648,1.2,38.2695,-118.7335,Nevada,8/7/16 16:10
3669,0.5,38.2554,-118.7533,Nevada,8/7/16 17:53
3672,0.5,37.3581,-115.9775,Nevada,8/7/16 18:01
3676,0.2,38.2674,-118.712,Nevada,8/7/16 18:09
3696,0.1,38.2494,-118.7497,Nevada,8/7/16 19:54
3702,0.2,38.2517,-118.7345,Nevada,8/7/16 20:18
3712,0.6,38.2723,-118.7518,Nevada,8/7/16 20:46
3738,0.6,38.2535,-118.7465,Nevada,8/7/16 23:15
3741,0.1,38.2581,-118.727,Nevada,8/7/16 23:22
3747,0.6,38.2531,-118.7294,Nevada,8/8/16 0:02
3781,0.1,37.2002,-117.245,Nevada,8/8/16 1:59
3783,0.1,38.4879,-118.3764,Nevada,8/8/16 2:09
3787,0.3,37.6272,-116.783,Nevada,8/8/16 2:33
3789,0.6,37.6223,-116.8016,Nevada,8/8/16 2:36
3790,1.1,37.6218,-116.8125,Nevada,8/8/16 2:40
3791,1.1,41.1355,-116.1568,Nevada,8/8/16 2:40
3799,0.8,38.6605,-118.7827,Nevada,8/8/16 3:38
3800,0.1,38.6317,-118.7485,Nevada,8/8/16 3:46
3802,0.5,38.5433,-118.1758,Nevada,8/8/16 3:50
3803,0.2,38.2522,-118.7429,Nevada,8/8/16 3:55
3804,0.5,37.5725,-116.806,Nevada,8/8/16 3:55
3805,0.1,38.2406,-118.7705,Nevada,8/8/16 3:56
3806,0.5,38.6651,-118.8011,Nevada,8/8/16 3:57
3810,0.3,38.6695,-118.7826,Nevada,8/8/16 4:12
3816,0.2,38.2472,-118.7387,Nevada,8/8/16 4:52
3822,0.9,38.3935,-118.3078,Nevada,8/8/16 5:06
3833,1.5,37.628,-116.7942,Nevada,8/8/16 5:40
3841,0.4,39.3457,-120.032,Nevada,8/8/16 6:02
3844,0.9,37.6266,-116.7934,Nevada,8/8/16 6:09
3845,0.1,39.3519,-120.0344,Nevada,8/8/16 6:15
3846,0.2,38.6656,-118.7831,Nevada,8/8/16 6:15
3847,0.9,37.6136,-116.8215,Nevada,8/8/16 6:17
3849,1.1,37.6291,-116.7935,Nevada,8/8/16 6:24
3851,0.9,37.6219,-116.809,Nevada,8/8/16 6:34
3852,1,37.6267,-116.7945,Nevada,8/8/16 6:42
3855,0.1,38.2615,-118.7243,Nevada,8/8/16 6:53
3859,1.6,37.6209,-116.8239,Nevada,8/8/16 6:59
3860,0.3,38.2557,-118.7404,Nevada,8/8/16 7:05
3861,0.5,38.254,-118.7768,Nevada,8/8/16 7:05
3868,0.5,37.6312,-116.7844,Nevada,8/8/16 7:22
3873,1.2,37.6262,-116.8005,Nevada,8/8/16 7:34
3874,0.1,38.2649,-118.7229,Nevada,8/8/16 7:36
3888,0.7,37.62,-116.7756,Nevada,8/8/16 8:06
3904,0.3,38.2594,-118.7394,Nevada,8/8/16 8:47
3906,0.4,38.2606,-118.7192,Nevada,8/8/16 8:54
3907,1.2,37.6278,-116.8052,Nevada,8/8/16 9:14
3908,1,38.4807,-118.3553,Nevada,8/8/16 9:19
3911,0.6,38.6677,-118.7986,Nevada,8/8/16 9:33
3918,1.3,37.6161,-116.8187,Nevada,8/8/16 10:24
3921,2,40.9035,-116.7343,Nevada,8/8/16 10:29
3923,0.2,38.2528,-118.7547,Nevada,8/8/16 10:43
3924,0.7,38.6622,-118.7822,Nevada,8/8/16 10:56
3933,0.7,38.6698,-118.7896,Nevada,8/8/16 11:17
3937,0.4,40.0838,-119.4837,Nevada,8/8/16 11:56
3938,0.4,38.2651,-118.7348,Nevada,8/8/16 11:58
3951,0.2,38.2528,-118.7557,Nevada,8/8/16 12:50
3957,1.4,38.2615,-118.7408,Nevada,8/8/16 13:14
3965,0.3,38.2586,-118.724,Nevada,8/8/16 13:38
3974,0.6,38.6679,-118.7938,Nevada,8/8/16 14:29
3984,0.5,38.2668,-118.7271,Nevada,8/8/16 15:24
3998,0.3,38.6663,-118.7726,Nevada,8/8/16 16:33
4001,0.5,38.6731,-118.7911,Nevada,8/8/16 16:46
4017,0.3,38.2588,-118.7135,Nevada,8/8/16 18:10
4019,0.3,38.643,-118.7953,Nevada,8/8/16 18:20
4021,0.6,37.6266,-116.7905,Nevada,8/8/16 18:22
4035,0.4,38.403,-118.1666,Nevada,8/8/16 19:13
4036,0.8,38.2639,-118.7277,Nevada,8/8/16 19:18
4064,0.6,36.8626,-116.0558,Nevada,8/8/16 21:59
4067,0.7,38.6613,-118.781,Nevada,8/8/16 22:20
4070,0.9,37.6177,-116.804,Nevada,8/8/16 22:31
4077,1.2,37.6378,-116.8222,Nevada,8/8/16 23:17
4081,0.4,38.2464,-118.7436,Nevada,8/8/16 23:58
4095,0.7,37.5967,-116.7872,Nevada,8/9/16 1:01
4105,1,38.6714,-118.7951,Nevada,8/9/16 2:11
4106,0.1,37.1768,-116.6427,Nevada,8/9/16 2:24
4141,0.6,37.5969,-116.7858,Nevada,8/9/16 4:45
4146,1.7,38.9263,-119.5846,Nevada,8/9/16 5:14
4168,0.7,37.6007,-116.8063,Nevada,8/9/16 7:23
4173,1.1,38.6654,-118.8014,Nevada,8/9/16 7:35
4189,0.1,38.477,-118.5632,Nevada,8/9/16 9:15
4210,1.1,37.6064,-116.8225,Nevada,8/9/16 11:20
4263,0.4,38.2642,-118.7321,Nevada,8/9/16 17:23
4264,1.1,37.6255,-116.8014,Nevada,8/9/16 17:42
4266,1.1,37.5838,-116.8038,Nevada,8/9/16 17:46
4274,0.1,37.1574,-117.2418,Nevada,8/9/16 18:02
4279,1.5,37.6252,-116.7957,Nevada,8/9/16 18:25
4287,0.9,37.6006,-116.7804,Nevada,8/9/16 19:04
4289,0.9,37.6038,-116.7782,Nevada,8/9/16 19:07
4293,1.2,37.639,-116.7984,Nevada,8/9/16 19:14
4294,0.4,37.5776,-116.8037,Nevada,8/9/16 19:16
4358,0.8,38.2651,-118.7353,Nevada,8/10/16 0:23
4364,0.4,38.2748,-118.7181,Nevada,8/10/16 0:35
4402,0.1,38.4825,-118.3879,Nevada,8/10/16 2:35
4413,0.9,37.6224,-116.7991,Nevada,8/10/16 3:18
4503,0.3,38.2541,-118.7385,Nevada,8/10/16 10:02
4510,0.2,38.2725,-118.7495,Nevada,8/10/16 10:31
4513,0.6,37.2552,-117.5994,Nevada,8/10/16 10:44
4516,0.5,37.2465,-117.6029,Nevada,8/10/16 10:48
4533,0.9,38.5792,-118.4422,Nevada,8/10/16 11:11
4555,0.6,37.2536,-117.605,Nevada,8/10/16 12:15
4571,2.3,39.0019,-118.4043,Nevada,8/10/16 13:48
4610,1.9,36.2597,-115.4139,Nevada,8/10/16 17:25
4628,0.9,37.6166,-116.8048,Nevada,8/10/16 19:03
4643,0.9,37.5969,-116.8133,Nevada,8/10/16 20:28
4654,0.4,37.6047,-116.7939,Nevada,8/10/16 21:09
4655,1.6,35.9817,-114.8176,Nevada,8/10/16 21:09
4677,1,37.6067,-116.7831,Nevada,8/10/16 22:56
4697,0.6,37.4185,-115.9659,Nevada,8/11/16 0:55
4708,0.3,38.2561,-118.7271,Nevada,8/11/16 1:25
4709,0.7,38.3795,-118.8982,Nevada,8/11/16 1:28
4757,1.5,38.2669,-118.7355,Nevada,8/11/16 4:31
4772,0.9,38.6668,-118.7987,Nevada,8/11/16 6:09
4793,0.8,37.2987,-115.2433,Nevada,8/11/16 7:44
4794,0.9,38.6662,-118.7981,Nevada,8/11/16 7:51
4826,0.3,36.713,-117.2401,Nevada,8/11/16 9:04
4866,0.3,40.0491,-119.6321,Nevada,8/11/16 11:40
4877,0.1,38.4722,-118.351,Nevada,8/11/16 12:11
4885,1.1,38.27,-118.7417,Nevada,8/11/16 13:08
4921,0.5,35.9998,-116.2039,Nevada,8/11/16 16:04
4923,0.1,38.6606,-118.734,Nevada,8/11/16 16:13
4938,1,38.9949,-118.4071,Nevada,8/11/16 17:15
4941,0.2,38.3881,-118.6905,Nevada,8/11/16 17:26
4950,1.1,37.6044,-116.8007,Nevada,8/11/16 17:57
4951,0.5,38.4783,-118.3586,Nevada,8/11/16 17:59
4954,0.3,38.2689,-118.7229,Nevada,8/11/16 18:06
4959,1.2,36.1504,-115.4739,Nevada,8/11/16 18:38
4961,0.1,38.2627,-118.7066,Nevada,8/11/16 18:41
4972,0.5,38.6534,-118.7881,Nevada,8/11/16 19:37
4974,1.1,37.5979,-116.8163,Nevada,8/11/16 19:49
4980,0.5,37.6217,-116.8147,Nevada,8/11/16 20:06
5006,0.9,37.3312,-115.2138,Nevada,8/11/16 21:47
5010,1.1,38.6531,-118.7932,Nevada,8/11/16 22:00
5013,0.7,37.472,-116.5376,Nevada,8/11/16 22:16
5020,1.1,37.4245,-115.2837,Nevada,8/11/16 22:42
5027,1.6,39.5771,-119.0952,Nevada,8/11/16 23:21
5035,0.3,38.2599,-118.7268,Nevada,8/11/16 23:54
5048,1,38.1611,-118.2469,Nevada,8/12/16 0:30
5061,0.7,39.5598,-119.0747,Nevada,8/12/16 1:10
5080,0.5,37.2019,-114.7594,Nevada,8/12/16 2:56
5094,0.3,37.0079,-115.9976,Nevada,8/12/16 4:09
5100,0.2,38.3352,-118.1513,Nevada,8/12/16 4:18
5101,0.2,38.489,-118.2315,Nevada,8/12/16 4:23
5128,0.4,37.2359,-117.5882,Nevada,8/12/16 6:40
5131,0.9,39.572,-119.1038,Nevada,8/12/16 6:49
5142,0.1,38.2776,-118.6973,Nevada,8/12/16 7:34
5173,0.9,36.5672,-117.0251,Nevada,8/12/16 10:06
5189,0.1,38.2512,-118.7288,Nevada,8/12/16 11:31
5221,0.3,37.3902,-117.0071,Nevada,8/12/16 13:37
5267,0.4,37.1967,-117.3903,Nevada,8/12/16 16:42
5268,0.4,38.6826,-118.526,Nevada,8/12/16 16:44
5285,1.1,37.437,-117.009,Nevada,8/12/16 17:52
5295,1.1,37.3928,-117.0694,Nevada,8/12/16 19:43
5302,0.7,37.3861,-117.0598,Nevada,8/12/16 20:14
5308,1,38.2686,-118.7342,Nevada,8/12/16 20:24
5318,1.9,37.1987,-114.565,Nevada,8/12/16 20:43
5322,0.1,37.406,-117.0301,Nevada,8/12/16 21:07
5336,0.1,37.3941,-117.0698,Nevada,8/12/16 21:52
5363,0.3,37.191,-117.3888,Nevada,8/12/16 23:53
5376,0.2,37.5635,-116.7564,Nevada,8/13/16 1:04
5382,1.2,37.4119,-117.2585,Nevada,8/13/16 1:33
5400,0.3,40.2851,-119.8005,Nevada,8/13/16 2:59
5409,0.6,38.6603,-118.7901,Nevada,8/13/16 3:55
5418,0.6,37.431,-117.0214,Nevada,8/13/16 4:21
5420,0.8,39.5802,-119.0769,Nevada,8/13/16 4:30
5431,1,37.1991,-114.9609,Nevada,8/13/16 5:24
5433,0.2,37.4043,-117.0365,Nevada,8/13/16 5:35
5449,0.8,38.0835,-118.1733,Nevada,8/13/16 7:32
5465,0.6,37.4488,-117.0037,Nevada,8/13/16 8:43
5483,0.2,38.2689,-118.7614,Nevada,8/13/16 10:20
5503,1.6,39.8985,-119.0096,Nevada,8/13/16 11:52
5514,0.5,38.2606,-118.7386,Nevada,8/13/16 12:45
5533,0.1,38.2622,-118.7166,Nevada,8/13/16 14:33
5535,0.2,37.5786,-116.8146,Nevada,8/13/16 14:43
5567,1.1,37.9886,-114.5859,Nevada,8/13/16 16:45
5596,0.6,38.3115,-118.452,Nevada,8/13/16 18:59
5600,1.3,38.9918,-118.4075,Nevada,8/13/16 19:29
5601,1.4,38.9986,-118.4074,Nevada,8/13/16 19:30
5625,0.3,38.4538,-118.2059,Nevada,8/13/16 22:04
5647,0.1,38.2627,-118.7235,Nevada,8/13/16 23:46
5653,0.3,36.4907,-116.982,Nevada,8/14/16 0:10
5686,0.6,38.4469,-118.3492,Nevada,8/14/16 4:31
5704,0.8,38.3391,-118.1237,Nevada,8/14/16 6:27
5715,1.1,38.4017,-118.1579,Nevada,8/14/16 7:51
5739,0.6,38.3371,-118.1262,Nevada,8/14/16 9:33
5755,0.7,36.7577,-115.5392,Nevada,8/14/16 10:51
5762,0.2,37.6218,-116.7724,Nevada,8/14/16 11:22
5776,0.3,37.4209,-116.9098,Nevada,8/14/16 12:34
5797,0.5,38.3422,-118.1306,Nevada,8/14/16 14:48
5816,1,39.3057,-118.5067,Nevada,8/14/16 16:14
5844,1.4,38.2262,-117.0359,Nevada,8/14/16 20:33
5875,1.1,38.3378,-118.1665,Nevada,8/14/16 23:34
5876,2.2,38.3398,-118.1727,Nevada,8/14/16 23:34
5877,0.7,38.1137,-118.2264,Nevada,8/14/16 23:36
5892,1,41.1564,-116.3008,Nevada,8/15/16 1:20
5908,1.4,40.3162,-119.7972,Nevada,8/15/16 3:42
5924,1.6,38.3478,-115.8926,Nevada,8/15/16 5:47
5936,0.7,39.4014,-119.7769,Nevada,8/15/16 6:56
5937,0.5,39.4039,-119.7796,Nevada,8/15/16 7:01
5953,0.2,38.609,-118.492,Nevada,8/15/16 9:08
5954,1,38.26,-118.7355,Nevada,8/15/16 9:11
5961,1.3,39.579,-119.0924,Nevada,8/15/16 9:53
5969,0.5,37.0751,-117.3802,Nevada,8/15/16 11:17
5976,0.2,37.2362,-116.0226,Nevada,8/15/16 11:47
5999,1.4,39.5763,-119.102,Nevada,8/15/16 14:33
6003,1.2,39.5625,-119.1499,Nevada,8/15/16 14:49
6004,1.2,39.5796,-119.0949,Nevada,8/15/16 14:49
6012,1.1,40.0548,-119.2435,Nevada,8/15/16 15:54
6046,0.7,38.7983,-118.8138,Nevada,8/15/16 18:26
6054,0.4,38.8062,-118.8205,Nevada,8/15/16 18:42
6062,1.1,38.807,-118.8237,Nevada,8/15/16 19:15
6077,1.9,38.81,-118.8202,Nevada,8/15/16 21:25
6078,1.5,37.2298,-117.0152,Nevada,8/15/16 21:26
6103,0.7,39.5677,-119.9799,Nevada,8/16/16 0:12
6107,1.3,38.5367,-119.3224,Nevada,8/16/16 0:36
6115,1.5,39.5784,-115.8296,Nevada,8/16/16 1:47
6124,0.6,38.2588,-118.7397,Nevada,8/16/16 2:41
6133,1.3,37.4495,-115.57,Nevada,8/16/16 4:51
6135,0.7,38.7755,-119.5952,Nevada,8/16/16 5:04
6136,1.1,36.0522,-114.8212,Nevada,8/16/16 5:06
6138,0.1,37.3124,-117.377,Nevada,8/16/16 5:13
6140,1.2,39.5679,-115.8352,Nevada,8/16/16 5:28
6182,0.7,37.3885,-114.959,Nevada,8/16/16 10:40
6187,1.2,37.0877,-116.1693,Nevada,8/16/16 11:20
6215,0.2,37.0112,-115.9947,Nevada,8/16/16 13:56
6238,0.4,39.3435,-119.918,Nevada,8/16/16 15:48
6272,0.1,37.3186,-117.3758,Nevada,8/16/16 18:36
6280,0.5,37.0908,-116.1633,Nevada,8/16/16 19:52
6296,0.2,38.2609,-118.7077,Nevada,8/16/16 21:33
6313,0.8,37.3747,-114.5706,Nevada,8/16/16 23:01
6331,0.2,38.4818,-118.3725,Nevada,8/17/16 0:58
6334,0.3,38.459,-118.4004,Nevada,8/17/16 1:06
6336,0.1,37.3647,-117.079,Nevada,8/17/16 1:17
6355,0.7,38.4661,-118.0318,Nevada,8/17/16 3:09
6361,0.3,37.6026,-116.7971,Nevada,8/17/16 3:23
6375,1.6,41.2112,-116.6457,Nevada,8/17/16 4:39
6396,0.3,37.1898,-117.2397,Nevada,8/17/16 7:45
6398,2,36.4646,-114.8626,Nevada,8/17/16 8:07
6452,0.4,38.6655,-118.7732,Nevada,8/17/16 13:52
6471,0.2,38.3101,-118.6906,Nevada,8/17/16 16:16
6478,1.4,37.1506,-116.2095,Nevada,8/17/16 16:55
6535,1,39.5691,-119.0648,Nevada,8/17/16 23:25
6554,1.4,38.267,-118.7349,Nevada,8/18/16 0:20
6601,0.4,38.4902,-118.4365,Nevada,8/18/16 5:47
6607,0.2,37.6041,-116.785,Nevada,8/18/16 6:36
6614,0.1,39.6873,-119.3745,Nevada,8/18/16 7:31
6621,0.4,38.32,-118.1394,Nevada,8/18/16 9:09
6623,0.4,38.3356,-118.1436,Nevada,8/18/16 9:40
6628,0.1,39.0738,-119.9332,Nevada,8/18/16 10:43
6629,0.8,38.6459,-118.7934,Nevada,8/18/16 10:49
6642,0.2,38.257,-118.7256,Nevada,8/18/16 11:58
6656,0.8,37.1583,-116.5721,Nevada,8/18/16 13:28
6691,0.8,38.2445,-118.636,Nevada,8/18/16 16:05
6695,0.4,37.6028,-116.7871,Nevada,8/18/16 17:02
6698,1.3,37.6133,-116.8025,Nevada,8/18/16 17:21
6699,0.8,37.6034,-116.7945,Nevada,8/18/16 17:50
6700,0.7,37.622,-116.7948,Nevada,8/18/16 18:01
6703,0.3,37.6046,-116.7827,Nevada,8/18/16 18:19
6706,0.5,38.5663,-118.4514,Nevada,8/18/16 18:26
6716,0.9,38.9964,-118.3959,Nevada,8/18/16 19:47
6721,0.9,37.6,-116.8066,Nevada,8/18/16 20:05
6723,0.7,37.5855,-116.8171,Nevada,8/18/16 20:24
6731,0.8,38.9975,-118.3965,Nevada,8/18/16 21:00
6735,0.7,38.9921,-118.3968,Nevada,8/18/16 21:07
6755,0.7,38.9956,-118.3986,Nevada,8/18/16 23:03
6801,0.8,38.3191,-118.1236,Nevada,8/19/16 4:13
6848,1.2,39.5172,-119.9221,Nevada,8/19/16 8:54
6858,0.8,37.0514,-116.2214,Nevada,8/19/16 9:49
6909,0.3,37.6128,-116.8086,Nevada,8/19/16 15:23
6913,0.2,36.6675,-116.4669,Nevada,8/19/16 15:54
6915,0.8,38.6485,-118.8003,Nevada,8/19/16 16:06
6929,0.3,37.6186,-116.8133,Nevada,8/19/16 17:33
6967,0.6,36.4013,-115.4478,Nevada,8/19/16 21:03
6980,1.3,40.6659,-119.4537,Nevada,8/19/16 22:46
7004,0.3,36.7481,-116.0762,Nevada,8/20/16 1:34
7005,1.1,39.1844,-119.5395,Nevada,8/20/16 1:41
7008,1.3,38.4918,-118.3745,Nevada,8/20/16 1:56
7009,1,38.2544,-118.7276,Nevada,8/20/16 2:21
7017,1.4,39.9718,-117.8421,Nevada,8/20/16 3:04
7018,0.1,38.2725,-118.7183,Nevada,8/20/16 3:08
7020,0.8,38.7083,-119.5409,Nevada,8/20/16 3:31
7031,0.1,38.4866,-118.3797,Nevada,8/20/16 4:38
7036,0.7,38.6569,-118.791,Nevada,8/20/16 5:10
7045,0.1,39.3402,-119.9141,Nevada,8/20/16 5:46
7047,0.3,39.0068,-114.2598,Nevada,8/20/16 6:15
7051,0.4,37.1583,-116.1999,Nevada,8/20/16 6:38
7062,1.6,35.4273,-114.9918,Nevada,8/20/16 7:19
7067,0.5,38.3319,-118.1569,Nevada,8/20/16 7:31
7077,0.2,39.0863,-119.6158,Nevada,8/20/16 8:32
7080,0.6,38.068,-118.6813,Nevada,8/20/16 8:47
7085,1,35.9792,-116.0903,Nevada,8/20/16 9:19
7115,1.9,37.3166,-114.6418,Nevada,8/20/16 13:11
7117,0.1,39.5166,-119.9092,Nevada,8/20/16 13:15
7125,0.3,38.2696,-118.7491,Nevada,8/20/16 14:13
7186,0.6,38.2708,-118.7418,Nevada,8/20/16 20:43
7243,0.4,36.0241,-116.1223,Nevada,8/21/16 2:13
7247,1.3,38.033,-116.7606,Nevada,8/21/16 2:20
7268,0.5,37.6524,-116.9393,Nevada,8/21/16 3:15
7278,0.4,38.4672,-118.1709,Nevada,8/21/16 3:57
7282,0.5,38.3326,-118.1513,Nevada,8/21/16 4:40
7284,0.2,38.2579,-118.7282,Nevada,8/21/16 4:50
7305,0.3,37.1737,-116.192,Nevada,8/21/16 6:21
7340,1.4,38.3252,-115.8878,Nevada,8/21/16 10:18
7344,1,38.2682,-118.7435,Nevada,8/21/16 10:50
7352,1,38.3105,-118.4923,Nevada,8/21/16 11:39
7354,0.5,39.5686,-119.9719,Nevada,8/21/16 11:51
7377,1.8,38.3414,-115.8764,Nevada,8/21/16 14:40
7381,0.8,40.0852,-119.7262,Nevada,8/21/16 15:27
7410,0.2,37.1535,-117.3801,Nevada,8/21/16 17:14
7465,1,37.2507,-117.5859,Nevada,8/21/16 21:46
7479,1.2,38.9575,-115.5942,Nevada,8/21/16 23:15
7514,0.7,35.7125,-115.1394,Nevada,8/22/16 1:58
7515,0.4,37.6767,-114.935,Nevada,8/22/16 1:59
7524,1.9,39.6088,-119.4361,Nevada,8/22/16 3:08
7530,0.8,38.479,-119.6072,Nevada,8/22/16 4:07
7545,0.3,40.1556,-119.8552,Nevada,8/22/16 5:30
7567,1,38.653,-118.7909,Nevada,8/22/16 7:47
7576,1.5,40.1374,-119.6715,Nevada,8/22/16 9:00
7582,0.5,39.6431,-120.005,Nevada,8/22/16 10:01
7583,0.5,38.6419,-118.8019,Nevada,8/22/16 10:21
7591,0.1,37.3973,-117.1046,Nevada,8/22/16 11:09
7592,1.1,37.3945,-117.113,Nevada,8/22/16 11:10
7603,1.4,38.924,-115.5644,Nevada,8/22/16 11:55
7604,0.1,40.0496,-119.7335,Nevada,8/22/16 11:58
7652,1,38.6478,-118.797,Nevada,8/22/16 18:08
7654,0.6,38.6511,-118.7873,Nevada,8/22/16 18:14
7659,0.9,39.0606,-118.0635,Nevada,8/22/16 19:01
7671,0.5,38.2979,-118.6514,Nevada,8/22/16 19:51
7683,0.4,38.2646,-118.305,Nevada,8/22/16 20:39
7688,0.5,36.5448,-115.8992,Nevada,8/22/16 21:07
7693,2.1,38.3447,-115.8846,Nevada,8/22/16 21:58
7711,1.1,37.6904,-115.2546,Nevada,8/23/16 0:46
7729,0.3,39.6112,-119.4205,Nevada,8/23/16 3:39
7730,1,38.6905,-119.5309,Nevada,8/23/16 3:54
7741,0.4,37.4328,-115.5466,Nevada,8/23/16 5:06
7742,1.1,38.6658,-119.5427,Nevada,8/23/16 5:40
7756,1.2,38.6566,-118.7982,Nevada,8/23/16 6:20
7765,0.1,38.2531,-118.7588,Nevada,8/23/16 6:41
7767,0.2,37.3854,-117.0866,Nevada,8/23/16 6:56
7798,0.2,36.7643,-115.6,Nevada,8/23/16 9:02
7811,0.3,39.315,-119.9766,Nevada,8/23/16 10:16
7812,0.5,38.4986,-114.9501,Nevada,8/23/16 10:25
7819,0.4,37.1074,-117.3202,Nevada,8/23/16 11:05
7836,1.3,38.9479,-115.5929,Nevada,8/23/16 12:28
7844,0.2,38.1376,-118.4104,Nevada,8/23/16 13:10
7852,1.1,37.247,-115.5932,Nevada,8/23/16 14:10
7858,0.6,38.6478,-118.7924,Nevada,8/23/16 14:50
7910,1.2,35.7121,-114.7948,Nevada,8/23/16 20:34
7920,0.3,39.5218,-119.9267,Nevada,8/23/16 22:00
7944,0.3,37.2483,-117.5865,Nevada,8/24/16 0:20
7965,0.6,38.2629,-118.7375,Nevada,8/24/16 2:46
7975,0.8,36.5309,-115.2316,Nevada,8/24/16 3:40
7989,0.2,39.3338,-119.9396,Nevada,8/24/16 4:57
8007,1,36.9879,-117.4584,Nevada,8/24/16 7:09
8029,0.7,38.5391,-119.3322,Nevada,8/24/16 9:45
8043,0.7,38.27,-118.7324,Nevada,8/24/16 11:14
8046,0.1,38.27,-118.7142,Nevada,8/24/16 11:39
8068,0.1,38.282,-118.6926,Nevada,8/24/16 14:00
8088,1,39.5198,-119.9199,Nevada,8/24/16 17:01
8092,1.1,40.6366,-119.456,Nevada,8/24/16 17:44
8107,0.1,39.5149,-119.9146,Nevada,8/24/16 18:55
8149,0.7,36.7308,-115.5393,Nevada,8/24/16 22:58
8182,0.1,36.7191,-116.1269,Nevada,8/25/16 3:59
8183,0.1,36.7097,-116.1294,Nevada,8/25/16 3:59
8205,0.5,37.2285,-117.5859,Nevada,8/25/16 5:49
8208,0.6,37.7426,-115.9225,Nevada,8/25/16 6:06
8210,0.3,36.0081,-116.0905,Nevada,8/25/16 6:21
8242,0.3,37.2359,-117.5919,Nevada,8/25/16 8:47
8279,0.4,39.6539,-119.4922,Nevada,8/25/16 11:23
8280,0.9,40.658,-119.455,Nevada,8/25/16 11:30
8284,0.5,37.3758,-115.2555,Nevada,8/25/16 11:47
8305,0.5,38.7684,-118.7923,Nevada,8/25/16 13:06
8324,0.3,37.3093,-117.5497,Nevada,8/25/16 14:57
8326,1.5,38.3504,-115.9037,Nevada,8/25/16 15:07
8340,0.8,38.2691,-118.7396,Nevada,8/25/16 16:29
8384,0.8,38.4142,-118.3342,Nevada,8/25/16 22:40
3327,5.2,-22.949,169.595,New Caledonia,8/6/16 15:56
3745,4.7,-20.248,172.7165,New Caledonia,8/7/16 23:59
4632,4.7,-22.1175,171.1944,New Caledonia,8/10/16 19:38
4999,7.2,-22.4953,173.1114,New Caledonia,8/11/16 21:26
5004,5.4,-22.6909,173.372,New Caledonia,8/11/16 21:38
5005,5.2,-22.6593,173.2361,New Caledonia,8/11/16 21:42
5018,5,-22.6161,173.3123,New Caledonia,8/11/16 22:34
5019,4.6,-22.4883,173.0261,New Caledonia,8/11/16 22:41
5022,4.7,-22.3183,172.9383,New Caledonia,8/11/16 22:47
5029,4.8,-22.7462,173.5047,New Caledonia,8/11/16 23:25
5091,4.7,-22.941,172.5161,New Caledonia,8/12/16 3:52
5093,4.8,-22.7464,173.3572,New Caledonia,8/12/16 4:03
5182,4.7,-22.3979,172.8066,New Caledonia,8/12/16 10:56
5281,5.2,-22.6037,173.4191,New Caledonia,8/12/16 17:32
5395,4.7,-22.1882,172.8798,New Caledonia,8/13/16 2:37
5401,4.8,-22.7225,172.8772,New Caledonia,8/13/16 3:03
5472,4.8,-22.6177,172.744,New Caledonia,8/13/16 9:20
5566,4.8,-22.722,172.9406,New Caledonia,8/13/16 16:41
5595,5,-22.6372,173.021,New Caledonia,8/13/16 18:59
5623,4.7,-22.8621,173.0167,New Caledonia,8/13/16 21:41
5726,4.6,-22.5872,173.1801,New Caledonia,8/14/16 8:44
5743,4.6,-22.7905,172.7728,New Caledonia,8/14/16 10:01
5855,4.7,-22.6795,173.0427,New Caledonia,8/14/16 22:05
5998,5.1,-22.4701,172.857,New Caledonia,8/15/16 14:00
6284,4.5,-22.9386,173.2963,New Caledonia,8/16/16 20:03
6427,4.4,-20.4502,168.2209,New Caledonia,8/17/16 11:32
6537,5,-22.4555,172.3937,New Caledonia,8/17/16 23:29
6646,4.6,-22.9645,173.1741,New Caledonia,8/18/16 12:24
6647,5.2,-22.9036,173.3033,New Caledonia,8/18/16 12:25
6985,5.3,-22.9384,173.2545,New Caledonia,8/19/16 23:13
7571,4.9,-22.8739,172.7242,New Caledonia,8/22/16 8:10
8032,5,-22.0454,168.9981,New Caledonia,8/24/16 10:18
6587,1.5,43.1374,-71.7396,New Hampshire,8/18/16 4:16
1162,0.81,40.8413333,-74.1771667,New Jersey,7/30/16 20:34
4065,0.98,41.0555,-74.2913333,New Jersey,8/8/16 22:01
4071,0.54,41.0103333,-74.3435,New Jersey,8/8/16 22:33
7032,1.48,43.5658333,-76.6178333,New York,8/20/16 4:50
699,4,-31.9132,179.3506,New Zealand,7/29/16 10:30
1048,5,-27.8679,-176.0582,New Zealand,7/30/16 10:52
1225,4.4,-27.2824,-176.2253,New Zealand,7/31/16 0:27
1560,4.9,-28.0152,-176.4008,New Zealand,8/1/16 4:01
1667,4.2,-40.3063,176.9763,New Zealand,8/1/16 10:36
2030,4.7,-28.6254,-176.2228,New Zealand,8/2/16 15:00
2955,4.5,-28.5491,-177.8432,New Zealand,8/5/16 10:02
3915,4.5,-31.8191,179.9594,New Zealand,8/8/16 9:53
4193,5,-31.6201,-179.8068,New Zealand,8/9/16 9:43
4297,4.5,-28.0815,-177.2544,New Zealand,8/9/16 19:30
5652,5.4,-27.4122,-176.3743,New Zealand,8/14/16 0:09
6042,4.4,-34.036,-178.4697,New Zealand,8/15/16 17:49
6049,4.5,-32.1289,-176.4096,New Zealand,8/15/16 18:28
6299,4.5,-27.5498,-175.975,New Zealand,8/16/16 21:46
6435,4.2,-32.0265,179.8177,New Zealand,8/17/16 12:14
6637,5,-28.1446,-176.3559,New Zealand,8/18/16 11:25
6650,4.9,-27.7824,-176.2002,New Zealand,8/18/16 12:54
6766,4.9,-33.6494,-178.4735,New Zealand,8/19/16 0:55
6840,4.9,-30.1059,-177.6628,New Zealand,8/19/16 8:08
2254,4.7,11.2317,-85.8611,Nicaragua,8/3/16 8:05
2518,4.8,11.0092,-86.5253,Nicaragua,8/4/16 1:57
4057,4.5,12.6267,-87.7499,Nicaragua,8/8/16 20:49
5477,4.5,11.5919,-86.7455,Nicaragua,8/13/16 9:38
4955,1.92,35.3975,-83.3211667,North Carolina,8/11/16 18:14
7473,4.6,0.0242,-17.7191,North of Ascension Island,8/21/16 22:57
7848,4.9,-1.2487,-15.8264,North of Ascension Island,8/23/16 13:47
5269,5,84.0291,-1.7562,North of Svalbard,8/12/16 16:47
1171,0.56,38.8123322,-122.8468323,Northern California,7/30/16 20:57
1209,0.95,38.8450012,-122.831337,Northern California,7/30/16 22:44
1212,0.94,38.8185005,-122.8203354,Northern California,7/30/16 23:04
612,4.4,14.1248,144.5869,Northern Mariana Islands,7/29/16 2:54
800,7.7,18.5439,145.541,Northern Mariana Islands,7/29/16 17:18
811,4.7,18.5688,145.7449,Northern Mariana Islands,7/29/16 18:05
813,4.4,18.9428,145.3636,Northern Mariana Islands,7/29/16 18:11
814,4.4,18.8766,145.4292,Northern Mariana Islands,7/29/16 18:12
816,4.3,18.5465,145.5361,Northern Mariana Islands,7/29/16 18:15
817,4.9,18.6253,145.6483,Northern Mariana Islands,7/29/16 18:18
819,4.5,18.4651,145.6209,Northern Mariana Islands,7/29/16 18:27
829,4.5,18.4999,145.6437,Northern Mariana Islands,7/29/16 19:42
895,4.2,18.4129,145.4834,Northern Mariana Islands,7/30/16 0:36
898,4.4,18.5487,145.7175,Northern Mariana Islands,7/30/16 1:01
905,4.2,19.039,146.0543,Northern Mariana Islands,7/30/16 1:21
992,4.5,18.8029,145.4697,Northern Mariana Islands,7/30/16 5:38
1007,4.4,20.9692,145.7756,Northern Mariana Islands,7/30/16 7:18
1008,4.2,18.5512,145.7425,Northern Mariana Islands,7/30/16 7:22
1020,4.3,18.5938,145.6535,Northern Mariana Islands,7/30/16 8:20
1021,4.5,18.6842,145.5002,Northern Mariana Islands,7/30/16 8:25
1131,4,18.7597,145.8903,Northern Mariana Islands,7/30/16 17:57
1138,4.9,18.5932,145.6474,Northern Mariana Islands,7/30/16 18:28
1150,4.3,18.5756,145.8055,Northern Mariana Islands,7/30/16 19:06
1234,4.4,18.5167,145.6248,Northern Mariana Islands,7/31/16 1:35
1329,4.2,18.7202,145.3089,Northern Mariana Islands,7/31/16 9:51
1334,4.3,18.464,145.5897,Northern Mariana Islands,7/31/16 10:20
1349,4.5,18.795,145.335,Northern Mariana Islands,7/31/16 11:25
1454,4.6,18.4798,145.5728,Northern Mariana Islands,7/31/16 19:57
1477,4.6,17.2113,147.2465,Northern Mariana Islands,7/31/16 22:36
1489,4.2,20.3609,143.5454,Northern Mariana Islands,7/31/16 23:40
1504,4.2,18.6009,145.7131,Northern Mariana Islands,8/1/16 0:44
1545,4.4,18.768,145.3657,Northern Mariana Islands,8/1/16 3:08
1687,4.1,18.4952,145.6859,Northern Mariana Islands,8/1/16 11:57
1695,4.1,18.7069,145.4705,Northern Mariana Islands,8/1/16 12:44
1731,4.6,18.9694,145.368,Northern Mariana Islands,8/1/16 14:31
2028,4.5,18.6966,145.6807,Northern Mariana Islands,8/2/16 14:40
2037,4.3,18.5192,145.6258,Northern Mariana Islands,8/2/16 15:18
2224,4.4,18.6162,145.649,Northern Mariana Islands,8/3/16 6:15
2247,4.5,18.5058,145.5215,Northern Mariana Islands,8/3/16 7:37
2316,4.5,18.4451,145.6864,Northern Mariana Islands,8/3/16 12:29
2691,4.4,18.4348,145.7441,Northern Mariana Islands,8/4/16 11:06
3048,4.3,18.7331,145.5641,Northern Mariana Islands,8/5/16 19:21
3341,4.2,17.6247,147.4437,Northern Mariana Islands,8/6/16 16:51
3377,4,21.5472,143.1465,Northern Mariana Islands,8/6/16 19:49
3686,4.2,18.6285,145.1944,Northern Mariana Islands,8/7/16 19:13
3972,5.1,18.3198,145.573,Northern Mariana Islands,8/8/16 14:11
4054,4.5,18.7282,145.3486,Northern Mariana Islands,8/8/16 20:36
4212,4.8,18.34,146.0913,Northern Mariana Islands,8/9/16 11:34
4525,4.8,18.7468,145.6134,Northern Mariana Islands,8/10/16 10:58
4876,4.4,20.8635,144.6655,Northern Mariana Islands,8/11/16 12:05
5072,4.6,18.5832,146.485,Northern Mariana Islands,8/12/16 2:19
6045,4.5,18.6886,145.6001,Northern Mariana Islands,8/15/16 18:18
6202,4.6,18.3917,145.8634,Northern Mariana Islands,8/16/16 12:52
6283,4.9,18.451,145.7482,Northern Mariana Islands,8/16/16 19:57
7345,5.1,18.4745,145.5749,Northern Mariana Islands,8/21/16 10:55
7477,4.5,18.7207,145.486,Northern Mariana Islands,8/21/16 23:11
2987,4.8,14.5664,-44.9867,Northern Mid-Atlantic Ridge,8/5/16 13:40
2989,5.1,14.5919,-45.116,Northern Mid-Atlantic Ridge,8/5/16 13:49
1326,4.1,-19.1824,111.7783,Northwest of Australia,7/31/16 9:45
3379,3.9,44.3421,-129.4701,Off the coast of Oregon,8/6/16 19:51
4326,3.3,43.8623,-129.4009,Off the coast of Oregon,8/9/16 22:21
2206,1.98,40.046,-81.2456667,Ohio,8/3/16 4:50
119,2.6,35.8525,-97.2357,Oklahoma,7/27/16 11:36
138,2.7,35.8519,-97.2366,Oklahoma,7/27/16 13:12
398,2.7,36.6889,-98.2606,Oklahoma,7/28/16 9:48
551,3.6,36.2168,-97.5742,Oklahoma,7/28/16 21:35
561,2.8,36.4441,-96.8855,Oklahoma,7/28/16 22:21
959,2.8,36.2471,-97.6088,Oklahoma,7/30/16 3:29
1246,2.5,36.1735,-96.8148,Oklahoma,7/31/16 2:40
1376,3.1,35.0752,-97.572,Oklahoma,7/31/16 13:26
2015,3.1,36.7634,-98.0793,Oklahoma,8/2/16 13:55
2297,2.3,35.8164,-97.4498,Oklahoma,8/3/16 11:22
2811,3.4,36.4682,-98.7508,Oklahoma,8/4/16 20:13
2893,2.7,36.7528,-98.0782,Oklahoma,8/5/16 2:54
2896,2.8,36.7577,-98.0795,Oklahoma,8/5/16 2:59
2949,3.2,36.7108,-98.1088,Oklahoma,8/5/16 9:43
3015,2.5,36.2788,-97.5157,Oklahoma,8/5/16 16:20
3017,2.8,36.2813,-97.5136,Oklahoma,8/5/16 16:27
3033,2.9,36.2146,-97.5737,Oklahoma,8/5/16 18:01
3034,2.8,36.2154,-97.5726,Oklahoma,8/5/16 18:01
3222,2.9,36.1361,-98.7958,Oklahoma,8/6/16 7:10
3407,3.3,36.4874,-98.4942,Oklahoma,8/6/16 21:45
3498,3,36.1772,-97.415,Oklahoma,8/7/16 5:13
3691,2.7,35.5924,-97.3913,Oklahoma,8/7/16 19:35
4016,2.4,35.4603,-97.9105,Oklahoma,8/8/16 17:57
4143,2.6,36.2144,-97.5718,Oklahoma,8/9/16 4:56
4207,2.6,36.2809,-97.5115,Oklahoma,8/9/16 10:32
4267,3.6,36.211,-97.575,Oklahoma,8/9/16 17:46
4269,3.9,36.211,-97.57,Oklahoma,8/9/16 17:46
4270,3.7,36.2137,-97.5688,Oklahoma,8/9/16 17:54
4404,3.2,36.2147,-97.5645,Oklahoma,8/10/16 2:36
4471,4,35.6771,-97.1894,Oklahoma,8/10/16 7:04
4481,2.9,36.4978,-99.163,Oklahoma,8/10/16 7:43
4487,2.8,36.7052,-98.0959,Oklahoma,8/10/16 8:20
4558,3.5,35.6613,-97.1824,Oklahoma,8/10/16 12:34
4755,2.6,36.1692,-96.9792,Oklahoma,8/11/16 4:26
5063,4,36.6385,-98.0775,Oklahoma,8/12/16 1:27
5236,2.5,36.6648,-99.0826,Oklahoma,8/12/16 14:35
5353,2.2,36.1909,-96.9778,Oklahoma,8/12/16 23:12
5643,2.7,36.6296,-98.0707,Oklahoma,8/13/16 23:22
5725,3.1,36.8021,-97.6148,Oklahoma,8/14/16 8:22
5730,2.7,36.2427,-97.7874,Oklahoma,8/14/16 9:13
5939,3.2,36.4153,-97.3686,Oklahoma,8/15/16 7:12
5946,2.9,36.747,-97.6097,Oklahoma,8/15/16 8:16
6068,2.6,36.4566,-98.7433,Oklahoma,8/15/16 20:07
6118,3.5,35.6625,-97.1556,Oklahoma,8/16/16 2:08
6200,2.7,36.5088,-97.2197,Oklahoma,8/16/16 12:29
6203,2.6,36.4906,-98.8068,Oklahoma,8/16/16 12:53
6211,3.1,36.5139,-97.2135,Oklahoma,8/16/16 13:48
6303,2.6,36.4559,-98.403,Oklahoma,8/16/16 22:18
6305,2.5,36.4154,-97.3608,Oklahoma,8/16/16 22:38
6306,4.1,36.2476,-98.4451,Oklahoma,8/16/16 22:39
6413,4,35.6867,-97.1082,Oklahoma,8/17/16 9:34
6424,2.5,35.6715,-97.0859,Oklahoma,8/17/16 11:13
6459,2.9,36.2723,-97.5663,Oklahoma,8/17/16 14:37
6468,2.8,35.6709,-97.0902,Oklahoma,8/17/16 15:55
6653,2.7,36.3708,-97.7138,Oklahoma,8/18/16 13:13
6710,2.7,36.2635,-97.6848,Oklahoma,8/18/16 19:05
6936,2.8,35.4392,-97.8302,Oklahoma,8/19/16 18:22
6977,3.2,36.5307,-98.9055,Oklahoma,8/19/16 22:32
7234,2.7,36.1793,-97.5112,Oklahoma,8/21/16 0:49
7356,2.5,36.4632,-98.6923,Oklahoma,8/21/16 11:58
7472,2.5,36.452,-98.7753,Oklahoma,8/21/16 22:53
7641,2.6,36.2677,-97.5697,Oklahoma,8/22/16 16:35
7904,2.5,36.2741,-97.5621,Oklahoma,8/23/16 19:48
7924,2.5,36.2717,-97.566,Oklahoma,8/23/16 22:12
8002,3.4,36.0798,-96.7672,Oklahoma,8/24/16 6:08
8019,2.5,36.2443,-97.2735,Oklahoma,8/24/16 7:58
102,1.6,41.8767,-119.6278,Oregon,7/27/16 9:28
103,0.52,45.3598333,-121.7006667,Oregon,7/27/16 9:34
277,1.1,41.8584,-119.6533,Oregon,7/28/16 0:21
280,2.1,41.8477,-119.658,Oregon,7/28/16 0:36
295,1.1,41.8456,-119.6456,Oregon,7/28/16 1:57
333,1,41.8432,-119.6405,Oregon,7/28/16 5:23
337,1.1,41.8476,-119.6516,Oregon,7/28/16 5:43
339,0.9,41.8519,-119.6461,Oregon,7/28/16 5:45
346,1.2,41.851,-119.6477,Oregon,7/28/16 6:12
358,1,41.9676,-120.1726,Oregon,7/28/16 7:18
453,1.73,44.2975,-120.8655,Oregon,7/28/16 14:14
806,1.21,45.749,-123.7011667,Oregon,7/29/16 17:54
866,0.6,41.8573,-119.6485,Oregon,7/29/16 22:02
991,2.2,45.402,-117.255,Oregon,7/30/16 5:38
1343,1.7,44.1128333,-123.0371667,Oregon,7/31/16 11:02
1768,2,41.8659,-119.6225,Oregon,8/1/16 17:12
2009,1.7,41.8676,-119.6366,Oregon,8/2/16 13:04
2183,1.35,42.2576667,-122.5565,Oregon,8/3/16 2:46
2427,1.06,43.5133333,-121.6975,Oregon,8/3/16 22:29
2431,1.3,41.8762,-119.6287,Oregon,8/3/16 23:01
3027,1.34,43.5311667,-121.7045,Oregon,8/5/16 17:39
3036,1.45,43.5196667,-121.7026667,Oregon,8/5/16 18:03
3087,0.9,41.946,-119.6892,Oregon,8/5/16 22:38
3117,1.8,41.8799,-119.6394,Oregon,8/6/16 0:13
3532,1.3,43.5266667,-121.7075,Oregon,8/7/16 7:43
3533,1.38,43.5283333,-121.7035,Oregon,8/7/16 7:44
3579,1.86,43.5281667,-121.7046667,Oregon,8/7/16 10:46
3598,1.38,43.5301667,-121.7048333,Oregon,8/7/16 12:24
3611,1.1,41.9481,-119.6526,Oregon,8/7/16 13:27
3796,1,44.2698333,-122.8425,Oregon,8/8/16 3:21
3866,0.5,41.937,-119.6006,Oregon,8/8/16 7:17
3867,0.4,41.9421,-119.6124,Oregon,8/8/16 7:18
4108,1.2,41.8976,-119.6002,Oregon,8/9/16 2:25
4230,1.1,43.3216667,-123.3376667,Oregon,8/9/16 14:21
4242,1.54,45.3461667,-121.681,Oregon,8/9/16 15:38
4275,1.35,45.1715,-121.721,Oregon,8/9/16 18:03
4277,0.7,45.1811667,-121.6953333,Oregon,8/9/16 18:06
4283,1.51,45.1783333,-121.6868333,Oregon,8/9/16 18:57
4284,1.92,45.1813333,-121.6941667,Oregon,8/9/16 18:58
4285,1.49,45.174,-121.711,Oregon,8/9/16 19:01
4290,1.42,45.1728333,-121.7151667,Oregon,8/9/16 19:08
4292,0.86,45.1791667,-121.6971667,Oregon,8/9/16 19:14
4296,1.53,45.1846667,-121.6926667,Oregon,8/9/16 19:29
4313,0.98,45.1766667,-121.7038333,Oregon,8/9/16 20:33
4317,1.03,45.1841667,-121.7018333,Oregon,8/9/16 21:31
4390,0.42,45.3295,-121.682,Oregon,8/10/16 2:03
4415,1.31,45.1746667,-121.703,Oregon,8/10/16 3:27
4569,1.8,41.8822,-119.6607,Oregon,8/10/16 13:39
4662,1.11,45.1825,-121.688,Oregon,8/10/16 21:31
4901,2,41.8505,-119.6535,Oregon,8/11/16 14:28
4969,3,41.6399,-127.0412,Oregon,8/11/16 19:28
5042,0.8,42.3704,-120.2935,Oregon,8/12/16 0:15
5087,2.4,41.9324,-119.676,Oregon,8/12/16 3:35
5102,0.8,41.932,-119.6802,Oregon,8/12/16 4:23
5136,1.5,41.9489,-119.6806,Oregon,8/12/16 7:06
5186,1,41.9406,-119.6865,Oregon,8/12/16 11:13
5204,1.2,42.0446,-119.6903,Oregon,8/12/16 12:26
5462,1,41.8811,-119.6084,Oregon,8/13/16 8:28
6011,1.78,45.4735,-124.0131667,Oregon,8/15/16 15:41
6014,0.65,44.1086667,-121.8028333,Oregon,8/15/16 16:00
6210,1.37,43.9245,-123.4046667,Oregon,8/16/16 13:39
6242,1.35,45.7955,-123.4276667,Oregon,8/16/16 16:08
6268,1.8,44.3698333,-121.009,Oregon,8/16/16 18:13
6279,0.56,43.7218333,-121.2623333,Oregon,8/16/16 19:51
6308,1.2,41.9307,-119.6669,Oregon,8/16/16 22:46
6681,1.81,45.0816667,-123.1135,Oregon,8/18/16 15:05
6715,1.2,41.8968,-119.6321,Oregon,8/18/16 19:43
6817,0.5,41.9085,-119.5849,Oregon,8/19/16 6:16
6878,1.1,41.9082,-119.7608,Oregon,8/19/16 11:58
6903,2.03,44.0205,-121.2513333,Oregon,8/19/16 15:03
6938,0.86,45.306,-121.6636667,Oregon,8/19/16 18:23
7316,1.1,41.9484,-119.5837,Oregon,8/21/16 7:13
7323,0.95,43.5213333,-121.7098333,Oregon,8/21/16 7:52
7623,1.55,45.9445,-119.364,Oregon,8/22/16 14:23
7691,1.2,41.8823,-119.628,Oregon,8/22/16 21:44
7704,0.8,41.8634,-119.6317,Oregon,8/22/16 23:02
8097,2.14,45.3078333,-118.1531667,Oregon,8/24/16 18:22
8221,1.4,41.8866,-119.6263,Oregon,8/25/16 7:37
8226,1.8,41.8973,-119.6362,Oregon,8/25/16 7:55
8277,1.4,41.8933,-119.6287,Oregon,8/25/16 11:17
8311,2.83,44.854,-117.8953333,Oregon,8/25/16 13:45
3664,5.1,-54.0894,-132.9009,Pacific-Antarctic Ridge,8/7/16 17:21
5846,4.3,-57.4279,-146.851,Pacific-Antarctic Ridge,8/14/16 21:01
6496,4.4,30.5023,66.435,Pakistan,8/17/16 18:58
3121,5.3,4.7416,132.4888,Palau,8/6/16 0:19
589,4.3,9.2515,-77.8334,Panama,7/29/16 0:36
3710,4.3,6.0248,-82.67,Panama,8/7/16 20:36
6436,4.8,7.7908,-82.0387,Panama,8/17/16 12:22
89,4.8,-4.8676,153.6709,Papua New Guinea,7/27/16 8:22
194,4.2,-5.9001,145.8818,Papua New Guinea,7/27/16 18:38
225,4.3,-4.8885,153.7064,Papua New Guinea,7/27/16 20:34
462,4.8,-6.1428,154.4552,Papua New Guinea,7/28/16 15:01
496,4.4,-6.5073,153.3722,Papua New Guinea,7/28/16 17:36
828,4.5,-3.2799,150.0996,Papua New Guinea,7/29/16 19:40
882,4.4,-4.5256,144.2552,Papua New Guinea,7/29/16 23:31
1031,5.7,-6.9486,155.7949,Papua New Guinea,7/30/16 9:19
1034,4.9,-6.9625,155.7534,Papua New Guinea,7/30/16 9:31
1058,4.7,-5.7635,152.1633,Papua New Guinea,7/30/16 12:14
1607,4.2,-3.637,150.1521,Papua New Guinea,8/1/16 7:05
1660,4.4,-9.4153,148.8176,Papua New Guinea,8/1/16 10:15
2596,5.2,-4.2551,143.4332,Papua New Guinea,8/4/16 5:01
2965,5.2,-6.705,155.6891,Papua New Guinea,8/5/16 11:04
3347,4.5,-5.015,151.9096,Papua New Guinea,8/6/16 17:14
3460,4.8,-5.5363,154.0353,Papua New Guinea,8/7/16 1:56
3602,4.5,-2.4442,141.1566,Papua New Guinea,8/7/16 12:40
3878,4.3,-4.6796,155.2703,Papua New Guinea,8/8/16 7:49
3898,4.1,-4.2667,153.6873,Papua New Guinea,8/8/16 8:27
4037,4.4,-4.4296,151.9396,Papua New Guinea,8/8/16 19:19
4788,4.7,-5.5654,150.2472,Papua New Guinea,8/11/16 7:20
6040,4.5,-4.7493,151.5545,Papua New Guinea,8/15/16 17:41
6057,4.2,-4.3163,149.6298,Papua New Guinea,8/15/16 18:44
6304,4.5,-5.8054,145.5352,Papua New Guinea,8/16/16 22:22
6422,4.9,-4.5952,149.6539,Papua New Guinea,8/17/16 11:11
6423,4.8,-4.6014,149.6447,Papua New Guinea,8/17/16 11:13
6585,5.2,-6.2447,149.9791,Papua New Guinea,8/18/16 3:54
7873,5.2,-4.8183,153.1178,Papua New Guinea,8/23/16 16:15
7518,1.37,41.7358333,-77.196,Pennsylvania,8/22/16 2:15
112,4.3,-7.237,-76.2101,Peru,7/27/16 10:06
766,4.3,-16.4045,-71.5974,Peru,7/29/16 15:00
1683,4.3,-9.9163,-78.5749,Peru,8/1/16 11:43
2384,4.6,-13.2841,-74.6778,Peru,8/3/16 18:35
3981,5.1,-14.5027,-76.2381,Peru,8/8/16 15:03
4011,4.6,-14.5538,-76.2397,Peru,8/8/16 17:45
4160,4.6,-5.8635,-78.7365,Peru,8/9/16 6:45
4291,4.2,-8.0281,-73.9401,Peru,8/9/16 19:09
5849,4.3,-7.0596,-80.5277,Peru,8/14/16 21:45
5868,5.5,-15.6569,-72.0174,Peru,8/14/16 22:59
6402,4.3,-16.52,-71.74,Peru,8/17/16 8:36
6403,4.2,-11.61,-76.95,Peru,8/17/16 8:36
6811,4.9,-17.0238,-72.3213,Peru,8/19/16 5:49
7267,4.6,-16.1693,-74.0094,Peru,8/21/16 3:14
82,4.9,10.9473,124.6154,Philippines,7/27/16 7:56
1109,4.2,8.2078,126.2327,Philippines,7/30/16 16:22
1119,4.6,6.0322,126.3465,Philippines,7/30/16 17:03
1295,4.4,5.338,127.1922,Philippines,7/31/16 6:30
1464,4.4,3.7369,123.0631,Philippines,7/31/16 21:13
2810,4.4,6.0317,126.4562,Philippines,8/4/16 20:02
3193,5.4,6.0879,125.3201,Philippines,8/6/16 5:08
3694,4.6,16.5717,119.7958,Philippines,8/7/16 19:43
4355,5.4,5.5762,125.7474,Philippines,8/10/16 0:06
4425,4.7,5.6625,125.3175,Philippines,8/10/16 4:17
4595,4.5,4.7153,126.771,Philippines,8/10/16 16:34
5129,4.6,10.1174,123.1652,Philippines,8/12/16 6:43
5479,5.1,11.5241,124.4526,Philippines,8/13/16 10:05
5866,4.6,14.943,121.9966,Philippines,8/14/16 22:50
5893,4.8,5.7518,125.8435,Philippines,8/15/16 1:28
5940,5.4,10.8833,122.1769,Philippines,8/15/16 7:32
6693,4.6,6,127.061,Philippines,8/18/16 16:10
7943,4.6,5.9494,124.1084,Philippines,8/24/16 0:16
1095,4.2,51.5648,16.184,Poland,7/30/16 15:10
1493,4.1,36.09,-7.8299,Portugal,7/31/16 23:48
3622,4.8,39.8715,-29.4879,Portugal,8/7/16 14:04
8137,4.1,36.5511,-11.2826,Portugal,8/24/16 21:33
16,1.6,18.072,-66.9848,Puerto Rico,7/27/16 1:31
45,1.8,18.0625,-66.5327,Puerto Rico,7/27/16 4:10
165,2.7,18.9866,-65.2505,Puerto Rico,7/27/16 15:38
239,2.8,18.9834,-66.7925,Puerto Rico,7/27/16 21:41
305,1.5,17.892,-66.7545,Puerto Rico,7/28/16 2:59
366,2.6,19.6149,-65.2881,Puerto Rico,7/28/16 7:39
390,3.1,19.5503,-65.2685,Puerto Rico,7/28/16 9:26
499,1.8,17.9785,-67.1771,Puerto Rico,7/28/16 17:48
537,2.7,18.141,-67.532,Puerto Rico,7/28/16 20:31
544,3,19.3344,-65.3324,Puerto Rico,7/28/16 21:10
712,3,18.4587,-67.2733,Puerto Rico,7/29/16 11:10
732,2.1,18.8027,-65.2565,Puerto Rico,7/29/16 12:41
787,2.3,19.545,-65.3275,Puerto Rico,7/29/16 16:12
807,2.8,18.909,-65.2468,Puerto Rico,7/29/16 17:54
821,2.7,19.5128,-65.3137,Puerto Rico,7/29/16 18:36
854,2.9,18.6756,-67.5542,Puerto Rico,7/29/16 21:05
858,1.4,18.0708,-66.0514,Puerto Rico,7/29/16 21:24
1018,2.7,18.7994,-67.3115,Puerto Rico,7/30/16 8:05
1030,2.9,18.8239,-65.5254,Puerto Rico,7/30/16 9:17
1086,2.5,17.7695,-67.5,Puerto Rico,7/30/16 14:28
1120,2.6,18.1809,-66.8564,Puerto Rico,7/30/16 17:05
1153,2.2,18.2593,-66.1386,Puerto Rico,7/30/16 19:27
1155,2,18.2901,-67.2356,Puerto Rico,7/30/16 19:55
1182,3.4,19.5622,-65.2957,Puerto Rico,7/30/16 21:50
1208,3.2,19.5657,-65.3131,Puerto Rico,7/30/16 22:41
1313,1.9,17.854,-66.6545,Puerto Rico,7/31/16 8:09
1598,2.7,18.5515,-67.4688,Puerto Rico,8/1/16 6:07
1614,2.8,18.52,-67.4789,Puerto Rico,8/1/16 7:23
1641,2.8,18.5988,-66.772,Puerto Rico,8/1/16 9:04
1989,3,18.628,-65.3171,Puerto Rico,8/2/16 10:38
2088,3,18.7395,-67.4225,Puerto Rico,8/2/16 19:21
2122,3.1,18.2357,-67.222,Puerto Rico,8/2/16 22:38
2269,3.5,19.1399,-66.379,Puerto Rico,8/3/16 9:23
2271,2.8,19.0893,-66.3498,Puerto Rico,8/3/16 9:25
2272,3.3,19.1049,-66.3725,Puerto Rico,8/3/16 9:28
2274,2.9,19.0335,-66.4217,Puerto Rico,8/3/16 9:41
2343,1.9,17.8717,-65.691,Puerto Rico,8/3/16 14:43
2344,2.3,18.1685,-67.3,Puerto Rico,8/3/16 14:46
2604,3.1,19.2968,-67.0231,Puerto Rico,8/4/16 5:31
2612,1.7,17.8556,-67.116,Puerto Rico,8/4/16 5:55
2823,2.2,18.1424,-66.9077,Puerto Rico,8/4/16 21:13
2883,1.8,18.2191,-66.983,Puerto Rico,8/5/16 2:04
2970,2.8,19.6345,-65.3454,Puerto Rico,8/5/16 11:39
3004,2.9,18.1455,-66.3168,Puerto Rico,8/5/16 15:28
3120,2.3,19.3435,-67.14,Puerto Rico,8/6/16 0:18
3153,1.8,18.1075,-67.198,Puerto Rico,8/6/16 2:13
3362,3.2,17.9769,-65.4117,Puerto Rico,8/6/16 18:08
3413,3.9,19.4428,-65.4365,Puerto Rico,8/6/16 22:28
3414,2.6,19.3735,-65.4057,Puerto Rico,8/6/16 22:33
3434,1.9,18.2989,-67.3135,Puerto Rico,8/7/16 0:22
3507,2.7,19.1189,-66.3655,Puerto Rico,8/7/16 6:04
3588,1.9,17.8257,-67.2571,Puerto Rico,8/7/16 11:30
3607,2.4,18.9255,-65.944,Puerto Rico,8/7/16 13:16
3766,2.5,18.7479,-67.5093,Puerto Rico,8/8/16 1:20
3768,2.1,18.8132,-67.4489,Puerto Rico,8/8/16 1:22
3769,2.3,18.7411,-67.4795,Puerto Rico,8/8/16 1:23
3770,2.5,18.9241,-66.9856,Puerto Rico,8/8/16 1:26
3774,2.6,18.8943,-67.4803,Puerto Rico,8/8/16 1:33
3788,2.6,18.8155,-67.5556,Puerto Rico,8/8/16 2:34
3795,2.6,18.8558,-66.0576,Puerto Rico,8/8/16 2:54
3797,3.2,19.1051,-66.0436,Puerto Rico,8/8/16 3:25
3819,2.7,18.7768,-67.4521,Puerto Rico,8/8/16 4:57
3824,2.3,18.787,-67.4415,Puerto Rico,8/8/16 5:12
3828,2.8,19.1334,-66.397,Puerto Rico,8/8/16 5:27
3829,2.8,18.7544,-67.4671,Puerto Rico,8/8/16 5:28
3832,2.7,19.11,-66.3965,Puerto Rico,8/8/16 5:38
3834,2.1,19.1065,-66.0911,Puerto Rico,8/8/16 5:42
3838,2.5,19.1026,-66.4095,Puerto Rico,8/8/16 5:44
3839,2.7,18.7299,-66.0736,Puerto Rico,8/8/16 5:54
3842,2.7,18.778,-67.459,Puerto Rico,8/8/16 6:03
3843,2.6,18.8113,-67.4503,Puerto Rico,8/8/16 6:09
3848,2.3,18.7488,-67.4468,Puerto Rico,8/8/16 6:22
3864,2.8,18.7201,-67.4704,Puerto Rico,8/8/16 7:11
3894,2.4,18.7779,-67.4278,Puerto Rico,8/8/16 8:22
3899,2.2,17.9239,-66.8746,Puerto Rico,8/8/16 8:30
3930,2.6,19.068,-66.0316,Puerto Rico,8/8/16 11:07
3948,1.8,18.8367,-65.8752,Puerto Rico,8/8/16 12:33
3970,2.5,18.753,-67.4617,Puerto Rico,8/8/16 14:02
3985,2,19.0755,-65.9785,Puerto Rico,8/8/16 15:24
4058,2.2,19.0195,-65.9899,Puerto Rico,8/8/16 21:03
4059,2,17.9775,-67.0205,Puerto Rico,8/8/16 21:07
4237,2.5,18.8043,-66.8626,Puerto Rico,8/9/16 15:05
4281,2,18.3355,-67.2547,Puerto Rico,8/9/16 18:41
4282,2.6,18.2998,-66.7882,Puerto Rico,8/9/16 18:42
4337,2.5,18.7395,-66.1364,Puerto Rico,8/9/16 23:08
4350,1.9,18.0172,-67.0329,Puerto Rico,8/9/16 23:35
4465,2.6,18.6636,-66.5483,Puerto Rico,8/10/16 6:27
4543,2.1,18.1424,-67.388,Puerto Rico,8/10/16 11:45
4699,2.7,18.6208,-67.0544,Puerto Rico,8/11/16 1:08
4704,1.7,18.3316,-67.0029,Puerto Rico,8/11/16 1:21
5023,3,19.2924,-67.4085,Puerto Rico,8/11/16 22:51
5039,2.3,18.405,-67.3135,Puerto Rico,8/12/16 0:03
5058,2.7,18.943,-67.6501,Puerto Rico,8/12/16 1:04
5228,2,18.0739,-67.2837,Puerto Rico,8/12/16 14:11
5291,2.7,18.2586,-67.8305,Puerto Rico,8/12/16 19:06
5297,2.7,19.5415,-67.5927,Puerto Rico,8/12/16 19:51
5317,2.8,18.6875,-65.7969,Puerto Rico,8/12/16 20:41
5377,3,18.3715,-67.6027,Puerto Rico,8/13/16 1:07
5424,2.6,17.7597,-66.8927,Puerto Rico,8/13/16 4:56
5427,2.6,17.7695,-67.0491,Puerto Rico,8/13/16 5:01
5428,2.1,17.9454,-66.5384,Puerto Rico,8/13/16 5:02
5473,2.3,17.7644,-66.9978,Puerto Rico,8/13/16 9:26
5539,3.2,19.4206,-66.561,Puerto Rico,8/13/16 14:53
5569,1.9,17.8505,-66.7885,Puerto Rico,8/13/16 16:50
5613,1.1,17.982,-66.9537,Puerto Rico,8/13/16 20:54
5685,1.8,17.9498,-67.0145,Puerto Rico,8/14/16 4:30
5815,2.5,17.728,-67.0207,Puerto Rico,8/14/16 16:14
5865,1.9,18.9734,-65.2415,Puerto Rico,8/14/16 22:47
5889,3.3,17.0398,-67.6287,Puerto Rico,8/15/16 1:00
5898,2.5,18.7992,-66.1013,Puerto Rico,8/15/16 2:21
5900,2.7,18.8654,-66.8553,Puerto Rico,8/15/16 2:30
5901,2.8,18.7224,-67.5899,Puerto Rico,8/15/16 2:31
5988,2,17.801,-66.8821,Puerto Rico,8/15/16 13:18
6100,2.3,17.839,-67.1286,Puerto Rico,8/15/16 23:49
6121,3,18.1317,-67.2792,Puerto Rico,8/16/16 2:15
6139,2.6,17.843,-66.7645,Puerto Rico,8/16/16 5:21
6330,1.9,18.2896,-67.1439,Puerto Rico,8/17/16 0:55
6353,2.6,18.76,-67.466,Puerto Rico,8/17/16 3:05
6485,2.9,17.919,-65.642,Puerto Rico,8/17/16 17:39
6521,2.7,19.5396,-67.5757,Puerto Rico,8/17/16 22:00
6530,2.2,17.801,-66.6222,Puerto Rico,8/17/16 22:53
6542,2.7,18.6676,-67.5,Puerto Rico,8/17/16 23:53
6600,2.9,18.9235,-67.4197,Puerto Rico,8/18/16 5:39
6609,2.5,17.9015,-67.0917,Puerto Rico,8/18/16 6:55
6619,1.8,17.912,-67.0302,Puerto Rico,8/18/16 8:31
6702,2.6,18.8075,-67.2827,Puerto Rico,8/18/16 18:11
6831,2.6,18.7155,-67.3945,Puerto Rico,8/19/16 6:53
7040,2.1,17.9104,-66.5544,Puerto Rico,8/20/16 5:30
7075,3.2,19.236,-67.4599,Puerto Rico,8/20/16 8:13
7079,3.1,19.225,-67.3694,Puerto Rico,8/20/16 8:43
7104,2,18.0583,-66.221,Puerto Rico,8/20/16 11:37
7118,2.2,17.8668,-66.639,Puerto Rico,8/20/16 13:24
7199,2.9,18.9864,-67.026,Puerto Rico,8/20/16 21:47
7219,1.7,17.9647,-67.041,Puerto Rico,8/20/16 23:01
7301,1.6,18.1256,-66.8811,Puerto Rico,8/21/16 6:00
7336,2.3,17.8066,-66.6398,Puerto Rico,8/21/16 9:24
7350,2.4,19.8208,-65.6676,Puerto Rico,8/21/16 11:24
7384,2.3,18.9962,-65.2064,Puerto Rico,8/21/16 15:36
7439,2.2,18.1081,-65.3821,Puerto Rico,8/21/16 19:55
7440,2.2,17.9242,-66.593,Puerto Rico,8/21/16 19:57
7446,2.4,18.0323,-65.3684,Puerto Rico,8/21/16 20:27
7510,3,18.0431,-65.3695,Puerto Rico,8/22/16 1:19
7610,1.9,18.3164,-65.9381,Puerto Rico,8/22/16 12:54
7690,2.9,17.9239,-65.6153,Puerto Rico,8/22/16 21:27
7712,2.7,18.388,-66.0282,Puerto Rico,8/23/16 0:49
7720,2.1,17.9838,-67.111,Puerto Rico,8/23/16 2:26
7762,2.1,18.002,-67.0385,Puerto Rico,8/23/16 6:30
7862,2,17.9111,-65.652,Puerto Rico,8/23/16 15:29
7880,2.4,17.5515,-66.4619,Puerto Rico,8/23/16 16:46
7932,3.2,19.1303,-65.9804,Puerto Rico,8/23/16 23:13
7952,2.4,18.0209,-65.4233,Puerto Rico,8/24/16 0:59
7971,2.5,17.8738,-65.6491,Puerto Rico,8/24/16 3:22
7993,1.9,17.8939,-65.6474,Puerto Rico,8/24/16 5:34
8056,2.5,18.4722,-66.4264,Puerto Rico,8/24/16 13:09
8195,2.5,18.7612,-66.18,Puerto Rico,8/25/16 4:34
8349,2.3,18.586,-66.3482,Puerto Rico,8/25/16 17:27
5802,4.5,52.6443,-32.5524,Reykjanes Ridge,8/14/16 14:57
500,4.9,44.8262,149.0556,Russia,7/28/16 17:55
663,4.8,56.0359,162.4678,Russia,7/29/16 7:26
890,4.1,55.7146,161.7466,Russia,7/30/16 0:18
1401,4.1,46.9009,147.689,Russia,7/31/16 15:21
1913,4,44.3692,149.5521,Russia,8/2/16 4:54
2096,4.6,44.1788,148.9868,Russia,8/2/16 19:33
2124,4.1,49.3789,153.7283,Russia,8/2/16 22:45
2165,4.5,49.9735,155.8088,Russia,8/3/16 1:33
2226,4.5,44.0588,149.1066,Russia,8/3/16 6:22
2234,5,55.3975,165.15,Russia,8/3/16 6:52
2398,4.4,56.0723,110.6443,Russia,8/3/16 19:28
3013,4.3,51.0173,157.3582,Russia,8/5/16 16:09
4049,4.5,46.7346,150.4587,Russia,8/8/16 20:06
4131,4,47.3008,146.9788,Russia,8/9/16 3:44
4134,4.6,50.5742,85.5042,Russia,8/9/16 3:54
4486,4.7,52.846,159.4724,Russia,8/10/16 8:17
4561,4.2,52.7877,159.3118,Russia,8/10/16 12:51
5668,4.4,54.4357,161.6495,Russia,8/14/16 1:56
5710,5.9,50.4274,142.258,Russia,8/14/16 7:15
5914,4.7,50.4543,142.3168,Russia,8/15/16 4:23
5972,4.7,45.8512,142.8655,Russia,8/15/16 11:28
6007,4.4,56.3946,163.2043,Russia,8/15/16 15:21
6258,4.6,50.3009,142.3783,Russia,8/16/16 17:15
6430,4.6,50.3253,142.3239,Russia,8/17/16 11:50
6876,4.2,50.6225,152.9402,Russia,8/19/16 11:48
7470,5.1,55.1799,165.252,Russia,8/21/16 22:39
8166,4.7,45.319,150.7754,Russia,8/25/16 1:28
1342,4.3,-10.0397,161.6513,Solomon Islands,7/31/16 10:59
1387,4.7,-10.5865,163.9956,Solomon Islands,7/31/16 14:16
1686,4.5,-11.8558,166.5896,Solomon Islands,8/1/16 11:49
1770,5,-9.3859,159.4249,Solomon Islands,8/1/16 17:24
3870,4.3,-10.9575,164.1014,Solomon Islands,8/8/16 7:25
4015,4.4,-11.3474,163.1022,Solomon Islands,8/8/16 17:52
4554,4.3,-11.5143,162.053,Solomon Islands,8/10/16 12:14
4993,4.8,-10.3655,160.7086,Solomon Islands,8/11/16 21:14
6196,4.8,-11.0828,162.9613,Solomon Islands,8/16/16 12:13
6292,4.4,-10.3197,161.4799,Solomon Islands,8/16/16 21:03
1291,4.2,-55.9389,-27.1666,South Georgia and the South Sandwich Islands,7/31/16 6:09
1307,5.9,-56.255,-27.5494,South Georgia and the South Sandwich Islands,7/31/16 7:33
2294,5.1,-55.783,-27.1804,South Georgia and the South Sandwich Islands,8/3/16 11:15
2788,4.6,-55.7572,-26.823,South Georgia and the South Sandwich Islands,8/4/16 18:27
6466,4.6,-55.7009,-26.9098,South Georgia and the South Sandwich Islands,8/17/16 15:16
6800,5.2,-55.8054,-31.0784,South Georgia and the South Sandwich Islands,8/19/16 4:13
6805,5.2,-55.3003,-31.2516,South Georgia and the South Sandwich Islands,8/19/16 4:21
6808,5,-55.3016,-30.8287,South Georgia and the South Sandwich Islands,8/19/16 4:32
6820,5.1,-55.2829,-30.65,South Georgia and the South Sandwich Islands,8/19/16 6:31
6921,5.6,-55.2031,-32.1207,South Georgia and the South Sandwich Islands,8/19/16 16:37
6926,4.8,-55.1003,-32.0781,South Georgia and the South Sandwich Islands,8/19/16 17:05
6945,4.9,-55.2469,-31.1963,South Georgia and the South Sandwich Islands,8/19/16 18:56
7035,4.9,-55.1333,-32.1026,South Georgia and the South Sandwich Islands,8/20/16 5:01
7138,5.2,-55.2223,-31.1955,South Georgia and the South Sandwich Islands,8/20/16 16:23
7153,5,-55.3237,-30.4736,South Georgia and the South Sandwich Islands,8/20/16 17:46
7166,4.7,-55.1813,-30.7896,South Georgia and the South Sandwich Islands,8/20/16 18:30
7502,4.7,-55.2221,-31.1077,South Georgia and the South Sandwich Islands,8/22/16 0:48
7503,5,-55.2155,-31.105,South Georgia and the South Sandwich Islands,8/22/16 0:52
7562,4.8,-55.1178,-32.7329,South Georgia and the South Sandwich Islands,8/22/16 7:11
7701,5.2,-55.2898,-30.7081,South Georgia and the South Sandwich Islands,8/22/16 22:52
6788,7.4,-55.2793,-31.874,South Georgia Island region,8/19/16 3:32
6795,5.3,-55.1699,-31.8864,South Georgia Island region,8/19/16 3:46
6796,5.2,-54.9628,-31.3406,South Georgia Island region,8/19/16 3:54
6814,4.9,-55.0652,-31.6786,South Georgia Island region,8/19/16 6:00
6850,5.1,-55.214,-32.0408,South Georgia Island region,8/19/16 8:56
6852,5,-55.1548,-31.6527,South Georgia Island region,8/19/16 9:00
6857,5,-55.1558,-31.5865,South Georgia Island region,8/19/16 9:42
6889,5.8,-55.2088,-32.0731,South Georgia Island region,8/19/16 13:33
6958,5.2,-55.1915,-31.27,South Georgia Island region,8/19/16 20:04
6959,5.2,-55.0828,-32.0177,South Georgia Island region,8/19/16 20:15
7061,5.4,-54.938,-31.5702,South Georgia Island region,8/20/16 7:17
7065,5.3,-54.8677,-31.467,South Georgia Island region,8/20/16 7:27
7224,6.4,-55.2775,-31.7546,South Georgia Island region,8/20/16 23:45
7227,5.1,-55.02,-31.4856,South Georgia Island region,8/21/16 0:28
7541,5.1,-55.1953,-31.8756,South Georgia Island region,8/22/16 4:32
7643,5,-55.074,-31.1487,South Georgia Island region,8/22/16 16:43
1333,4.7,-23.8542,82.5256,South Indian Ocean,7/31/16 10:12
1555,6.1,-23.9619,82.4789,South Indian Ocean,8/1/16 3:42
1602,5.4,-23.9117,82.4176,South Indian Ocean,8/1/16 6:29
1963,5,-23.8467,82.5604,South Indian Ocean,8/2/16 8:40
2936,5.7,-23.945,82.433,South Indian Ocean,8/5/16 8:34
104,4.5,-52.1331,27.7175,South of Africa,7/27/16 9:34
4190,4.6,4.9249,-82.7098,South of Panama,8/9/16 9:21
227,4.4,-25.9135,178.4949,South of the Fiji Islands,7/27/16 20:36
846,4.4,-26.1033,-177.3974,South of the Fiji Islands,7/29/16 20:40
1116,4.5,-23.7475,-179.951,South of the Fiji Islands,7/30/16 16:55
1292,4.9,-23.8527,-179.8836,South of the Fiji Islands,7/31/16 6:19
1320,4.5,-26.2414,179.3729,South of the Fiji Islands,7/31/16 9:07
1498,4,-25.1055,179.8371,South of the Fiji Islands,8/1/16 0:14
1509,4.6,-24.8047,179.854,South of the Fiji Islands,8/1/16 1:11
2046,4.3,-23.4608,-179.8971,South of the Fiji Islands,8/2/16 15:49
2079,4.2,-24.5027,-179.9427,South of the Fiji Islands,8/2/16 18:16
3181,4.3,-23.0231,179.2082,South of the Fiji Islands,8/6/16 3:58
3752,4.3,-24.609,-179.7836,South of the Fiji Islands,8/8/16 0:16
3905,4.2,-24.2851,-177.2499,South of the Fiji Islands,8/8/16 8:53
4030,4.4,-23.6888,-179.9401,South of the Fiji Islands,8/8/16 19:02
4130,4.2,-24.656,-179.9177,South of the Fiji Islands,8/9/16 3:41
5031,6.2,-25.1394,-177.3386,South of the Fiji Islands,8/11/16 23:29
5745,4.9,-24.3012,-179.7104,South of the Fiji Islands,8/14/16 10:07
8275,4.7,-23.3085,179.2413,South of the Fiji Islands,8/25/16 11:10
1280,5,-59.6119,-26.3178,South Sandwich Islands,7/31/16 5:34
1898,5.5,-58.724,-25.6076,South Sandwich Islands,8/2/16 3:32
3363,4.4,-58.093,-26.5888,South Sandwich Islands,8/6/16 18:33
4898,5,-58.9482,-25.2393,South Sandwich Islands,8/11/16 14:06
76,4.8,-21.7716,-113.8676,Southern East Pacific Rise,7/27/16 7:27
6665,5.9,-55.9195,-123.197,Southern East Pacific Rise,8/18/16 14:09
6673,5.1,-55.7838,-123.2919,Southern East Pacific Rise,8/18/16 14:49
1205,4.4,-29.9464,-13.8144,Southern Mid-Atlantic Ridge,7/30/16 22:28
2080,4.6,-21.0113,-11.4985,Southern Mid-Atlantic Ridge,8/2/16 18:22
6043,4.6,-26.1504,-11.4494,Southern Mid-Atlantic Ridge,8/15/16 17:56
554,4.3,-31.9528,56.825,Southwest Indian Ridge,7/28/16 21:49
1228,4.5,-35.5036,53.3197,Southwest Indian Ridge,7/31/16 0:40
2301,4.4,-29.0974,60.7312,Southwest Indian Ridge,8/3/16 11:37
2954,4.7,-28.9321,61.043,Southwest Indian Ridge,8/5/16 9:58
3068,4.7,-29.1811,60.9584,Southwest Indian Ridge,8/5/16 21:11
3234,5,-29.1209,61.1404,Southwest Indian Ridge,8/6/16 8:23
3503,4.5,-28.9879,61.1129,Southwest Indian Ridge,8/7/16 5:46
5097,5,-29.1935,61.0108,Southwest Indian Ridge,8/12/16 4:11
6041,4.5,-29.1836,60.876,Southwest Indian Ridge,8/15/16 17:45
431,4.4,35.2862,39.0889,Syria,7/28/16 12:13
7629,4.2,22.9839,120.9679,Taiwan,8/22/16 15:08
507,4.4,38.1605,72.8734,Tajikistan,7/28/16 18:51
2780,4.5,38.7843,72.3745,Tajikistan,8/4/16 17:34
2781,4.4,38.6991,72.3503,Tajikistan,8/4/16 17:36
2783,4.4,38.7359,72.7329,Tajikistan,8/4/16 17:54
2807,4.7,38.8748,72.3742,Tajikistan,8/4/16 19:42
3297,4.5,38.7746,70.6796,Tajikistan,8/6/16 13:00
4838,4.5,37.603,71.7045,Tajikistan,8/11/16 9:50
5151,4.3,39.2633,73.4331,Tajikistan,8/12/16 8:15
5758,5,38.7749,72.5057,Tajikistan,8/14/16 11:05
5760,4.7,38.922,72.4297,Tajikistan,8/14/16 11:11
6914,4.2,37.4069,71.7979,Tajikistan,8/19/16 16:01
6941,4.2,38.4176,70.5856,Tajikistan,8/19/16 18:32
206,1.88,36.1005,-89.426,Tennessee,7/27/16 19:32
748,1.61,36.302,-89.4988333,Tennessee,7/29/16 13:35
844,1.94,36.4756667,-89.5288333,Tennessee,7/29/16 20:37
883,1.78,36.267,-89.4713333,Tennessee,7/29/16 23:36
1028,1.91,36.1658333,-89.3961667,Tennessee,7/30/16 9:14
1195,2.22,35.5758333,-83.9778333,Tennessee,7/30/16 22:11
1266,2.4,35.3851667,-84.4535,Tennessee,7/31/16 4:29
1429,1.97,35.8793333,-83.6345,Tennessee,7/31/16 17:40
2293,1,36.2128333,-89.475,Tennessee,8/3/16 11:12
3235,1.31,36.282,-89.5063333,Tennessee,8/6/16 8:25
3419,1.5,35.663,-84.3598333,Tennessee,8/6/16 22:55
3436,2.48,36.435,-89.524,Tennessee,8/7/16 0:23
5325,2.21,35.059,-85.4425,Tennessee,8/12/16 21:11
5951,1.6,36.3946667,-89.5266667,Tennessee,8/15/16 8:41
5965,2.28,35.142,-84.8578333,Tennessee,8/15/16 10:40
6407,1.6,36.2053333,-89.4711667,Tennessee,8/17/16 8:52
6891,1.76,36.3498333,-89.5653333,Tennessee,8/19/16 13:42
7655,1.35,36.3838333,-89.5726667,Tennessee,8/22/16 18:35
7856,2.12,35.0601667,-85.0468333,Tennessee,8/23/16 14:45
7896,1.32,36.4655,-89.5248333,Tennessee,8/23/16 19:09
5340,2.5,32.9724,-100.7741,Texas,8/12/16 22:21
211,4.8,-15.4456,-173.1647,Tonga,7/27/16 19:56
422,5.1,-16.8242,-172.5158,Tonga,7/28/16 11:44
1521,5,-17.6088,-172.2941,Tonga,8/1/16 1:51
2035,4.3,-15.2594,-174.8534,Tonga,8/2/16 15:11
2302,4.7,-19.9667,-174.7986,Tonga,8/3/16 11:39
3725,4.8,-17.8959,-174.3293,Tonga,8/7/16 22:23
4013,4.6,-23.3895,-175.0769,Tonga,8/8/16 17:47
4324,4.5,-16.8367,-174.6514,Tonga,8/9/16 21:45
4629,4.9,-20.6547,-175.308,Tonga,8/10/16 19:23
5056,4.9,-21.4609,-175.5977,Tonga,8/12/16 1:02
6410,4.6,-19.7671,-175.5456,Tonga,8/17/16 9:06
6640,4.7,-20.3507,-176.008,Tonga,8/18/16 11:54
7613,4.7,-18.9472,-176.5038,Tonga,8/22/16 13:29
7740,4.9,-20.3059,-173.2483,Tonga,8/23/16 5:02
2041,4,40.3336,33.3066,Turkey,8/2/16 15:30
6293,4,38.629,38.0224,Turkey,8/16/16 21:07
300,2.2,18.3605,-65.022,U.S. Virgin Islands,7/28/16 2:13
533,3.4,19.4484,-65.2417,U.S. Virgin Islands,7/28/16 20:15
585,2.9,18.8831,-65.1419,U.S. Virgin Islands,7/29/16 0:23
672,2.5,19.3537,-65.1763,U.S. Virgin Islands,7/29/16 8:06
921,1.5,18.377,-64.9229,U.S. Virgin Islands,7/30/16 1:50
985,1.8,18.2294,-64.9254,U.S. Virgin Islands,7/30/16 5:17
1646,2.5,19.0907,-65.0215,U.S. Virgin Islands,8/1/16 9:24
2055,2.3,18.9995,-64.9905,U.S. Virgin Islands,8/2/16 16:31
2111,2.3,18.9482,-65.0558,U.S. Virgin Islands,8/2/16 21:17
2929,2.3,18.6151,-65.099,U.S. Virgin Islands,8/5/16 7:11
2999,1.9,18.1158,-64.93,U.S. Virgin Islands,8/5/16 14:42
3397,1.4,18.207,-64.9302,U.S. Virgin Islands,8/6/16 21:06
3517,1.4,18.5587,-64.9558,U.S. Virgin Islands,8/7/16 6:51
4305,2.3,19.0351,-64.9565,U.S. Virgin Islands,8/9/16 20:03
4311,3.1,19.2362,-65.1268,U.S. Virgin Islands,8/9/16 20:26
4615,2.1,18.4062,-64.9845,U.S. Virgin Islands,8/10/16 17:43
4657,2,18.2105,-64.7754,U.S. Virgin Islands,8/10/16 21:16
4904,2.2,19.0941,-65.114,U.S. Virgin Islands,8/11/16 14:35
5073,2.3,18.9573,-65.0401,U.S. Virgin Islands,8/12/16 2:23
5076,1.8,18.947,-65.0867,U.S. Virgin Islands,8/12/16 2:26
6208,1.8,19.0076,-65.0053,U.S. Virgin Islands,8/16/16 13:28
6219,2.3,18.943,-64.913,U.S. Virgin Islands,8/16/16 14:27
6244,2.9,18.9803,-64.9235,U.S. Virgin Islands,8/16/16 16:12
6245,2.1,18.9006,-64.9185,U.S. Virgin Islands,8/16/16 16:14
6246,1.5,18.8649,-64.9045,U.S. Virgin Islands,8/16/16 16:15
6248,2.3,18.8183,-64.9,U.S. Virgin Islands,8/16/16 16:16
6251,2.2,18.8568,-64.93,U.S. Virgin Islands,8/16/16 16:35
6510,2.1,18.7893,-65.0634,U.S. Virgin Islands,8/17/16 20:33
6536,2.4,18.19,-64.9365,U.S. Virgin Islands,8/17/16 23:26
6538,3,19.0109,-65.0335,U.S. Virgin Islands,8/17/16 23:34
6591,1.9,18.8083,-65.0065,U.S. Virgin Islands,8/18/16 4:52
6592,2.2,18.7612,-65.0562,U.S. Virgin Islands,8/18/16 4:53
6867,2.6,19.083,-65.004,U.S. Virgin Islands,8/19/16 10:53
6969,2.4,18.9755,-64.9913,U.S. Virgin Islands,8/19/16 21:30
7194,2,18.0958,-64.9797,U.S. Virgin Islands,8/20/16 21:28
7575,2.3,18.8584,-65.0716,U.S. Virgin Islands,8/22/16 8:53
7724,2.2,18.8694,-65.0684,U.S. Virgin Islands,8/23/16 2:44
7732,2.1,18.8412,-65.1483,U.S. Virgin Islands,8/23/16 4:09
3488,4.8,47.085,37.5175,Ukraine,8/7/16 4:15
278,0.9,37.471,-113.9345,Utah,7/28/16 0:23
334,0.74,39.1285,-110.8571667,Utah,7/28/16 5:25
342,1.8,39.1273333,-110.8553333,Utah,7/28/16 5:50
526,1.87,39.4856667,-111.7176667,Utah,7/28/16 19:43
555,1.64,39.4843333,-111.719,Utah,7/28/16 21:55
586,1.18,39.4895,-111.7125,Utah,7/29/16 0:27
1772,0.87,41.6533333,-111.9975,Utah,8/1/16 17:29
2061,1.51,37.5003333,-114.0366667,Utah,8/2/16 17:06
2136,1.3,39.7103333,-110.7823333,Utah,8/2/16 23:39
2189,1.11,37.6933333,-113.011,Utah,8/3/16 3:33
2376,0.74,37.4206667,-113.1266667,Utah,8/3/16 18:04
2455,1.38,40.7161667,-112.0605,Utah,8/4/16 0:51
2528,1.23,38.0626667,-112.4836667,Utah,8/4/16 2:11
2821,0.77,39.5915,-111.41,Utah,8/4/16 21:11
2891,1.24,39.7316667,-110.9026667,Utah,8/5/16 2:43
3243,1.49,40.719,-112.0653333,Utah,8/6/16 9:20
3286,1.78,38.4878333,-113.4951667,Utah,8/6/16 11:52
4098,1.13,37.63,-112.9771667,Utah,8/9/16 1:35
4163,0.86,37.643,-112.9736667,Utah,8/9/16 6:57
4233,1.65,37.3981667,-112.3315,Utah,8/9/16 14:50
4240,1.28,40.4986667,-111.3363333,Utah,8/9/16 15:17
4320,0.68,41.7385,-111.587,Utah,8/9/16 21:38
4468,2,38.3108333,-112.6185,Utah,8/10/16 6:32
4897,1.04,41.8738333,-111.7378333,Utah,8/11/16 14:02
5059,1.09,37.8475,-112.4423333,Utah,8/12/16 1:05
5223,0.57,41.8035,-112.5298333,Utah,8/12/16 13:45
5224,1.4,39.762,-110.952,Utah,8/12/16 13:55
5507,1.35,36.9803333,-112.9065,Utah,8/13/16 12:28
5629,1.92,37.8378333,-112.5486667,Utah,8/13/16 22:31
5767,0.99,38.8471667,-111.498,Utah,8/14/16 11:46
5768,1.02,38.8461667,-111.5123333,Utah,8/14/16 11:46
5796,1.56,37.3643333,-112.079,Utah,8/14/16 14:44
5920,1.21,39.1638333,-111.4868333,Utah,8/15/16 4:50
5932,0.74,41.8771667,-112.378,Utah,8/15/16 6:36
5934,0.77,39.4508333,-111.0778333,Utah,8/15/16 6:51
6073,1.4,39.6965,-111.923,Utah,8/15/16 20:59
6356,1.34,41.7376667,-111.5863333,Utah,8/17/16 3:12
6357,1.61,41.7311667,-111.5961667,Utah,8/17/16 3:12
6358,0.73,41.74,-111.59,Utah,8/17/16 3:12
6419,1.36,37.8618333,-112.5271667,Utah,8/17/16 10:40
6624,1.17,38.2165,-112.2635,Utah,8/18/16 9:45
6631,1.02,37.685,-113.0005,Utah,8/18/16 10:51
6692,1.16,37.6353333,-112.9725,Utah,8/18/16 16:07
6783,1.67,38.3165,-112.1986667,Utah,8/19/16 2:58
6793,1.78,41.0625,-112.1048333,Utah,8/19/16 3:43
6824,1,37.345,-114.0993,Utah,8/19/16 6:37
7286,1.84,39.5853333,-111.1715,Utah,8/21/16 5:02
7307,0.67,38.2078333,-112.2675,Utah,8/21/16 6:31
7668,1.38,40.9153333,-111.555,Utah,8/22/16 19:46
7669,1.43,40.9096667,-111.5453333,Utah,8/22/16 19:46
7705,1.83,39.6958333,-111.9561667,Utah,8/22/16 23:03
7881,2.8,37.0523333,-112.8721667,Utah,8/23/16 16:47
7967,0.71,41.7946667,-112.3526667,Utah,8/24/16 3:04
7981,0.62,38.2005,-112.6348333,Utah,8/24/16 4:06
8001,2.19,38.7365,-109.2936667,Utah,8/24/16 6:08
8057,1.07,37.5486667,-113.3566667,Utah,8/24/16 13:11
3879,4.6,39.9451,67.5467,Uzbekistan,8/8/16 7:50
836,5.2,-20.7929,169.9542,Vanuatu,7/29/16 20:11
850,4.6,-14.4596,167.819,Vanuatu,7/29/16 20:49
2818,4.6,-18.6387,167.9488,Vanuatu,8/4/16 21:03
3352,4.7,-14.4212,166.1982,Vanuatu,8/6/16 17:35
4138,4.5,-12.825,166.6905,Vanuatu,8/9/16 4:22
7069,4.8,-18.6521,169.0538,Vanuatu,8/20/16 7:40
7213,5.1,-14.7816,167.1982,Vanuatu,8/20/16 22:30
7999,4.7,-19.5743,169.5848,Vanuatu,8/24/16 6:02
8022,4.9,-18.4186,167.5577,Vanuatu,8/24/16 9:06
2069,4.5,-14.9295,172.3,Vanuatu region,8/2/16 17:39
1969,4.2,10.8118,-62.2367,Venezuela,8/2/16 9:13
6494,4.8,8.6099,-70.6286,Venezuela,8/17/16 18:37
1152,1.8,18.6072,-64.657,Virgin Islands region,7/30/16 19:26
3406,1.94,36.6143333,-83.0436667,Virginia,8/6/16 21:34
75,1.3,47.3855,-121.7835,Washington,7/27/16 7:22
136,1.33,46.433,-122.3106667,Washington,7/27/16 13:00
150,1.62,48.2676667,-122.7643333,Washington,7/27/16 14:07
180,0.51,46.2615,-122.2033333,Washington,7/27/16 17:17
184,1.03,45.9655,-122.629,Washington,7/27/16 17:43
186,1.49,47.355,-119.2785,Washington,7/27/16 17:59
187,0.99,46.606,-119.8398333,Washington,7/27/16 18:01
190,1.36,46.2443333,-123.1063333,Washington,7/27/16 18:17
193,1.46,47.1195,-120.7686667,Washington,7/27/16 18:20
201,1.87,48.0113333,-119.8786667,Washington,7/27/16 19:11
264,0.24,46.9391667,-121.9333333,Washington,7/27/16 23:41
303,1.1,46.8546667,-121.7503333,Washington,7/28/16 2:43
361,0.5,47.0706667,-121.8106667,Washington,7/28/16 7:23
484,0.25,46.856,-121.7575,Washington,7/28/16 16:53
485,0.74,46.8541667,-121.7571667,Washington,7/28/16 16:54
486,0.37,46.8543333,-121.7583333,Washington,7/28/16 16:54
502,2.28,47.4456667,-123.1155,Washington,7/28/16 17:58
580,0.6,46.212,-122.1413333,Washington,7/28/16 23:54
592,0.36,46.2,-122.1861667,Washington,7/29/16 0:46
607,0.42,46.1976667,-122.1858333,Washington,7/29/16 2:29
659,0.96,47.1991667,-121.8881667,Washington,7/29/16 6:47
742,1.66,46.5671667,-123.4381667,Washington,7/29/16 13:28
785,1.23,48.0573333,-123.5111667,Washington,7/29/16 16:00
795,1.96,47.1756667,-121.8886667,Washington,7/29/16 17:04
825,1.34,45.6971667,-122.3186667,Washington,7/29/16 19:21
972,0.55,47.5823333,-122.8196667,Washington,7/30/16 4:25
980,1.32,47.2858333,-122.2896667,Washington,7/30/16 4:57
1022,1.68,47.5166667,-122.7708333,Washington,7/30/16 8:31
1089,0.65,46.834,-121.6996667,Washington,7/30/16 14:47
1117,0.54,46.8273333,-121.6963333,Washington,7/30/16 16:55
1127,0.84,46.3245,-122.2226667,Washington,7/30/16 17:38
1203,1.16,46.4846667,-122.4196667,Washington,7/30/16 22:22
1347,0.77,46.611,-122.1135,Washington,7/31/16 11:10
1372,0.31,47.6913333,-120.3411667,Washington,7/31/16 13:17
1393,3.5,47.1668333,-123.7083333,Washington,7/31/16 14:53
1400,0.34,46.195,-122.196,Washington,7/31/16 15:14
1465,0.38,46.2,-122.1986667,Washington,7/31/16 21:15
1534,1.36,47.5443333,-122.4811667,Washington,8/1/16 2:21
1584,0.52,46.3236667,-122.2223333,Washington,8/1/16 5:21
1587,0.86,46.3206667,-122.2275,Washington,8/1/16 5:31
1589,0.25,46.3248333,-122.2521667,Washington,8/1/16 5:45
1889,0.58,46.1998333,-122.1891667,Washington,8/2/16 2:46
1907,0.16,46.2003333,-122.193,Washington,8/2/16 4:15
2064,1.25,48.9656667,-122.0841667,Washington,8/2/16 17:15
2077,1.33,47.8806667,-122.464,Washington,8/2/16 18:13
2181,2.07,47.6926667,-121.493,Washington,8/3/16 2:39
2213,0.31,46.2115,-122.1935,Washington,8/3/16 5:22
2265,0.57,46.8426667,-121.9243333,Washington,8/3/16 9:00
2285,1.21,46.562,-121.6416667,Washington,8/3/16 10:40
2306,0.47,46.8598333,-121.763,Washington,8/3/16 11:49
2333,0.23,46.8561667,-121.7633333,Washington,8/3/16 13:34
2349,1.55,46.0136667,-122.8833333,Washington,8/3/16 15:13
2374,1.32,47.6693333,-121.9615,Washington,8/3/16 17:43
2386,1.3,47.6248333,-122.4031667,Washington,8/3/16 18:41
2416,0.67,46.1941667,-122.189,Washington,8/3/16 21:17
2916,1.29,46.9671667,-120.392,Washington,8/5/16 5:38
2932,1.76,47.7235,-123.9196667,Washington,8/5/16 7:55
3024,1.26,47.3718333,-122.0353333,Washington,8/5/16 17:00
3042,1.52,47.37,-122.0333333,Washington,8/5/16 18:38
3264,1.81,48.1283333,-122.6353333,Washington,8/6/16 10:26
3276,1.93,47.9326667,-122.1851667,Washington,8/6/16 11:01
3373,0.75,46.4733333,-122.3908333,Washington,8/6/16 19:11
3451,0.89,46.615,-121.919,Washington,8/7/16 1:20
3485,0.5,46.2,-122.182,Washington,8/7/16 4:02
3655,0.82,46.6743333,-121.9411667,Washington,8/7/16 16:56
3727,0.7,46.8863333,-121.9286667,Washington,8/7/16 22:27
3763,0.86,47.6936667,-121.5568333,Washington,8/8/16 1:12
3765,1.24,47.6938333,-121.5178333,Washington,8/8/16 1:16
3886,1.1,47.6468333,-122.6198333,Washington,8/8/16 8:02
3976,0.54,46.1961667,-122.1901667,Washington,8/8/16 14:46
4026,1.15,45.6398333,-122.3053333,Washington,8/8/16 18:50
4139,0.6,46.8835,-122.0233333,Washington,8/9/16 4:24
4154,0.74,45.9195,-121.939,Washington,8/9/16 6:21
4188,0.72,46.572,-121.7701667,Washington,8/9/16 9:11
4220,1.79,47.2893333,-122.2888333,Washington,8/9/16 12:45
4223,0.46,46.201,-122.189,Washington,8/9/16 13:19
4239,0.42,47.514,-122.9688333,Washington,8/9/16 15:08
4247,2.09,46.288,-117.9151667,Washington,8/9/16 16:15
4265,1.56,47.6363333,-120.3205,Washington,8/9/16 17:45
4319,0.73,47.2265,-121.5566667,Washington,8/9/16 21:34
4321,1.17,47.5371667,-122.436,Washington,8/9/16 21:38
4460,0.5,46.8465,-121.7538333,Washington,8/10/16 6:14
4488,0.54,46.8476667,-121.754,Washington,8/10/16 8:20
4524,0.17,46.342,-122.3556667,Washington,8/10/16 10:58
4584,0.41,46.848,-121.7568333,Washington,8/10/16 15:25
4623,2.59,48.9451667,-120.6663333,Washington,8/10/16 18:30
4737,0.87,47.7303333,-122.8458333,Washington,8/11/16 3:26
4751,0.88,46.6123333,-119.8443333,Washington,8/11/16 4:19
4798,0.5,46.1938333,-122.1796667,Washington,8/11/16 7:59
4899,1.76,47.9926667,-121.8956667,Washington,8/11/16 14:10
4964,0.38,46.1981667,-122.1868333,Washington,8/11/16 18:56
5038,0.29,46.313,-122.222,Washington,8/11/16 23:58
5170,0.58,46.938,-121.9548333,Washington,8/12/16 9:54
5208,1.22,46.4843333,-123.6831667,Washington,8/12/16 12:59
5357,1.72,47.6903333,-121.9063333,Washington,8/12/16 23:27
5370,0.22,46.16,-122.374,Washington,8/13/16 0:22
5403,0.74,46.8496667,-121.76,Washington,8/13/16 3:13
5437,0.9,46.6131667,-119.8465,Washington,8/13/16 6:13
5463,0.51,46.6133333,-119.848,Washington,8/13/16 8:33
5470,0.49,46.6085,-119.8458333,Washington,8/13/16 9:15
5482,0.66,46.7945,-121.8201667,Washington,8/13/16 10:17
5624,0.7,48.4691667,-122.0915,Washington,8/13/16 21:49
5633,1.43,47.4165,-121.8461667,Washington,8/13/16 22:43
5657,1.29,47.2826667,-122.2928333,Washington,8/14/16 0:40
5683,0.77,48.2213333,-121.741,Washington,8/14/16 4:25
5716,0.61,48.4601667,-121.946,Washington,8/14/16 8:00
5771,0.23,46.1998333,-122.2011667,Washington,8/14/16 12:11
5795,1.33,47.033,-122.0065,Washington,8/14/16 14:39
5833,1.78,47.6058333,-122.6146667,Washington,8/14/16 18:19
5863,0.91,47.7715,-122.3788333,Washington,8/14/16 22:35
6019,0.71,46.8676667,-121.7415,Washington,8/15/16 16:30
6094,1.11,47.9135,-121.9626667,Washington,8/15/16 23:21
6147,0.27,46.8451667,-121.7653333,Washington,8/16/16 6:10
6178,1.1,47.9313333,-121.5998333,Washington,8/16/16 10:14
6197,1.77,47.4683333,-121.5996667,Washington,8/16/16 12:15
6236,1.45,47.2848333,-122.2888333,Washington,8/16/16 15:46
6250,1.69,48.0833333,-121.9293333,Washington,8/16/16 16:30
6273,0.81,47.6058333,-123.4665,Washington,8/16/16 19:05
6408,1.14,48.5983333,-122.6636667,Washington,8/17/16 8:54
6421,0.84,47.7111667,-121.5423333,Washington,8/17/16 10:49
6467,1.96,45.8161667,-122.6191667,Washington,8/17/16 15:53
6470,1.21,46.5976667,-119.8601667,Washington,8/17/16 16:01
6476,1.65,46.2348333,-123.1413333,Washington,8/17/16 16:53
6499,1.21,47.286,-122.0616667,Washington,8/17/16 19:15
6502,0.66,46.3178333,-122.24,Washington,8/17/16 19:23
6526,0.46,46.199,-122.1805,Washington,8/17/16 22:30
6531,1.04,47.8461667,-122.7198333,Washington,8/17/16 22:54
6541,0.66,46.8945,-121.9456667,Washington,8/17/16 23:53
6571,0.67,46.8573333,-121.742,Washington,8/18/16 2:26
6625,2.77,46.5395,-121.6138333,Washington,8/18/16 10:11
6686,0.42,46.1968333,-122.1933333,Washington,8/18/16 15:32
6732,0.95,45.6938333,-122.3861667,Washington,8/18/16 21:03
6737,1.88,46.5378333,-121.6128333,Washington,8/18/16 21:24
6798,0.7,46.466,-122.3768333,Washington,8/19/16 4:02
6835,0.92,47.2743333,-122.8921667,Washington,8/19/16 7:38
6916,0.49,46.851,-121.7471667,Washington,8/19/16 16:20
6919,0.81,46.6071667,-119.8536667,Washington,8/19/16 16:35
6950,1.06,46.1043333,-122.8228333,Washington,8/19/16 19:30
7010,0.49,46.8483333,-121.7548333,Washington,8/20/16 2:32
7084,1.51,47.9208333,-124.6505,Washington,8/20/16 9:17
7172,1.24,46.3998333,-122.2625,Washington,8/20/16 19:48
7207,2.24,46.5395,-121.6176667,Washington,8/20/16 22:11
7211,1.02,46.5375,-121.622,Washington,8/20/16 22:20
7212,0.7,46.8338333,-121.741,Washington,8/20/16 22:21
7228,0.44,46.3796667,-122.3805,Washington,8/21/16 0:35
7229,1.16,47.982,-121.8855,Washington,8/21/16 0:35
7236,1.02,47.9591667,-121.8901667,Washington,8/21/16 1:10
7451,1.51,48.8536667,-122.1678333,Washington,8/21/16 20:38
7494,0.25,46.1411667,-122.2046667,Washington,8/22/16 0:10
7535,1.2,46.1696667,-121.907,Washington,8/22/16 4:18
7578,1.95,46.2023333,-122.1783333,Washington,8/22/16 9:18
7593,1.42,47.7246667,-122.3118333,Washington,8/22/16 11:14
7650,0.88,46.1981667,-122.1785,Washington,8/22/16 17:18
7656,1.19,46.857,-121.5995,Washington,8/22/16 18:44
7707,0.6,48.6285,-121.9878333,Washington,8/22/16 23:42
7748,2.16,47.3538333,-123.9013333,Washington,8/23/16 5:54
7829,0.04,46.2716667,-122.3896667,Washington,8/23/16 11:36
7874,1.6,47.615,-122.3388333,Washington,8/23/16 16:28
7878,0.24,46.1915,-122.1878333,Washington,8/23/16 16:41
7879,0.24,46.2003333,-122.1901667,Washington,8/23/16 16:44
7899,0.74,46.2553333,-122.9018333,Washington,8/23/16 19:28
7908,1.76,46.6211667,-120.768,Washington,8/23/16 20:20
7914,0.84,46.1976667,-122.179,Washington,8/23/16 20:51
7961,0.41,46.6973333,-121.8611667,Washington,8/24/16 2:23
8012,1.44,48.0828333,-120.6761667,Washington,8/24/16 7:27
8070,2.03,48.5615,-122.5503333,Washington,8/24/16 14:11
8087,1.46,48.5465,-122.5418333,Washington,8/24/16 16:57
8231,2.19,48.0065,-121.8445,Washington,8/25/16 8:17
8233,1.01,48.0065,-121.9166667,Washington,8/25/16 8:24
8330,1.02,46.5258333,-122.0085,Washington,8/25/16 15:24
8333,1.41,47.159,-121.8093333,Washington,8/25/16 15:40
3238,2.31,37.863,-82.1288333,West Virginia,8/6/16 8:39
4052,4.5,-49.281,123.2657,Western Indian-Antarctic Ridge,8/8/16 20:18
4652,4.7,34.4396,86.2437,Western Xizang,8/10/16 21:01
4988,4.7,34.4446,86.192,Western Xizang,8/11/16 20:46
338,1.33,44.5753333,-110.7636667,Wyoming,7/28/16 5:45
376,2.16,44.5768333,-110.7581667,Wyoming,7/28/16 8:34
385,1.86,44.5706667,-110.7598333,Wyoming,7/28/16 9:11
400,1.63,44.5698333,-110.761,Wyoming,7/28/16 9:56
401,0.74,44.5725,-110.7548333,Wyoming,7/28/16 9:59
404,0.57,44.5716667,-110.7626667,Wyoming,7/28/16 10:11
405,0.98,44.5711667,-110.7478333,Wyoming,7/28/16 10:11
418,0.81,44.572,-110.7541667,Wyoming,7/28/16 11:31
459,1.61,44.6655,-110.0355,Wyoming,7/28/16 14:41
467,1.75,44.5741667,-110.7581667,Wyoming,7/28/16 15:20
480,0.82,44.5658333,-110.7645,Wyoming,7/28/16 16:30
521,1.7,44.6766667,-110.041,Wyoming,7/28/16 19:31
522,1.51,44.6711667,-110.0411667,Wyoming,7/28/16 19:31
570,1.21,43.6576667,-110.7655,Wyoming,7/28/16 23:06
618,1.27,44.6221667,-110.3433333,Wyoming,7/29/16 3:29
953,1.27,43.0151667,-111.25,Wyoming,7/30/16 3:14
1672,1.34,44.2443333,-110.7926667,Wyoming,8/1/16 10:55
1728,1.43,44.3413333,-110.523,Wyoming,8/1/16 14:20
2248,2.07,44.6521667,-110.4315,Wyoming,8/3/16 7:47
2355,1.82,43.5161667,-110.4413333,Wyoming,8/3/16 15:46
2646,1.59,44.749,-110.66,Wyoming,8/4/16 7:59
2735,0.93,44.4805,-111.0578333,Wyoming,8/4/16 14:00
2738,0.94,44.4718333,-111.0643333,Wyoming,8/4/16 14:13
2849,0.59,44.4556667,-110.9576667,Wyoming,8/4/16 23:30
3067,0.73,44.4373333,-110.3295,Wyoming,8/5/16 21:10
3239,1.8,43.5345,-110.3905,Wyoming,8/6/16 8:43
5540,0.9,44.4608333,-111.0166667,Wyoming,8/13/16 14:53
5616,1.51,44.3098333,-111.0038333,Wyoming,8/13/16 21:10
5620,1.4,44.2993333,-110.9993333,Wyoming,8/13/16 21:23
6339,0.4,43.4936667,-110.201,Wyoming,8/17/16 1:35
6670,0.71,43.603,-110.5425,Wyoming,8/18/16 14:20
6843,1.51,44.6076667,-110.4188333,Wyoming,8/19/16 8:15
6844,0.6,44.598,-110.4166667,Wyoming,8/19/16 8:15
7155,1.28,43.213,-110.6263333,Wyoming,8/20/16 17:53
7636,1.66,43.2873333,-110.5725,Wyoming,8/22/16 15:37
7677,0.71,43.4723333,-110.5076667,Wyoming,8/22/16 20:19
7911,1.16,43.259,-111.2718333,Wyoming,8/23/16 20:34
1354,1.26,,,,7/31/16 12:02
1689,0.62,,,,8/1/16 12:10