artist,song,duration_ms,year,top half,danceability,energy,key,loudness,mode,speechiness,acousticness,instrumentalness,liveness,valence,tempo,genre,explicit,explicity binary
Britney Spears,Oops!...I Did It Again,211160,2000,1,0.751,0.834,1,-5.444,0,0.0437,0.3,1.77e-05,0.355,0.894,95.053,pop,False,0
blink-182,All The Small Things,167066,1999,1,0.434,0.897,0,-4.918,1,0.0488,0.0103,0.0,0.612,0.684,148.726,"rock, pop",False,0
Faith Hill,Breathe,250546,1999,1,0.529,0.496,7,-9.007,1,0.029,0.173,0.0,0.251,0.278,136.859,"pop, country",False,0
Bon Jovi,It's My Life,224493,2000,1,0.551,0.913,0,-4.063,0,0.0466,0.0263,1.35e-05,0.347,0.544,119.992,"rock, metal",False,0
*NSYNC,Bye Bye Bye,200560,2000,1,0.614,0.928,8,-4.806,0,0.0516,0.0408,0.00104,0.0845,0.879,172.656,pop,False,0
Sisqo,Thong Song,253733,1999,1,0.706,0.888,2,-6.959,1,0.0654,0.119,9.64e-05,0.07,0.714,121.549,"hip hop, pop, R&B",True,1
Eminem,The Real Slim Shady,284200,2000,1,0.949,0.661,5,-4.244,0,0.0572,0.0302,0.0,0.0454,0.76,104.504,hip hop,True,1
Robbie Williams,Rock DJ,258560,2000,1,0.708,0.772,7,-4.264,1,0.0322,0.0267,0.0,0.467,0.861,103.035,"pop, rock",False,0
Destiny's Child,Say My Name,271333,1999,1,0.713,0.678,5,-3.525,0,0.102,0.273,0.0,0.149,0.734,138.009,"pop, R&B",False,0
Modjo,Lady - Hear Me Tonight,307153,2001,1,0.72,0.808,6,-5.627,1,0.0379,0.00793,0.0293,0.0634,0.869,126.041,Dance/Electronic,False,0
Gigi D'Agostino,L'Amour Toujours,238759,2011,0,0.617,0.728,7,-7.932,1,0.0292,0.0328,0.0482,0.36,0.808,139.066,pop,False,0
Eiffel 65,Move Your Body - Gabry Ponte Original Radio Edit,268863,1999,1,0.745,0.958,7,-9.664,1,0.0287,0.0813,0.324,0.533,0.96,129.962,pop,False,0
Bomfunk MC's,Freestyler,306333,2000,1,0.822,0.922,11,-5.798,0,0.0989,0.0291,0.325,0.252,0.568,163.826,pop,False,0
Sting,Desert Rose,285960,1999,1,0.586,0.659,0,-7.92,0,0.0304,0.011,0.0,0.106,0.147,111.989,"rock, pop",False,0
Melanie C,Never Be The Same Again,294200,1999,1,0.689,0.685,3,-5.153,1,0.0478,0.0921,0.0,0.119,0.398,160.067,"pop, Dance/Electronic",False,0
Aaliyah,Try Again,284000,2002,0,0.797,0.622,6,-5.642,0,0.29,0.0807,0.0,0.0841,0.731,93.02,"hip hop, pop, R&B",False,0
Anastacia,I'm Outta Love - Radio Edit,245400,1999,1,0.761,0.716,10,-5.8,0,0.056,0.396,0.0,0.0771,0.649,119.41,pop,False,0
Alice Deejay,Better Off Alone,214883,2000,1,0.671,0.88,8,-6.149,0,0.0552,0.00181,0.691,0.285,0.782,136.953,pop,False,0
Gigi D'Agostino,The Riddle,285426,1999,1,0.74,0.876,6,-6.87,0,0.0369,0.0173,0.00152,0.0785,0.825,127.002,pop,False,0
Dr. Dre,The Next Episode,161506,1999,1,0.922,0.909,10,-2.429,0,0.27,0.0281,0.0,0.0856,0.309,95.295,hip hop,True,1
Linkin Park,In the End,216880,2000,1,0.556,0.864,3,-5.87,0,0.0584,0.00958,0.0,0.209,0.4,105.143,"rock, metal",False,0
Tom Jones,Sexbomb,211893,1999,1,0.801,0.876,8,-3.94,0,0.0446,0.144,1.38e-05,0.104,0.932,122.979,"rock, Folk/Acoustic, easy listening",False,0
Sonique,It Feels So Good,240866,2000,1,0.634,0.677,5,-7.278,0,0.0304,0.0117,0.00103,0.126,0.558,135.012,pop,False,0
M.O.P.,Cold as Ice,244466,2000,0,0.656,0.88,11,-5.425,0,0.143,0.0421,0.0,0.294,0.758,85.565,hip hop,True,1
Melanie C,I Turn To You,352173,1999,0,0.522,0.803,1,-5.825,1,0.0327,0.00117,0.00167,0.31,0.0783,135.205,"pop, Dance/Electronic",False,0
Limp Bizkit,Take A Look Around,321040,2000,1,0.425,0.852,11,-5.607,1,0.046,0.0175,0.306,0.0935,0.512,101.968,metal,False,0
Darude,Sandstorm,225493,2001,1,0.528,0.965,11,-7.984,0,0.0465,0.141,0.985,0.0797,0.587,136.065,"pop, Dance/Electronic",False,0
Da Brat,What'chu Like (feat. Tyrese),221160,2000,0,0.879,0.681,10,-8.951,0,0.24,0.017,0.0,0.0669,0.817,99.974,"hip hop, pop, R&B",True,1
Moloko,The Time Is Now,318280,2000,0,0.682,0.743,9,-10.644,0,0.165,0.35,0.000129,0.277,0.546,127.962,"pop, Dance/Electronic",False,0
Chicane,Don't Give Up,210786,2016,0,0.644,0.72,10,-9.635,0,0.0419,0.00145,0.504,0.0839,0.53,132.017,Dance/Electronic,False,0
DMX,Party Up,268866,1999,1,0.51,0.931,11,-3.302,1,0.347,0.0738,0.0,0.5,0.53,201.936,"hip hop, pop",True,1
Debelah Morgan,Dance with Me,220106,2000,0,0.85,0.674,7,-7.981,0,0.0373,0.309,0.000645,0.0356,0.74,115.005,"pop, R&B",False,0
Madonna,Music,225973,2000,1,0.736,0.802,7,-8.527,1,0.0663,0.00149,0.0876,0.14,0.871,119.854,pop,False,0
Ruff Endz,No More,242560,2000,0,0.839,0.641,10,-5.669,0,0.0858,0.0324,4.56e-06,0.0602,0.927,97.004,R&B,False,0
Britney Spears,Born to Make You Happy,243533,1999,1,0.633,0.922,11,-4.842,0,0.0454,0.116,0.000465,0.071,0.686,84.11,pop,False,0
Montell Jordan,Get It On Tonite,276266,1999,1,0.813,0.491,10,-9.923,0,0.077,0.241,4.61e-05,0.0817,0.868,99.008,"hip hop, pop, R&B",False,0
Kylie Minogue,Spinning Around,207866,2000,1,0.761,0.662,6,-7.645,0,0.0548,0.292,6.19e-05,0.0956,0.631,120.043,"pop, Dance/Electronic",False,0
JAY-Z,Big Pimpin',283066,1999,1,0.88,0.814,11,-6.307,0,0.14,0.168,0.00672,0.0584,0.942,138.083,hip hop,True,1
LeAnn Rimes,I Need You,229826,2001,1,0.478,0.736,7,-7.124,1,0.0367,0.02,9.58e-05,0.118,0.564,144.705,"pop, country",False,0
Avant,Separated,255600,2000,1,0.798,0.48,0,-5.564,1,0.0276,0.247,0.0,0.237,0.643,108.241,"pop, R&B",False,0
Enrique Iglesias,Be With You,219360,1999,0,0.683,0.866,1,-5.436,0,0.0329,0.0395,0.00161,0.0483,0.542,121.996,"pop, latin",False,0
Toni Braxton,He Wasn't Man Enough,261933,2000,1,0.739,0.947,11,-1.916,0,0.0411,0.00916,3.14e-05,0.326,0.766,88.009,"pop, R&B",False,0
Bow Wow,Bounce With Me (feat. Xscape) - Edited Album Version,175893,2000,0,0.852,0.75,8,-5.153,1,0.168,0.434,0.0,0.265,0.934,72.016,"hip hop, pop, R&B",False,0
Dr. Dre,Forgot About Dre,222293,1999,1,0.924,0.74,8,-1.299,1,0.0774,0.0827,0.0,0.163,0.621,133.974,hip hop,True,1
Missy Elliott,Hot Boyz,215466,1998,0,0.727,0.445,1,-11.241,1,0.291,0.339,0.0,0.18,0.527,81.125,"hip hop, pop, R&B",True,1
Backstreet Boys,Show Me the Meaning of Being Lonely,234960,1999,1,0.63,0.625,6,-5.088,0,0.0252,0.231,0.0,0.0765,0.683,167.998,pop,False,0
Samantha Mumba,Gotta Tell You,201946,2018,0,0.729,0.632,0,-8.75,0,0.0279,0.191,0.0,0.166,0.774,109.981,pop,False,0
Mýa,Case Of The Ex (Whatcha Gonna Do),236906,2000,1,0.772,0.688,1,-4.715,0,0.0405,0.0548,9.79e-05,0.0725,0.348,98.0,"pop, R&B",False,0
Mary Mary,Shackles (Praise You),198346,2000,1,0.779,0.834,7,-2.773,1,0.162,0.0343,0.0,0.0886,0.8,100.46,R&B,False,0
Next,Wifey,243666,2004,0,0.829,0.652,7,-8.693,0,0.108,0.067,0.0,0.0812,0.726,99.581,"hip hop, pop, R&B",False,0
Janet Jackson,Doesn't Really Matter,265026,2001,0,0.771,0.796,5,-3.081,0,0.076,0.0993,0.00278,0.0981,0.801,99.316,"pop, R&B",False,0
Ricky Martin,She Bangs - English Version,280626,2000,1,0.63,0.95,1,-4.012,1,0.0806,0.000915,6.51e-06,0.373,0.858,143.866,"pop, latin",False,0
Jagged Edge,He Can't Love U,244053,2000,1,0.721,0.836,8,-3.972,0,0.206,0.112,0.0,0.235,0.508,126.279,"hip hop, pop, R&B",False,0
Sisqo,Incomplete,274226,1999,1,0.746,0.443,1,-7.693,0,0.0771,0.282,0.0,0.14,0.272,119.311,"hip hop, pop, R&B",True,1
JAY-Z,I Just Wanna Love U (Give It 2 Me),227866,2000,1,0.8,0.922,4,-5.125,0,0.24,0.301,9.31e-06,0.0352,0.801,98.631,hip hop,True,1
Mariah Carey,Thank God I Found You (feat. Joe & 98°),257360,1999,1,0.348,0.532,10,-5.882,1,0.0331,0.592,0.0,0.106,0.148,129.297,"pop, R&B",False,0
Baha Men,Who Let The Dogs Out,198400,2000,1,0.869,0.887,0,-4.505,1,0.0993,0.0605,0.0,0.148,0.784,129.221,R&B,False,0
Donell Jones,"U Know What's Up (feat. Lisa ""Left Eye"" Lopes)",243733,1999,1,0.854,0.543,8,-6.166,0,0.0844,0.0402,5.73e-05,0.0419,0.868,103.032,"pop, R&B",True,1
LeAnn Rimes,Can't Fight The Moonlight,215506,2001,1,0.628,0.834,6,-6.341,0,0.0497,0.403,0.0,0.051,0.626,97.865,"pop, country",False,0
Oasis,Go Let It Out,278666,2000,0,0.408,0.849,2,-5.631,1,0.0333,0.0136,2.51e-05,0.56,0.628,84.192,"Folk/Acoustic, rock",False,0
DJ Ötzi,Hey Baby (Radio Mix),219240,2010,1,0.666,0.968,10,-3.196,1,0.046,0.123,0.0,0.347,0.834,135.099,"pop, easy listening, Dance/Electronic",False,0
P!nk,Most Girls,298960,2000,0,0.742,0.732,2,-6.046,0,0.0311,0.0424,0.00446,0.101,0.694,97.922,pop,False,0
Mariah Carey,Against All Odds (Take A Look at Me Now) (feat. Westlife),199480,2011,0,0.471,0.514,1,-5.599,1,0.0315,0.584,0.0,0.103,0.373,117.338,"pop, R&B",False,0
Craig David,Fill Me In,257200,2000,1,0.682,0.744,8,-6.981,1,0.0365,0.376,0.00951,0.06,0.827,132.493,"hip hop, pop, R&B",False,0
Christina Aguilera,I Turn to You,273706,1999,1,0.599,0.47,1,-8.356,1,0.0376,0.38,0.0,0.111,0.298,127.177,pop,False,0
Madonna,American Pie,273533,2000,1,0.631,0.734,5,-7.48,0,0.036,0.348,0.0,0.135,0.591,124.036,pop,False,0
Red Hot Chili Peppers,Otherside,255373,1999,1,0.458,0.795,0,-3.265,1,0.0574,0.00316,0.000202,0.0756,0.513,123.229,rock,False,0
Sammie,I Like It,251040,2000,1,0.826,0.656,9,-8.529,1,0.0617,0.0101,0.000113,0.0272,0.852,129.963,"hip hop, pop, R&B",False,0
Craig David,7 Days,235133,2000,1,0.659,0.812,4,-7.499,0,0.0487,0.23,0.0,0.0951,0.888,83.014,"hip hop, pop, R&B",False,0
Santana,Maria Maria (feat. The Product G&B),261973,1999,1,0.777,0.601,2,-5.931,1,0.126,0.0406,0.00201,0.0348,0.68,97.911,"rock, blues, latin",False,0
Kandi,Don't Think I'm Not,243533,2000,1,0.859,0.622,11,-8.196,1,0.0445,0.0661,0.0,0.0394,0.433,134.007,"pop, R&B",False,0
P!nk,There You Go,202800,2000,1,0.822,0.847,10,-6.729,0,0.0917,0.0854,0.0,0.0452,0.668,107.908,pop,False,0
Vengaboys,Shalala Lala,214819,2000,1,0.751,0.901,2,-5.802,1,0.0328,0.0504,0.00308,0.0395,0.973,124.017,pop,False,0
Ronan Keating,Life Is A Rollercoaster,234826,2000,1,0.655,0.791,0,-8.923,1,0.0302,0.1,0.000124,0.334,0.862,118.981,"pop, rock",False,0
Madison Avenue,Don't Call Me Baby,228140,1999,1,0.808,0.982,3,-6.588,0,0.0311,0.0585,0.00689,0.35,0.961,124.999,Dance/Electronic,False,0
Destiny's Child,"Jumpin', Jumpin'",230200,1999,1,0.771,0.685,1,-4.639,1,0.0567,0.00543,0.00157,0.0537,0.683,88.997,"pop, R&B",False,0
Céline Dion,That's the Way It Is,241373,1999,1,0.634,0.886,9,-5.424,1,0.0434,0.154,0.0,0.118,0.577,93.04,pop,False,0
3 Doors Down,Kryptonite,233933,2000,1,0.545,0.865,11,-5.708,0,0.0286,0.00664,1.1e-05,0.168,0.543,99.009,"pop, rock, metal",False,0
Carl Thomas,I Wish,226760,2000,0,0.736,0.666,1,-4.929,1,0.0337,0.0593,3.82e-05,0.107,0.224,89.824,"pop, R&B",False,0
Mystikal,Shake Ya Ass,256973,2000,1,0.914,0.607,7,-5.658,1,0.32,0.0626,0.0,0.0515,0.666,98.054,"hip hop, pop",True,1
Fuel,Hemorrhage (In My Hands),236866,2000,0,0.313,0.831,1,-3.894,1,0.0404,0.000127,0.000341,0.24,0.332,152.034,"rock, pop, metal",False,0
Donell Jones,Where I Wanna Be,253626,1999,1,0.664,0.396,5,-9.131,0,0.0298,0.52,0.0,0.268,0.453,102.053,"pop, R&B",False,0
Savage Garden,Crash and Burn,281466,1999,0,0.581,0.607,4,-8.458,1,0.028,0.189,1.6e-06,0.0882,0.213,102.03,pop,False,0
Westlife,My Love,231760,2000,1,0.491,0.593,0,-5.975,1,0.0255,0.098,0.0,0.257,0.328,144.142,pop,False,0
All Saints,Pure Shores,268746,2000,1,0.631,0.664,6,-9.197,1,0.0242,0.0498,0.00042,0.0696,0.407,100.618,pop,False,0
Destiny's Child,"Independent Women, Pt. 1",221133,2001,1,0.73,0.602,6,-3.782,0,0.206,0.362,3.69e-06,0.169,0.927,97.954,"pop, R&B",False,0
*NSYNC,It's Gonna Be Me,191040,2000,1,0.644,0.874,0,-4.666,0,0.0801,0.0459,2.24e-06,0.0584,0.882,165.09,pop,False,0
Erykah Badu,Bag Lady,348893,2000,0,0.724,0.416,5,-8.964,0,0.0841,0.365,0.0,0.0969,0.578,151.181,"hip hop, R&B",False,0
Marc Anthony,You Sang To Me,347106,1999,1,0.578,0.894,10,-5.42,1,0.0296,0.0103,2.66e-06,0.216,0.741,165.98,"pop, latin",False,0
Matchbox Twenty,Bent,256133,2000,0,0.518,0.83,6,-6.814,0,0.0386,0.0404,3.85e-06,0.375,0.527,95.468,"pop, rock",False,0
Gabrielle,Rise,219093,2001,1,0.558,0.481,8,-9.487,1,0.026,0.315,8.83e-06,0.09,0.631,144.673,"pop, R&B",False,0
Backstreet Boys,Shape of My Heart,230093,2000,1,0.575,0.786,9,-4.353,1,0.0296,0.252,0.0,0.159,0.518,96.102,pop,False,0
Creed,With Arms Wide Open,274800,1999,1,0.41,0.539,0,-8.412,1,0.0302,0.00425,0.00089,0.117,0.141,138.852,"pop, rock, metal",False,0
The Corrs,Breathless,207506,2000,1,0.607,0.82,11,-7.754,1,0.0597,0.0541,6.8e-05,0.269,0.768,126.988,"pop, Folk/Acoustic",False,0
Joe,I Wanna Know,296693,2000,1,0.725,0.487,8,-5.959,0,0.0368,0.26,1.09e-05,0.431,0.599,136.086,"pop, R&B",False,0
Wheatus,Teenage Dirtbag,241666,1999,1,0.625,0.85,4,-3.904,1,0.0495,0.346,0.000233,0.174,0.633,94.661,set(),True,1
Christina Aguilera,Come on over Baby (All I Want Is You) - Radio Version,203333,1999,1,0.829,0.915,8,-3.205,1,0.106,0.226,1.25e-05,0.246,0.779,118.903,pop,False,0
Creed,Higher,316733,1999,1,0.459,0.83,2,-6.254,1,0.0364,5.15e-05,0.00014,0.206,0.431,155.827,"pop, rock, metal",False,0
Britney Spears,Lucky,206226,2000,1,0.765,0.791,8,-5.707,1,0.0317,0.262,0.000154,0.0669,0.966,95.026,pop,False,0
Nelly,Country Grammar (Hot Shit),287000,2000,1,0.865,0.664,2,-6.822,1,0.108,0.00689,0.0,0.142,0.565,162.831,"hip hop, pop, R&B",True,1
Shaggy,It Wasn't Me,227600,2000,1,0.853,0.606,0,-4.596,1,0.0713,0.0561,0.0,0.313,0.654,94.759,"hip hop, pop",False,0
Destiny's Child,Survivor,254026,2001,1,0.514,0.911,1,-2.027,0,0.41,0.0559,0.0,0.775,0.619,161.109,"pop, R&B",False,0
Eminem,Stan,404106,2000,1,0.78,0.768,6,-4.325,0,0.238,0.0371,2.34e-06,0.518,0.507,80.063,hip hop,True,1
Kylie Minogue,Can't Get You out of My Head,230640,2001,1,0.766,0.563,9,-7.516,0,0.0339,0.0263,0.683,0.115,0.964,126.007,"pop, Dance/Electronic",False,0
Christina Aguilera,"Lady Marmalade - From ""Moulin Rouge"" Soundtrack",264893,2001,1,0.76,0.801,5,-3.769,1,0.0534,0.0144,1.49e-05,0.665,0.653,109.919,pop,False,0
Nelly Furtado,I'm Like A Bird,243160,2000,0,0.622,0.608,10,-5.085,1,0.036,0.138,5.38e-06,0.273,0.607,89.661,"hip hop, pop, latin",False,0
Shakira,"Whenever, Wherever",196160,2001,1,0.794,0.832,1,-4.862,0,0.0407,0.237,1.14e-05,0.203,0.871,107.657,"pop, latin",False,0
Jimmy Eat World,The Middle,165853,2001,1,0.643,0.849,2,-5.428,1,0.0526,0.0371,0.0,0.058,0.903,162.152,"rock, pop",False,0
Train,Drops of Jupiter (Tell Me),259933,2001,1,0.481,0.638,0,-5.862,1,0.0276,0.153,0.0,0.154,0.497,79.064,pop,False,0
Geri Halliwell,It's Raining Men,254640,2001,1,0.637,0.929,5,-6.03,0,0.0447,0.063,0.00796,0.318,0.604,136.482,pop,False,0
Blu Cantrell,Hit 'Em Up Style (Oops!),250706,2001,1,0.667,0.773,5,-4.983,0,0.0586,0.201,0.0,0.404,0.667,89.976,"pop, R&B",False,0
Britney Spears,I'm a Slave 4 U,203600,2001,1,0.847,0.843,5,-3.579,0,0.106,0.415,0.000134,0.107,0.963,110.027,pop,False,0
Kylie Minogue,In Your Eyes,197826,2001,1,0.689,0.894,6,-6.342,0,0.0672,0.133,4.72e-05,0.0681,0.709,123.971,"pop, Dance/Electronic",False,0
Missy Elliott,One Minute Man (feat. Ludacris),252986,2001,1,0.622,0.669,9,-8.419,1,0.329,0.0266,2.97e-06,0.152,0.57,93.839,"hip hop, pop, R&B",True,1
Mary J. Blige,Family Affair,265866,2001,1,0.911,0.551,8,-3.75,0,0.0449,0.132,4.12e-05,0.0863,0.969,92.887,"pop, R&B",False,0
Faithless,We Come 1 - Radio Edit,222435,2015,0,0.645,0.903,5,-10.587,0,0.0441,0.00188,0.799,0.147,0.61,135.977,"pop, Dance/Electronic",False,0
Limp Bizkit,Rollin' (Air Raid Vehicle),213760,2000,1,0.603,0.933,1,-3.358,1,0.171,0.00591,0.0,0.206,0.709,96.306,metal,True,1
Lasgo,Something,220973,2001,1,0.643,0.981,7,-6.644,0,0.0439,0.0271,8.93e-05,0.11,0.38,140.01,pop,False,0
iio,Rapture (feat.Nadia Ali),253586,2006,0,0.661,0.855,8,-8.403,1,0.0377,0.0722,0.0185,0.199,0.601,123.943,Dance/Electronic,False,0
Emma Bunton,What Took You So Long?,241000,2001,0,0.668,0.772,9,-5.4,0,0.0307,0.123,0.0,0.341,0.911,118.011,pop,False,0
112,It's Over Now,264933,2001,1,0.66,0.71,1,-4.541,1,0.0409,0.0106,7.01e-06,0.0736,0.233,97.988,"hip hop, pop, R&B",False,0
Blue,All Rise,223546,2001,1,0.721,0.737,5,-2.734,0,0.0324,0.121,0.0,0.165,0.931,97.996,pop,False,0
Jessica Simpson,Irresistible,194026,2001,0,0.657,0.965,8,-2.771,0,0.0556,0.0285,8.84e-05,0.0552,0.669,93.013,"pop, R&B",False,0
Crazy Town,Butterfly,216733,1999,1,0.736,0.811,9,-4.17,0,0.081,0.00132,0.000142,0.107,0.609,103.502,"rock, metal",False,0
Michael Jackson,You Rock My World,337733,2001,1,0.854,0.673,4,-3.132,0,0.185,0.038,0.000227,0.255,0.955,95.0,"pop, R&B",False,0
Eve,Let Me Blow Ya Mind,230133,2001,1,0.908,0.557,8,-4.243,0,0.107,0.242,0.0,0.0709,0.897,90.032,"hip hop, pop, R&B",True,1
Jennifer Lopez,Ain't It Funny,246160,2001,0,0.707,0.869,5,-4.525,0,0.0481,0.104,0.000121,0.0813,0.621,99.825,"hip hop, pop, R&B",False,0
Brandy,Another Day in Paradise - R&B-Version,271626,2002,0,0.7,0.787,6,-5.176,0,0.0327,0.00666,3.68e-05,0.0724,0.556,102.043,"hip hop, pop, R&B",False,0
Nickelback,How You Remind Me,223840,2001,1,0.446,0.764,10,-5.042,1,0.033,0.00135,0.0,0.099,0.543,172.094,"rock, metal",False,0
Daft Punk,One More Time,320357,2001,1,0.613,0.697,2,-8.618,1,0.133,0.0194,0.0,0.332,0.476,122.746,"hip hop, Dance/Electronic",False,0
Outkast,Ms. Jackson,270506,2000,1,0.843,0.806,4,-5.946,0,0.269,0.143,0.0,0.0771,0.613,94.948,"hip hop, pop",True,1
Fragma,Everytime You Need Me - Radio Version,213346,2001,0,0.682,0.917,11,-5.459,0,0.0318,0.15,0.0676,0.34,0.79,137.029,"pop, Dance/Electronic",False,0
Mariah Carey,Loverboy,229173,2001,0,0.721,0.79,1,-4.125,1,0.124,0.183,0.0,0.1,0.821,103.141,"pop, R&B",False,0
Dido,Thank You,218360,1999,1,0.725,0.583,1,-9.942,0,0.0427,0.3,0.000238,0.0665,0.762,79.984,pop,False,0
Joe,Stutter (feat. Mystikal) - Double Take Remix,213026,2000,1,0.767,0.759,6,-6.516,1,0.117,0.0513,0.0,0.31,0.677,89.989,"pop, R&B",False,0
P.O.D.,Youth of the Nation,256240,2001,1,0.563,0.86,8,-7.533,1,0.0621,0.00834,0.0106,0.39,0.517,97.867,"rock, metal",False,0
Jennifer Lopez,Play,211493,2001,1,0.775,0.729,1,-4.229,0,0.162,0.0303,0.00247,0.0361,0.895,104.719,"hip hop, pop, R&B",True,1
Missy Elliott,Get Ur Freak On,211120,2001,1,0.797,0.75,0,-9.369,1,0.247,0.533,0.108,0.095,0.74,177.87,"hip hop, pop, R&B",True,1
Ricky Martin,Nobody Wants to Be Lonely (with Christina Aguilera),252706,2008,0,0.635,0.854,10,-5.02,0,0.0612,0.00579,0.0083,0.0623,0.59,100.851,"pop, latin",False,0
Christina Milian,AM To PM,231213,2001,1,0.872,0.868,10,-3.036,0,0.12,0.153,2.26e-05,0.843,0.822,105.005,"hip hop, pop, R&B",False,0
Roger Sanchez,Another Chance,452906,2000,0,0.61,0.82,3,-10.029,1,0.0312,0.000211,0.146,0.138,0.45,127.993,Dance/Electronic,False,0
Gorillaz,Clint Eastwood,340920,2001,1,0.663,0.694,10,-8.627,0,0.171,0.0253,0.0,0.0698,0.525,167.953,hip hop,True,1
2Pac,Until The End Of Time,266506,2001,1,0.757,0.706,8,-6.665,1,0.203,0.0267,0.0,0.197,0.375,96.976,hip hop,True,1
Tamia,Stranger in My House,285386,2000,0,0.676,0.601,0,-4.905,1,0.0297,0.103,0.0,0.147,0.206,119.94,"pop, R&B",False,0
Mary J. Blige,No More Drama,326240,2001,1,0.653,0.837,6,-6.818,0,0.124,0.534,7.12e-05,0.0784,0.64,97.914,"pop, R&B",False,0
Jennifer Lopez,Love Don't Cost a Thing,221226,2001,1,0.786,0.842,4,-5.115,0,0.0707,0.00305,3.54e-06,0.473,0.685,97.577,"hip hop, pop, R&B",False,0
Jamiroquai,Little L,295400,2001,1,0.878,0.724,10,-5.373,0,0.129,0.168,0.0116,0.133,0.904,121.906,pop,False,0
Case,Missing You,284666,2001,1,0.612,0.579,1,-6.417,0,0.0553,0.285,0.0,0.0556,0.716,86.31,"hip hop, pop, R&B",False,0
Five,Let's Dance - Radio Edit,218626,2001,0,0.631,0.821,4,-7.853,0,0.0867,0.00876,0.000247,0.293,0.547,118.007,pop,False,0
Rui Da Silva,Touch Me (Radio Edit) [feat. Cassandra],213133,2001,0,0.464,0.922,0,-8.399,1,0.0638,0.124,0.227,0.0546,0.695,129.078,Dance/Electronic,False,0
Alien Ant Farm,Smooth Criminal,209266,2001,1,0.653,0.964,9,-4.261,0,0.0582,0.00316,0.00512,0.144,0.87,126.928,"rock, metal",False,0
Erick Sermon,Music (feat. Marvin Gaye),223133,2001,1,0.897,0.466,10,-9.053,0,0.203,0.187,1.35e-06,0.0757,0.884,100.01,"hip hop, pop",True,1
D12,Purple Pills,304506,2001,1,0.78,0.634,1,-5.941,1,0.16,0.0199,2.98e-05,0.29,0.754,125.25,"hip hop, pop, rock",True,1
Usher,Pop Ya Collar - Radio Edit,210813,2016,0,0.888,0.8,5,-3.944,0,0.0946,0.0901,2.12e-05,0.229,0.866,106.957,"hip hop, pop, R&B",False,0
Madonna,Don't Tell Me,280973,2000,0,0.699,0.618,7,-7.338,1,0.0594,0.0502,0.000925,0.0914,0.679,99.965,pop,False,0
Blue,If You Come Back,207560,2001,1,0.582,0.707,10,-4.487,1,0.0319,0.0822,0.0,0.0467,0.701,78.375,pop,False,0
Atomic Kitten,Eternal Flame - Single Version,195506,2001,1,0.578,0.581,0,-6.867,1,0.0318,0.0658,0.0042,0.0674,0.408,83.293,pop,False,0
Jagged Edge,Where the Party At (feat. Nelly),232573,2001,1,0.596,0.661,5,-6.239,0,0.226,0.31,0.0,0.0847,0.86,129.491,"hip hop, pop, R&B",False,0
Afroman,Because I Got High,197760,2001,1,0.802,0.341,7,-8.56,1,0.488,0.169,0.0,0.0783,0.849,166.01,hip hop,True,1
S Club 7,Don't Stop Movin',233626,2001,1,0.822,0.672,7,-6.133,1,0.0329,0.0285,0.0,0.213,0.91,117.033,pop,False,0
Craig David,Fill Me In,257200,2000,1,0.682,0.744,8,-6.981,1,0.0365,0.376,0.00951,0.06,0.827,132.493,"hip hop, pop, R&B",False,0
Nelly Furtado,Turn Off The Light,276106,2000,0,0.587,0.679,2,-6.26,1,0.0927,0.0839,0.000316,0.413,0.65,180.184,"hip hop, pop, latin",False,0
The Supermen Lovers,Starlight - Radio Edit,234400,2001,1,0.739,0.679,0,-5.079,1,0.0373,0.000424,0.0187,0.389,0.786,127.487,Dance/Electronic,False,0
Mis-Teeq,All I Want - Sunship Radio Edit,207400,2004,0,0.795,0.919,9,-3.07,0,0.0835,0.37,0.00863,0.189,0.96,134.079,"pop, Dance/Electronic",False,0
Jagged Edge,Promise,246720,2000,1,0.751,0.568,5,-5.431,0,0.0872,0.136,0.0,0.0288,0.646,128.002,"hip hop, pop, R&B",False,0
S Club 7,Have You Ever,201533,2001,1,0.585,0.702,0,-5.734,1,0.0325,0.538,0.0,0.216,0.51,139.909,pop,False,0
Enya,Only Time,218546,2000,1,0.418,0.249,3,-13.744,1,0.0301,0.841,0.661,0.112,0.213,82.803,"World/Traditional, Folk/Acoustic",False,0
Faith Hill,There You'll Be,222120,2001,1,0.321,0.511,8,-7.77,1,0.0306,0.513,0.0,0.127,0.17,128.98,"pop, country",False,0
Ronan Keating,Lovin' Each Day,212973,2000,1,0.541,0.899,1,-6.261,1,0.0633,0.0178,2.95e-06,0.286,0.829,106.676,"pop, rock",False,0
Destiny's Child,Bootylicious,207906,2001,1,0.84,0.835,1,-4.386,0,0.275,0.00281,1.11e-06,0.152,0.637,103.376,"pop, R&B",False,0
Steps,It's the Way You Make Me Feel,197360,2000,0,0.573,0.665,8,-5.081,1,0.0239,0.108,2.09e-06,0.095,0.347,105.006,"pop, Dance/Electronic",False,0
Sunshine Anderson,Heard It All Before,295826,2001,1,0.697,0.925,3,-4.209,0,0.216,0.0614,0.0,0.095,0.678,96.951,"pop, R&B",False,0
Lenny Kravitz,Again,231666,2000,1,0.55,0.804,2,-5.218,1,0.0271,0.0148,4.33e-05,0.105,0.789,79.166,"rock, pop",False,0
Daniel Bedingfield,Gotta Get Thru This - D'N'D Radio Edit,162333,2002,0,0.836,0.762,7,-5.044,0,0.0598,0.0826,5.48e-05,0.102,0.941,133.592,pop,False,0
DB Boulevard,Point Of View - Radio Edit,231166,2018,0,0.676,0.715,6,-6.854,1,0.0287,0.00284,0.0746,0.0685,0.275,129.006,Dance/Electronic,False,0
Janet Jackson,All For You,329933,2001,1,0.753,0.934,2,-3.011,1,0.0736,0.0174,0.065,0.128,0.73,113.525,"pop, R&B",False,0
Atomic Kitten,Whole Again,185013,2001,1,0.747,0.706,4,-4.653,1,0.0413,0.0844,0.00355,0.174,0.567,94.019,pop,False,0
Ja Rule,Livin' It Up,257066,2001,1,0.874,0.768,6,-4.086,1,0.311,0.0554,0.0,0.041,0.636,106.095,"hip hop, pop, R&B",False,0
Destiny's Child,"Independent Women, Pt. 1",221133,2001,1,0.73,0.602,6,-3.782,0,0.206,0.362,3.69e-06,0.169,0.927,97.954,"pop, R&B",False,0
DJ Pied Piper & The Masters Of Ceremonies,Do You Really Like It? - Radio Edit,217120,2001,0,0.847,0.877,2,-5.424,1,0.0493,0.124,0.0,0.148,0.764,131.044,Dance/Electronic,False,0
Jennifer Lopez,I'm Real (feat. Ja Rule) - Murder Remix,262133,2001,1,0.708,0.587,11,-7.93,0,0.151,0.273,0.0,0.0718,0.554,83.46,"hip hop, pop, R&B",True,1
Musiq Soulchild,Love,304666,2000,0,0.569,0.385,1,-9.919,0,0.0499,0.342,0.0,0.0876,0.339,99.738,"pop, R&B",False,0
So Solid Crew,21 Seconds,302826,2001,0,0.607,0.637,1,-11.072,1,0.241,0.0191,0.0,0.124,0.818,137.03,Dance/Electronic,True,1
Robbie Williams,Eternity,302760,2001,0,0.469,0.316,10,-8.106,1,0.0265,0.504,6.04e-06,0.0919,0.199,77.967,"pop, rock",False,0
Basement Jaxx,Romeo,217493,2001,0,0.713,0.829,2,-4.171,1,0.0491,0.00769,0.00203,0.139,0.844,126.853,"pop, Dance/Electronic",False,0
Ludacris,Southern Hospitality (Featuring Pharrell),300933,2000,0,0.623,0.896,0,-4.719,1,0.247,0.035,0.0,0.0941,0.613,95.158,"hip hop, pop",True,1
Gabrielle,Rise,219093,2001,1,0.558,0.481,8,-9.487,1,0.026,0.315,8.83e-06,0.09,0.631,144.673,"pop, R&B",False,0
Nelly,Ride Wit Me,291781,2000,1,0.85,0.7,7,-6.49,1,0.0478,0.0616,1.8e-06,0.244,0.722,101.875,"hip hop, pop, R&B",True,1
Trick Daddy,I'm a Thug,254400,2001,1,0.933,0.561,11,-5.961,1,0.122,0.0275,0.0,0.102,0.586,139.976,"hip hop, pop",True,1
Travis,Sing,228800,2001,1,0.33,0.905,4,-5.047,1,0.0497,0.000233,8.14e-06,0.0712,0.259,163.142,"rock, pop",False,0
JAY-Z,Izzo (H.O.V.A.),240626,2001,1,0.618,0.844,1,-4.051,0,0.342,0.0178,0.000126,0.0634,0.697,84.411,hip hop,True,1
Gabrielle,Out Of Reach,196986,2001,1,0.51,0.48,11,-6.567,1,0.0452,0.503,0.0,0.106,0.496,182.862,"pop, R&B",False,0
OPM,Heaven Is a Halfpipe (If I Die),257426,2000,1,0.743,0.894,8,-6.886,1,0.0349,0.0755,0.00283,0.367,0.77,95.9,rock,True,1
K-Ci & JoJo,Crazy,262773,2019,0,0.68,0.644,0,-4.507,1,0.0258,0.084,0.0,0.549,0.484,116.097,"pop, R&B",False,0
Staind,It's Been Awhile,264706,2001,1,0.509,0.774,6,-4.054,1,0.0338,0.00189,0.000549,0.143,0.0824,116.529,"rock, metal",True,1
3LW,No More (Baby I'ma Do Right),263440,2000,1,0.721,0.723,2,-7.08,0,0.0631,0.102,4.4e-06,0.0651,0.761,88.933,"pop, R&B",False,0
Ginuwine,Differences,265533,2001,1,0.562,0.594,3,-4.578,0,0.0558,0.318,0.0,0.311,0.423,62.876,"hip hop, pop, R&B",False,0
*NSYNC,Gone,292000,2001,0,0.699,0.403,11,-8.564,0,0.0614,0.421,0.0,0.126,0.5,113.922,pop,False,0
Lifehouse,Hanging By A Moment,216360,2000,1,0.537,0.858,1,-4.903,1,0.0349,0.000966,0.0,0.0812,0.502,124.599,"pop, rock, metal",False,0
Nelly,Dilemma,289160,2002,1,0.727,0.552,2,-8.074,0,0.14,0.227,0.000164,0.198,0.607,168.189,"hip hop, pop, R&B",True,1
Eminem,Without Me,290320,2002,1,0.908,0.669,7,-2.827,1,0.0738,0.00286,0.0,0.237,0.662,112.238,hip hop,True,1
Avril Lavigne,Complicated,244506,2002,1,0.585,0.776,5,-5.898,1,0.0459,0.0572,7.74e-06,0.3,0.427,77.987,pop,False,0
Vanessa Carlton,A Thousand Miles,237493,2002,1,0.56,0.825,11,-3.862,1,0.0379,0.323,0.0,0.161,0.268,94.931,"Folk/Acoustic, pop",False,0
The Calling,Wherever You Will Go,208600,2001,1,0.558,0.719,2,-5.113,1,0.0267,0.0367,0.0,0.115,0.371,112.027,pop,False,0
Shakira,Underneath Your Clothes,224066,2001,1,0.616,0.597,8,-5.328,1,0.0415,0.691,0.0,0.104,0.362,165.508,"pop, latin",False,0
No Doubt,Underneath It All,302720,2001,0,0.729,0.731,4,-4.822,1,0.0684,0.232,1.57e-06,0.391,0.839,138.202,"rock, pop",False,0
Truth Hurts,Addictive,226440,2002,1,0.701,0.677,11,-6.591,0,0.147,0.0737,0.000162,0.187,0.367,99.271,"pop, R&B",True,1
Busta Rhymes,I Know What You Want (feat. Flipmode Squad),324306,2002,1,0.648,0.759,6,-4.315,1,0.306,0.0142,0.0,0.648,0.518,85.996,"hip hop, pop",True,1
Eminem,Till I Collapse,297786,2002,1,0.548,0.847,1,-3.237,1,0.186,0.0622,0.0,0.0816,0.1,171.447,hip hop,True,1
Diddy,"I Need a Girl (Pt. 2) [feat. Loon, Ginuwine & Mario Winans]",285586,2004,1,0.713,0.471,1,-7.392,0,0.483,0.421,0.0,0.0308,0.779,199.764,"hip hop, pop",False,0
Christina Milian,When You Look At Me - Radio Edit,222546,2001,1,0.955,0.839,3,-3.399,0,0.127,0.0934,0.000175,0.099,0.825,108.955,"hip hop, pop, R&B",False,0
Madonna,Die Another Day,276360,2003,0,0.792,0.797,0,-5.166,0,0.0901,0.062,0.00325,0.0896,0.491,123.993,pop,False,0
Jennifer Lopez,I'm Gonna Be Alright (feat. Nas),172240,2002,0,0.718,0.69,10,-4.382,0,0.265,0.106,0.0,0.271,0.774,93.401,"hip hop, pop, R&B",False,0
Angie Martinez,If I Could Go! (feat. Lil' Mo & Sacario),244466,2019,0,0.583,0.643,9,-7.486,0,0.355,0.171,0.0,0.0395,0.7,195.685,pop,False,0
Linkin Park,In the End,216880,2000,1,0.556,0.864,3,-5.87,0,0.0584,0.00958,0.0,0.209,0.4,105.143,"rock, metal",False,0
Las Ketchup,The Ketchup Song (Aserejé) - Spanglish Version,213973,2002,1,0.607,0.923,1,-6.777,1,0.0948,0.0193,1.1e-06,0.0924,0.868,184.819,set(),False,0
Aaliyah,Rock The Boat,275026,2019,0,0.641,0.72,5,-5.209,1,0.0336,0.0688,0.00286,0.193,0.418,92.988,"hip hop, pop, R&B",False,0
Holly Valance,Kiss Kiss,204400,2002,0,0.705,0.717,4,-4.944,0,0.125,0.00369,0.461,0.0701,0.554,97.036,"pop, Dance/Electronic",False,0
Sugababes,Round Round,236426,2002,1,0.74,0.845,6,-3.802,0,0.0338,0.00287,6.23e-06,0.115,0.749,126.607,"pop, R&B",False,0
Marilyn Manson,Tainted Love,200426,2003,1,0.622,0.876,8,-7.779,1,0.0728,0.00107,1.83e-06,0.292,0.537,142.017,"rock, metal",False,0
Brandy,What About Us?,253200,2002,0,0.686,0.698,5,-2.942,0,0.223,0.263,0.0,0.39,0.748,93.118,"hip hop, pop, R&B",False,0
Chad Kroeger,Hero (feat. Josey Scott),200480,2003,1,0.427,0.843,4,-4.54,1,0.0364,0.00216,0.0,0.179,0.304,147.387,metal,False,0
Britney Spears,Overprotected - Radio Edit,198600,2001,1,0.682,0.894,0,-1.73,0,0.0727,0.0381,0.0,0.416,0.845,95.992,pop,False,0
Scooter,The Logical Song,234116,2013,0,0.527,0.933,6,-6.277,0,0.0382,0.00112,0.0362,0.425,0.493,144.043,"pop, Dance/Electronic",False,0
Missy Elliott,4 My People (feat. Eve),289373,2001,0,0.969,0.701,1,-7.503,1,0.156,0.14,0.00161,0.201,0.905,121.392,"hip hop, pop, R&B",True,1
Aaliyah,More Than A Woman,230346,2002,0,0.646,0.638,11,-5.803,1,0.0787,0.0556,0.0014,0.182,0.74,86.994,"hip hop, pop, R&B",False,0
Brandy,Full Moon,248933,2002,0,0.611,0.654,10,-4.823,0,0.139,0.372,0.00432,0.0926,0.609,105.922,"hip hop, pop, R&B",False,0
Blue,One Love,207186,2002,1,0.683,0.722,8,-4.039,0,0.0358,0.0243,4.2e-05,0.35,0.854,95.012,pop,False,0
Busta Rhymes,Pass The Courvoisier Part II (feat. P. Diddy & Pharrell) - Remix,238600,2001,1,0.697,0.793,6,-4.699,0,0.323,0.0844,0.0,0.0619,0.56,89.767,"hip hop, pop",True,1
Céline Dion,A New Day Has Come - Radio Remix,259773,2001,1,0.574,0.691,6,-5.103,1,0.035,0.0826,1.65e-05,0.149,0.195,91.969,pop,False,0
Scooter,Nessaja,208449,2013,0,0.486,0.904,2,-6.642,1,0.0364,0.000748,0.0984,0.187,0.118,143.048,"pop, Dance/Electronic",False,0
Eve,Gangsta Lovin',239266,2002,1,0.723,0.84,1,-3.523,0,0.0608,0.0619,0.0,0.0945,0.827,94.332,"hip hop, pop, R&B",True,1
Disturbing Tha Peace,Move Bitch,272293,2002,1,0.777,0.751,1,-5.692,1,0.133,0.245,0.0,0.1,0.191,177.894,"hip hop, pop",True,1
Khia,"My Neck, My Back (Lick It)",222560,2015,1,0.859,0.625,9,-4.234,0,0.13,0.0296,0.0,0.0537,0.71,102.072,"pop, R&B",True,1
Tweet,Oops (Oh My) [feat. Missy Elliott],237800,2002,1,0.66,0.536,10,-8.786,0,0.29,0.233,0.00669,0.111,0.775,159.963,"hip hop, pop, R&B",True,1
Kylie Minogue,Spinning Around,207866,2000,1,0.761,0.662,6,-7.645,0,0.0548,0.292,6.19e-05,0.0956,0.631,120.043,"pop, Dance/Electronic",False,0
Nelly,Hot In Herre,228240,2002,1,0.956,0.745,11,-4.753,0,0.12,0.206,0.0,0.0615,0.912,107.075,"hip hop, pop, R&B",True,1
Gareth Gates,Anyone of Us (Stupid Mistake),227866,2003,0,0.7,0.72,1,-6.061,1,0.0261,0.285,0.0,0.0845,0.654,106.986,pop,False,0
Christina Aguilera,Dirrty (feat. Redman),298853,2002,1,0.64,0.889,2,-3.073,1,0.322,0.107,0.0,0.339,0.436,99.931,pop,False,0
B2K,Uh Huh,223293,2002,0,0.855,0.681,2,-4.955,1,0.0688,0.0881,3.7e-06,0.0592,0.908,99.699,"hip hop, pop, R&B",False,0
Sugababes,Freak Like Me,195866,2002,0,0.517,0.919,5,-3.451,1,0.0925,0.0996,1.81e-06,0.557,0.387,91.868,"pop, R&B",False,0
Dirty Vegas,Days Go By,432146,2002,0,0.786,0.853,9,-8.274,0,0.0688,0.0499,0.0872,0.35,0.309,126.99,Dance/Electronic,False,0
Fat Joe,What's Luv? (feat. Ja-Rule & Ashanti),267093,2001,1,0.835,0.707,8,-5.074,1,0.0598,0.0219,2.19e-05,0.108,0.919,93.955,"hip hop, pop",True,1
Liberty X,Just A Little,237359,2019,0,0.786,0.614,5,-6.554,0,0.0574,0.00616,0.0,0.049,0.742,103.887,pop,False,0
No Doubt,Hella Good,242586,2001,0,0.771,0.665,8,-3.954,1,0.035,0.0135,0.0123,0.0903,0.844,115.142,"rock, pop",False,0
LL Cool J,Luv U Better,287000,2002,0,0.668,0.806,6,-3.9,1,0.239,0.232,0.0,0.18,0.721,95.022,"hip hop, pop, R&B",False,0
Red Hot Chili Peppers,Can't Stop,269000,2002,1,0.618,0.938,9,-3.442,1,0.0456,0.0179,0.0,0.167,0.875,91.455,rock,False,0
Musiq Soulchild,Halfcrazy,254493,2002,1,0.412,0.77,11,-6.057,0,0.18,0.462,1.5e-06,0.0485,0.418,101.955,"pop, R&B",False,0
Sean Paul,Gimme the Light,228000,2002,1,0.778,0.761,2,-5.529,1,0.0525,0.141,4.61e-05,0.0441,0.923,107.288,"hip hop, pop",True,1
Faith Evans,I Love You,267160,2001,0,0.489,0.757,11,-4.062,0,0.0926,0.00981,0.0,0.234,0.567,168.004,"hip hop, pop, R&B",False,0
Charli Baltimore,Down 4 U,318213,2002,0,0.64,0.59,7,-7.442,1,0.32,0.252,0.0,0.665,0.519,83.133,pop,True,1
Kylie Minogue,Love at First Sight,238266,2001,1,0.603,0.774,3,-6.066,0,0.0428,0.0288,0.051,0.0533,0.48,124.994,"pop, Dance/Electronic",False,0
N.O.R.E.,Nothin',264653,2002,1,0.791,0.863,3,-6.118,0,0.151,0.317,1.13e-06,0.27,0.742,97.035,"hip hop, pop",True,1
Gareth Gates,Unchained Melody,233666,2003,0,0.368,0.426,10,-8.049,1,0.0277,0.255,5.39e-06,0.108,0.208,106.52,pop,False,0
Diddy,I Need a Girl (Pt. 1) [feat. Usher & Loon],268800,2005,1,0.66,0.707,6,-5.758,1,0.208,0.397,0.0,0.211,0.761,89.279,"hip hop, pop",False,0
Big Brovaz,Nu Flow,201480,2001,0,0.783,0.726,7,-8.718,1,0.106,0.0903,2.53e-06,0.363,0.784,148.062,pop,False,0
No Doubt,Hey Baby,207040,2001,0,0.705,0.872,11,-3.557,0,0.125,0.0602,0.0,0.228,0.746,93.63,"rock, pop",False,0
Ashanti,Baby,265706,2002,1,0.567,0.58,4,-5.757,0,0.223,0.0084,5.37e-06,0.0342,0.46,157.596,"hip hop, pop, R&B",True,1
Sophie Ellis-Bextor,Murder On The Dancefloor,230013,2002,1,0.734,0.848,1,-5.285,0,0.0309,0.00312,1.16e-05,0.313,0.863,117.31,"pop, Dance/Electronic",False,0
Justin Timberlake,Like I Love You,283626,2002,1,0.853,0.811,6,-4.927,0,0.0646,0.0439,0.000307,0.0703,0.9,114.964,pop,False,0
Mary J. Blige,Rainy Dayz,276373,2001,0,0.412,0.667,6,-6.997,1,0.229,0.195,0.0,0.305,0.533,68.942,"pop, R&B",False,0
A1,Caught in the Middle,206466,2001,0,0.519,0.874,5,-5.122,1,0.034,0.0524,0.0,0.243,0.572,96.072,pop,False,0
Eminem,Cleanin' Out My Closet,297840,2002,1,0.908,0.758,9,-4.753,0,0.174,0.0687,0.0,0.0783,0.87,148.015,hip hop,True,1
Ashanti,Happy,262226,2002,1,0.727,0.515,2,-6.553,0,0.0289,0.241,3.74e-06,0.124,0.695,89.488,"hip hop, pop, R&B",True,1
Delta Goodrem,Born to Try,251280,2003,0,0.542,0.589,8,-6.813,1,0.0284,0.246,0.0,0.188,0.336,133.838,pop,False,0
P!nk,Get the Party Started,192533,2001,1,0.802,0.903,11,-3.267,0,0.046,0.0011,0.0,0.173,0.96,128.93,pop,False,0
Alicia Keys,A Woman's Worth,303333,2001,0,0.652,0.41,4,-8.323,0,0.158,0.333,0.0,0.064,0.495,75.09,"pop, R&B",False,0
Daniel Bedingfield,Gotta Get Thru This - D'N'D Radio Edit,161240,2002,1,0.838,0.764,7,-5.076,0,0.0586,0.0862,0.000122,0.0906,0.924,133.592,pop,False,0
Coldplay,Clocks,307879,2002,1,0.577,0.749,5,-7.215,0,0.0279,0.599,0.0115,0.183,0.255,130.97,"rock, pop",False,0
Missy Elliott,Work It,263226,2002,1,0.884,0.677,1,-5.603,1,0.283,0.0778,0.0,0.0732,0.584,101.868,"hip hop, pop, R&B",True,1
Ronan Keating,If Tomorrow Never Comes,214306,2002,1,0.555,0.496,10,-6.136,1,0.028,0.333,0.0,0.0956,0.27,79.01,"pop, rock",False,0
Big Tymers,Still Fly,335613,2002,1,0.675,0.607,11,-3.538,1,0.162,0.0302,8.97e-06,0.339,0.56,177.928,"hip hop, pop",True,1
Creed,My Sacrifice,294600,2001,1,0.32,0.88,2,-6.035,1,0.0504,0.000101,4.31e-06,0.076,0.257,146.349,"pop, rock, metal",False,0
Ja Rule,Always On Time,245133,2001,1,0.839,0.706,5,-6.104,0,0.199,0.208,0.0,0.242,0.839,96.673,"hip hop, pop, R&B",True,1
Ashanti,Foolish,227386,2002,1,0.665,0.695,0,-5.763,1,0.0532,0.347,0.0,0.106,0.707,90.119,"hip hop, pop, R&B",True,1
Avril Lavigne,Sk8er Boi,204000,2002,1,0.487,0.9,0,-4.417,1,0.0482,6.79e-05,0.0,0.358,0.484,149.937,pop,False,0
DJ Sammy,Heaven,233600,2002,1,0.571,0.953,8,-5.601,1,0.0548,0.0011,0.000606,0.226,0.601,137.965,pop,False,0
Britney Spears,"I'm Not a Girl, Not Yet a Woman",231066,2001,1,0.534,0.543,3,-6.857,1,0.0245,0.579,0.0,0.112,0.418,78.996,pop,False,0
Cam’ron,Oh Boy,204706,2002,1,0.754,0.767,6,-5.586,1,0.145,0.0216,0.0,0.172,0.828,83.014,"hip hop, pop",True,1
Red Hot Chili Peppers,By the Way,216933,2002,1,0.451,0.97,0,-4.938,1,0.107,0.0264,0.00355,0.102,0.198,122.444,rock,False,0
Elvis Presley,A Little Less Conversation - JXL Radio Edit Remix,211506,2002,1,0.597,0.97,4,-5.972,0,0.0502,0.000385,0.205,0.133,0.717,114.999,"rock, easy listening",False,0
Atomic Kitten,The Tide Is High - Radio Mix,206093,2002,1,0.783,0.649,7,-4.127,1,0.0322,0.0209,0.00482,0.067,0.665,103.997,pop,False,0
*NSYNC,Girlfriend,253600,2001,0,0.745,0.807,0,-5.191,0,0.0884,0.0887,1.49e-05,0.0283,0.858,93.967,pop,False,0
Robbie Williams,Somethin' Stupid,170493,2001,1,0.654,0.515,0,-12.185,1,0.0261,0.429,5.62e-06,0.174,0.677,106.191,"pop, rock",False,0
Alanis Morissette,Hands Clean,269400,2002,1,0.513,0.82,7,-5.428,1,0.0299,0.00192,2.83e-06,0.504,0.52,99.952,"pop, Folk/Acoustic",False,0
Usher,U Don't Have to Call,269400,2001,1,0.793,0.568,1,-4.958,1,0.0459,0.0478,3.57e-05,0.0304,0.806,100.005,"hip hop, pop, R&B",True,1
Creed,One Last Breath - Radio Version,242000,2015,0,0.38,0.725,2,-6.094,1,0.0365,0.00571,0.00015,0.3,0.202,130.581,"pop, rock, metal",False,0
The Goo Goo Dolls,Here Is Gone,238173,2002,1,0.338,0.685,1,-5.178,1,0.0322,0.00052,0.000512,0.109,0.221,102.192,"pop, rock",False,0
Puddle Of Mudd,She Hates Me,216760,2001,1,0.58,0.748,4,-5.433,1,0.0323,0.00935,0.0,0.753,0.584,109.781,"rock, metal",True,1
Ludacris,Rollout (My Business),296586,2001,1,0.921,0.668,7,-8.73,1,0.235,0.0949,0.0,0.592,0.892,131.059,"hip hop, pop",True,1
Blazin' Squad,Crossroads - Radio Edit,188693,2012,0,0.661,0.746,4,-5.153,1,0.042,0.109,0.0,0.325,0.502,144.188,set(),False,0
Default,Wasting My Time,268693,2001,0,0.443,0.769,2,-5.529,1,0.0312,0.00138,0.0,0.0677,0.17,147.973,"rock, pop, metal",False,0
Michelle Branch,All You Wanted,217680,2001,1,0.499,0.72,8,-9.101,1,0.0286,0.00466,0.00303,0.122,0.652,96.103,"pop, Folk/Acoustic",False,0
Daniel Bedingfield,If You're Not The One,257026,2002,1,0.688,0.538,10,-7.608,1,0.0292,0.504,0.0,0.111,0.27,119.998,pop,False,0
Enrique Iglesias,Escape,208626,2001,1,0.776,0.844,11,-5.305,1,0.0297,0.0277,0.000244,0.135,0.868,125.972,"pop, latin",False,0
Puddle Of Mudd,Blurry,303920,2001,1,0.432,0.936,3,-4.537,0,0.0562,0.00691,0.0,0.14,0.499,157.469,"rock, metal",False,0
Coldplay,In My Place,226680,2002,1,0.424,0.588,9,-5.455,1,0.0278,0.0553,4.95e-06,0.298,0.193,144.636,"rock, pop",False,0
Outkast,The Whole World (feat. Killer Mike),295346,2001,0,0.814,0.852,2,-6.176,1,0.401,0.0958,1.32e-06,0.0288,0.717,184.682,"hip hop, pop",True,1
P!nk,Don't Let Me Get Me - Radio Edit,210693,2001,1,0.624,0.85,0,-4.754,0,0.0756,0.00234,0.0,0.0621,0.615,98.525,pop,False,0
50 Cent,In Da Club,193466,2003,1,0.899,0.713,6,-2.752,0,0.366,0.255,0.0,0.0708,0.777,90.051,"hip hop, pop",True,1
Sean Paul,Get Busy,211666,2002,1,0.735,0.824,10,-4.143,0,0.036,0.615,0.0,0.158,0.726,100.202,"hip hop, pop",False,0
Eminem,"Lose Yourself - From ""8 Mile"" Soundtrack",322226,2004,1,0.686,0.735,2,-4.616,1,0.264,0.00921,0.00066,0.342,0.0596,171.355,hip hop,True,1
Beyoncé,Crazy In Love (feat. Jay-Z),236133,2003,1,0.646,0.77,2,-6.596,0,0.226,0.00249,0.0,0.0715,0.681,99.165,"pop, R&B",False,0
Counting Crows,Big Yellow Taxi,225426,2003,0,0.669,0.873,8,-4.315,1,0.0494,0.00204,0.0,0.137,0.827,88.029,"rock, pop",False,0
Black Eyed Peas,Where Is The Love?,272533,2003,1,0.835,0.687,5,-3.18,1,0.184,0.101,0.0,0.132,0.828,94.059,"hip hop, pop",False,0
Jennifer Lopez,Jenny from the Block (feat. Jadakiss & Styles P.) - Track Masters Remix,187840,2002,1,0.845,0.768,6,-5.448,1,0.188,0.00733,5.04e-06,0.0575,0.96,100.0,"hip hop, pop, R&B",False,0
Black Eyed Peas,Shut Up,296186,2003,1,0.81,0.714,2,-3.966,1,0.243,0.0637,0.0,0.237,0.561,112.968,"hip hop, pop",False,0
t.A.T.u.,All The Things She Said,214440,2020,0,0.527,0.834,5,-5.767,0,0.0474,0.0411,0.00599,0.105,0.381,179.92,pop,True,1
Benny Benassi,Satisfaction (Isak Original Extended) - Benny Benassi Presents The Biz,285570,2003,1,0.793,0.698,11,-3.626,1,0.104,0.163,0.145,0.0745,0.339,130.017,"pop, Dance/Electronic",False,0
Busta Rhymes,I Know What You Want (feat. Flipmode Squad),324306,2002,1,0.648,0.759,6,-4.315,1,0.306,0.0142,0.0,0.648,0.518,85.996,"hip hop, pop",True,1
Panjabi MC,Mundian to Bach Ke,244666,2003,1,0.778,0.879,8,-4.951,0,0.0371,0.399,0.792,0.15,0.942,98.077,"World/Traditional, hip hop",False,0
Mis-Teeq,Scandalous - U.S. Radio Edit,238840,2004,1,0.734,0.668,0,-3.935,0,0.0349,0.0526,0.0,0.0925,0.651,99.971,"pop, Dance/Electronic",False,0
JAY-Z,03' Bonnie & Clyde,205560,2002,1,0.759,0.678,9,-5.148,0,0.314,0.23,0.0,0.15,0.327,89.64,hip hop,True,1
50 Cent,P.I.M.P.,249480,2003,1,0.712,0.772,10,-3.024,0,0.346,0.0521,4.35e-06,0.0368,0.848,84.722,"hip hop, pop",True,1
Jamelia,Superstar,215480,2003,1,0.801,0.645,1,-6.93,1,0.0356,0.0457,0.0,0.0357,0.824,110.01,pop,False,0
Linkin Park,Faint,162600,2003,1,0.554,0.978,4,-3.554,1,0.131,0.111,0.0,0.0731,0.594,135.095,"rock, metal",False,0
DMX,X Gon' Give It To Ya,217586,2007,1,0.761,0.899,10,-3.09,0,0.183,0.0135,0.0,0.0719,0.673,95.027,"hip hop, pop",True,1
Evanescence,Bring Me To Life,235893,2003,1,0.331,0.943,4,-3.188,0,0.0698,0.00721,2.06e-06,0.242,0.296,94.612,metal,False,0
Sugababes,Hole In The Head,218173,2003,1,0.785,0.933,6,-4.629,0,0.0309,0.0303,0.0,0.137,0.962,125.011,"pop, R&B",False,0
Craig David,Rise & Fall (feat. Sting),287226,2002,1,0.405,0.589,6,-7.51,0,0.0586,0.252,0.0,0.661,0.808,83.373,"hip hop, pop, R&B",False,0
Three Days Grace,I Hate Everything About You,231480,2003,1,0.498,0.83,6,-5.157,0,0.0421,0.00461,0.0,0.139,0.453,89.342,"rock, metal",False,0
Lil Jon & The East Side Boyz,Get Low,324600,2002,0,0.78,0.604,1,-8.019,1,0.0396,0.022,0.0,0.194,0.12,101.043,"hip hop, pop",False,0
B2K,"Bump, Bump, Bump (feat. P. Diddy)",282773,2003,1,0.835,0.68,1,-6.02,0,0.21,0.1,0.0,0.049,0.889,95.508,"hip hop, pop, R&B",False,0
Baby Bash,Suga Suga,239026,2003,1,0.662,0.748,5,-3.041,0,0.268,0.688,8.43e-06,0.0841,0.535,82.331,"hip hop, pop, R&B, latin",False,0
Aaliyah,Miss You - Main,245240,2002,0,0.602,0.34,10,-9.867,1,0.0375,0.618,0.0,0.234,0.511,109.598,"hip hop, pop, R&B",False,0
Britney Spears,Me Against the Music (feat. Madonna) - LP Version / Video Mix,223773,2003,1,0.804,0.836,6,-6.635,0,0.089,0.32,0.0,0.213,0.85,120.046,pop,False,0
Blue,Sorry Seems To Be The Hardest Word,210066,2004,1,0.564,0.6,7,-6.814,0,0.0305,0.183,2.19e-06,0.38,0.442,78.955,pop,False,0
Delta Goodrem,Lost Without You,248546,2003,0,0.581,0.747,7,-6.682,1,0.0283,0.0365,1.69e-06,0.193,0.514,146.301,pop,False,0
Justin Timberlake,Rock Your Body,267266,2002,1,0.892,0.714,4,-6.055,0,0.141,0.201,0.000234,0.0521,0.817,100.972,pop,False,0
The White Stripes,Seven Nation Army,231920,2003,0,0.741,0.469,4,-7.627,0,0.0805,0.00601,0.447,0.306,0.313,123.904,"rock, blues",False,0
Youngbloodz,Damn! (feat. Lil' Jon) - Club Mix,298600,2003,0,0.772,0.724,6,-5.799,0,0.307,0.0149,0.0,0.355,0.518,84.038,"hip hop, pop",True,1
Beyoncé,Baby Boy (feat. Sean Paul),244826,2003,1,0.655,0.488,1,-9.17,1,0.22,0.0825,1.16e-06,0.221,0.791,91.025,"pop, R&B",False,0
Lil' Kim,Magic Stick,359973,2019,0,0.849,0.498,2,-7.872,1,0.272,0.116,4.49e-05,0.268,0.502,92.98,"hip hop, pop, R&B",True,1
Christina Aguilera,Can't Hold Us Down (feat. Lil' Kim),255266,2002,1,0.859,0.658,8,-4.481,1,0.192,0.0326,0.00181,0.0651,0.538,98.989,pop,False,0
Nickelback,Someday,207466,2003,1,0.455,0.858,11,-5.659,0,0.0391,0.000616,0.000247,0.226,0.597,163.118,"rock, metal",False,0
Blue,U Make Me Wanna - Radio Edit,222400,2003,0,0.6,0.736,7,-6.228,1,0.0329,0.325,0.0,0.137,0.848,158.108,pop,False,0
Ashanti,Rain On Me,297960,2003,0,0.606,0.699,8,-3.103,0,0.0337,0.343,1.89e-06,0.0757,0.509,83.701,"hip hop, pop, R&B",False,0
Trapt,Headstrong,285569,2002,1,0.492,0.896,4,-5.819,0,0.117,0.000172,2.78e-06,0.189,0.534,184.981,"rock, metal",True,1
Simply Red,Sunrise,199040,2008,1,0.791,0.733,5,-5.123,0,0.029,0.00189,0.201,0.0859,0.917,105.987,"rock, R&B, Folk/Acoustic, pop",False,0
Lumidee,"Never Leave You (Uh Oooh, Uh Oooh)",184906,2003,1,0.811,0.657,6,-6.197,1,0.362,0.0391,0.712,0.0798,0.777,199.958,"pop, R&B",False,0
Girls Aloud,Sound Of The Underground,221426,2003,1,0.568,0.867,11,-5.861,1,0.0365,0.00344,4.67e-05,0.328,0.88,163.944,"pop, Dance/Electronic",False,0
Nelly,Shake Ya Tailfeather (feat. P. Diddy & Murphy Lee) - 2016 Remaster,293666,2016,0,0.527,0.808,1,-4.749,1,0.295,0.176,0.0,0.169,0.907,87.025,"hip hop, pop, R&B",False,0
Room 5,Make Luv,212413,2003,1,0.883,0.887,1,-4.92,1,0.116,0.0111,0.63,0.0367,0.648,124.814,Dance/Electronic,False,0
Fatman Scoop,Be Faithful,164506,2009,0,0.649,0.713,7,-6.488,1,0.295,0.000787,0.0,0.318,0.629,101.129,hip hop,True,1
Limp Bizkit,Behind Blue Eyes,269973,2003,1,0.595,0.489,7,-6.66,1,0.0271,0.497,0.0,0.119,0.0902,120.315,metal,False,0
Sugababes,Too Lost In You,237693,2003,1,0.586,0.705,1,-4.904,0,0.0287,0.0485,0.0,0.15,0.459,98.014,"pop, R&B",False,0
50 Cent,"Wanksta - From ""8 Mile"" Soundtrack",219400,2003,1,0.802,0.863,1,-3.552,1,0.2,0.0199,0.0,0.141,0.873,81.008,"hip hop, pop",True,1
Pharrell Williams,Frontin' (feat. Jay-Z) - Club Mix,236506,2003,1,0.894,0.404,9,-5.913,0,0.13,0.453,1.57e-06,0.0801,0.759,102.009,"hip hop, pop",True,1
Chingy,Right Thurr,250746,2003,1,0.866,0.749,2,-3.977,1,0.253,0.15,0.0,0.0614,0.891,92.074,"hip hop, pop, R&B",True,1
Eminem,Sing For The Moment,339546,2002,1,0.668,0.824,5,-4.164,0,0.137,0.0017,3.05e-06,0.0426,0.185,163.961,hip hop,True,1
Lil' Kim,The Jump Off (feat. Mr. Cheeks) - Remix,234800,2003,0,0.853,0.752,1,-8.831,1,0.339,0.178,4.65e-06,0.0553,0.935,104.946,"hip hop, pop, R&B",True,1
Mýa,My Love Is Like...Wo - Main Mix,209533,2003,0,0.831,0.695,4,-6.491,1,0.109,0.194,1.24e-05,0.309,0.722,132.817,"pop, R&B",False,0
50 Cent,21 Questions,224440,2003,1,0.646,0.813,6,-3.846,0,0.299,0.349,9.37e-05,0.0427,0.895,92.729,"hip hop, pop",True,1
Nelly,Air Force Ones,304000,2002,1,0.784,0.459,4,-9.74,0,0.317,0.0847,0.0,0.079,0.618,164.062,"hip hop, pop, R&B",True,1
Missy Elliott,Gossip Folks (feat. Ludacris),234893,2002,1,0.707,0.538,0,-5.264,1,0.505,0.362,0.0,0.317,0.439,121.732,"hip hop, pop, R&B",True,1
Girls Aloud,Jump,220360,2003,1,0.658,0.826,8,-6.031,1,0.0346,0.00189,0.00275,0.0492,0.795,134.465,"pop, Dance/Electronic",False,0
Ultrabeat,Pretty Green Eyes - Radio Edit,201920,2003,1,0.553,0.775,1,-10.284,0,0.043,0.212,0.0,0.0728,0.51,139.993,"pop, Dance/Electronic",False,0
Christina Aguilera,Fighter,245960,2002,1,0.435,0.92,4,-1.357,0,0.201,0.235,0.000353,0.552,0.45,188.899,pop,False,0
Frankie J,Don't Wanna Try,245293,2003,0,0.655,0.433,5,-7.577,0,0.0348,0.444,0.0,0.221,0.199,130.127,"hip hop, pop, R&B",False,0
Snoop Dogg,Beautiful,299146,2005,1,0.893,0.74,11,-4.936,0,0.132,0.299,0.0,0.0881,0.963,101.025,"hip hop, pop",True,1
Floetry,Say Yes,268373,2002,1,0.747,0.398,5,-12.932,0,0.0743,0.211,1.42e-06,0.113,0.428,117.901,"hip hop, pop, R&B",False,0
Ginuwine,In Those Jeans,243306,2003,1,0.691,0.541,1,-5.873,1,0.0776,0.508,0.0,0.0753,0.319,127.683,"hip hop, pop, R&B",True,1
Electric Six,Danger! High Voltage - Soulchild Radio Mix,214600,2003,0,0.66,0.698,11,-4.722,0,0.0302,1.92e-05,0.166,0.0517,0.511,123.005,rock,False,0
Rachel Stevens,Sweet Dreams My LA Ex - Radio Edit,208386,2003,0,0.85,0.862,2,-3.587,1,0.138,0.0733,0.00144,0.0936,0.908,130.036,"pop, Dance/Electronic",False,0
Ludacris,Stand Up,213760,2003,1,0.751,0.84,6,-4.855,1,0.349,0.367,0.0,0.0916,0.801,99.057,"hip hop, pop",True,1
Nas,I Can,253720,2002,1,0.837,0.885,6,-3.914,0,0.182,0.103,0.0,0.0666,0.694,95.313,hip hop,False,0
3 Doors Down,When I'm Gone,260333,2002,1,0.53,0.768,7,-5.611,1,0.0284,0.00385,0.0,0.103,0.374,148.095,"pop, rock, metal",False,0
Tyrese,How You Gonna Act Like That,294693,2002,1,0.733,0.521,3,-3.657,0,0.0457,0.107,0.0,0.0692,0.525,112.913,"hip hop, pop, R&B",False,0
Justin Timberlake,Cry Me a River,288333,2002,1,0.624,0.654,8,-6.582,0,0.183,0.577,0.0,0.104,0.564,73.898,pop,False,0
Westlife,Mandy,199320,2003,1,0.447,0.636,5,-5.08,1,0.0278,0.254,9.25e-05,0.11,0.376,105.678,pop,False,0
No Doubt,It's My Life,226053,2003,1,0.612,0.735,8,-5.074,0,0.0282,0.00202,0.00118,0.328,0.783,126.326,"rock, pop",False,0
Amanda Perez,Angel,218760,2003,0,0.638,0.54,0,-6.849,1,0.0473,0.506,0.0,0.157,0.352,143.772,"pop, R&B",False,0
JAY-Z,Excuse Me Miss,281240,2002,1,0.714,0.862,6,-5.531,1,0.286,0.0305,0.0,0.0884,0.887,92.849,hip hop,True,1
Coldplay,Clocks,307879,2002,1,0.577,0.749,5,-7.215,0,0.0279,0.599,0.0115,0.183,0.255,130.97,"rock, pop",False,0
Kelly Rowland,Stole,249293,2002,0,0.649,0.718,7,-4.984,0,0.0594,0.00676,4.26e-06,0.174,0.477,79.993,"hip hop, pop, R&B",False,0
Missy Elliott,Work It,263226,2002,1,0.884,0.677,1,-5.603,1,0.283,0.0778,0.0,0.0732,0.584,101.868,"hip hop, pop, R&B",True,1
Ashanti,Rock Wit U (Awww Baby),209120,2003,1,0.71,0.797,4,-3.006,0,0.0582,0.408,0.0,0.16,0.849,94.998,"hip hop, pop, R&B",False,0
Junior Senior,Move Your Feet,181826,2002,1,0.747,0.904,9,-2.623,1,0.0803,0.046,0.106,0.203,0.846,118.877,pop,False,0
Audioslave,Like a Stone,293960,2002,1,0.614,0.568,7,-5.477,0,0.0276,0.00797,0.0,0.0997,0.516,107.849,"rock, metal",False,0
Sean Paul,Like Glue,232506,2002,1,0.757,0.78,1,-5.038,1,0.319,0.0811,0.0,0.113,0.59,97.917,"hip hop, pop",False,0
Jaheim,Put That Woman First,245773,2002,1,0.649,0.536,5,-8.804,0,0.132,0.492,0.0,0.184,0.513,78.935,"pop, R&B",True,1
Jennifer Lopez,All I Have (feat. LL Cool J),254466,2002,1,0.701,0.669,1,-5.265,1,0.107,0.271,0.0,0.158,0.446,83.066,"hip hop, pop, R&B",False,0
Monica,So Gone,242773,2003,1,0.618,0.552,8,-6.863,1,0.0981,0.176,0.0,0.252,0.586,81.975,"pop, R&B",False,0
Dido,White Flag,240040,2003,0,0.512,0.525,5,-6.823,1,0.0401,0.327,3.3e-06,0.081,0.294,169.951,pop,False,0
The Roots,The Seed (2.0),267933,2002,1,0.758,0.957,7,-2.281,1,0.0357,0.039,0.0,0.133,0.966,111.121,hip hop,True,1
Chingy,Holidae In,314400,2003,1,0.81,0.791,7,-5.909,1,0.181,0.0893,0.0,0.0838,0.948,153.067,"hip hop, pop, R&B",True,1
Fabolous,Can't Let You Go (feat. Mike Shorey & Lil' Mo),223973,2003,1,0.646,0.6,9,-6.569,1,0.458,0.231,0.0,0.0794,0.811,192.082,"hip hop, pop, R&B",True,1
Kelly Clarkson,Miss Independent,214773,2003,0,0.656,0.615,11,-6.359,0,0.137,0.0769,0.000415,0.0706,0.592,175.943,"pop, R&B",False,0
Ja Rule,Mesmerize,278693,2002,1,0.769,0.646,1,-6.653,1,0.199,0.0566,0.0,0.406,0.433,90.079,"hip hop, pop, R&B",True,1
Matchbox Twenty,Unwell,228706,2002,1,0.256,0.788,6,-5.263,0,0.0403,0.0298,0.0,0.707,0.429,80.718,"pop, rock",False,0
Outkast,The Way You Move (feat. Sleepy Brown),234000,2003,1,0.871,0.597,5,-4.932,0,0.0464,0.126,0.000113,0.0638,0.635,125.999,"hip hop, pop",True,1
Fabolous,Into You (feat. Tamia),295773,2003,1,0.546,0.538,7,-7.886,0,0.0523,0.233,0.0,0.118,0.58,182.12,"hip hop, pop, R&B",True,1
Switchfoot,Meant to Live,201373,2003,1,0.397,0.903,2,-4.577,1,0.0457,0.00575,1.6e-06,0.362,0.556,151.551,"rock, pop",False,0
Daniel Bedingfield,If You're Not The One,257026,2002,1,0.688,0.538,10,-7.608,1,0.0292,0.504,0.0,0.111,0.27,119.998,pop,False,0
Good Charlotte,Lifestyles of the Rich & Famous,190173,2002,1,0.62,0.93,1,-3.685,1,0.0374,0.00043,0.0,0.0686,0.609,106.22,"rock, metal",False,0
Wayne Wonder,No Letting Go,202013,2003,1,0.496,0.819,5,-5.656,0,0.0444,0.0479,0.000215,0.177,0.317,100.215,"hip hop, R&B",False,0
The Strokes,Reptilia,219826,2003,1,0.489,0.649,9,-5.11,1,0.0336,0.000603,0.713,0.101,0.77,158.009,rock,False,0
Avril Lavigne,I'm with You,223066,2002,1,0.457,0.406,9,-7.462,1,0.0291,0.08,0.0,0.117,0.208,151.95,pop,False,0
Will Young,Leave Right Now,214733,2003,1,0.641,0.445,6,-8.674,1,0.0368,0.145,0.0,0.108,0.383,81.931,pop,False,0
Usher,Yeah! (feat. Lil Jon & Ludacris),250373,2004,1,0.894,0.791,2,-4.699,1,0.112,0.0183,0.0,0.0388,0.583,105.018,"hip hop, pop, R&B",False,0
Maroon 5,This Love,206200,2002,1,0.712,0.862,5,-4.612,0,0.0378,0.0525,0.0,0.093,0.809,95.051,pop,False,0
Britney Spears,Toxic,198800,2003,1,0.774,0.838,5,-3.914,0,0.114,0.0249,0.025,0.242,0.924,143.04,pop,False,0
Outkast,Hey Ya!,235213,2003,1,0.727,0.974,4,-2.261,0,0.0664,0.103,0.000532,0.174,0.965,79.526,"hip hop, pop",False,0
Hoobastank,The Reason,232800,2003,1,0.472,0.671,4,-4.649,1,0.029,0.0129,0.0,0.159,0.0681,82.952,"pop, rock, metal",False,0
Anastacia,Left Outside Alone,257426,2004,1,0.663,0.746,2,-3.567,0,0.0321,0.0697,0.0,0.0929,0.325,102.847,pop,False,0
Daddy Yankee,Gasolina,192600,2004,0,0.857,0.801,0,-6.499,1,0.0618,0.332,1.2e-06,0.0789,0.753,96.009,latin,False,0
Black Eyed Peas,Let's Get It Started - Spike Mix,217733,2004,0,0.785,0.799,11,-2.208,0,0.126,0.117,0.0,0.292,0.797,104.923,"hip hop, pop",False,0
O-Zone,Dragostea Din Tei,215431,2004,1,0.809,0.965,0,-3.947,1,0.0427,0.177,0.0,0.0577,0.672,130.103,pop,False,0
Terror Squad,Lean Back,247426,2004,1,0.783,0.916,1,-3.344,1,0.415,0.11,0.0,0.0746,0.695,95.321,hip hop,True,1
Anastacia,Sick and Tired,212266,1999,1,0.598,0.868,0,-4.552,1,0.0373,0.00908,0.0,0.279,0.47,99.848,pop,False,0
Gwen Stefani,What You Waiting For?,221226,2004,1,0.676,0.948,5,-2.557,1,0.0628,0.0509,8.19e-06,0.384,0.731,136.027,"pop, R&B",False,0
Ashanti,Only U - No Intro,186306,2004,1,0.601,0.621,6,-5.576,0,0.0434,0.0374,1.75e-06,0.188,0.278,94.547,"hip hop, pop, R&B",False,0
The Rasmus,In the Shadows,257920,2003,1,0.6,0.796,2,-4.481,1,0.0275,0.000109,5.2e-05,0.484,0.75,105.991,metal,False,0
Houston,I Like That,236520,2004,1,0.797,0.502,10,-3.925,0,0.0968,0.0154,0.0,0.1,0.385,106.997,"hip hop, pop",False,0
Beyoncé,Naughty Girl,208600,2003,1,0.735,0.466,6,-8.65,0,0.0857,0.239,6.24e-06,0.102,0.643,99.973,"pop, R&B",False,0
Linkin Park,Numb,185586,2003,1,0.496,0.863,9,-4.153,1,0.0381,0.0046,0.0,0.639,0.243,110.018,"rock, metal",False,0
Lloyd Banks,On Fire,187280,2004,1,0.759,0.825,8,-4.289,1,0.22,0.0923,0.00057,0.24,0.429,94.857,"hip hop, pop",True,1
Akon,Locked Up,235066,2004,0,0.818,0.579,7,-4.475,1,0.101,0.023,0.0,0.107,0.354,89.987,pop,True,1
D12,My Band,298773,2004,1,0.851,0.849,1,-3.383,0,0.0828,0.497,2.05e-06,0.116,0.844,120.014,"hip hop, pop, rock",True,1
Jay Sean,Eyes On You - Radio Mix,190493,2004,0,0.802,0.672,7,-4.971,1,0.0847,0.0775,0.0,0.136,0.619,96.525,"hip hop, pop, R&B",False,0
Mario Winans,I Don't Wanna Know (feat. Enya & P. Diddy) - 2016 Remaster,257333,2016,1,0.833,0.515,11,-5.0,0,0.0462,0.347,0.00156,0.116,0.4,97.007,pop,False,0
Destiny's Child,Lose My Breath,242013,2004,1,0.814,0.899,1,-5.958,1,0.0637,0.00727,0.219,0.0979,0.545,119.011,"pop, R&B",False,0
Eric Prydz,Call on Me - Radio Mix,171360,2004,1,0.597,0.837,10,-6.518,1,0.375,0.00427,0.00115,0.839,0.447,126.342,"pop, Dance/Electronic",False,0
Ciara,Goodies (feat. Petey Pablo),223000,2004,1,0.826,0.647,5,-6.306,0,0.0491,0.0277,1.52e-06,0.298,0.872,102.017,"pop, R&B",False,0
Kelis,Trick Me,206106,2003,1,0.97,0.72,1,-3.347,0,0.149,0.0369,0.000389,0.326,0.962,107.17,"pop, R&B, Dance/Electronic",True,1
LL Cool J,Headsprung,267320,2004,1,0.718,0.786,0,-5.76,1,0.0284,0.0114,2.5e-05,0.0745,0.465,99.916,"hip hop, pop, R&B",False,0
Spiderbait,Black Betty - Edit,205973,2004,1,0.562,0.865,7,-6.476,0,0.0922,2.06e-05,0.591,0.219,0.35,124.047,rock,False,0
George Michael,Amazing,265826,2004,1,0.805,0.754,10,-6.825,0,0.0394,0.0884,1.77e-06,0.117,0.88,128.429,set(),False,0
Britney Spears,My Prerogative,213893,2004,0,0.749,0.938,10,-4.423,0,0.118,0.0127,1.96e-06,0.103,0.619,111.014,pop,False,0
Nina Sky,Move Ya Body,232000,2004,1,0.87,0.712,11,-6.313,0,0.0432,0.0202,0.000331,0.0576,0.877,121.057,"pop, R&B",False,0
Baby Bash,Suga Suga,239026,2003,1,0.662,0.748,5,-3.041,0,0.268,0.688,8.43e-06,0.0841,0.535,82.331,"hip hop, pop, R&B, latin",False,0
Petey Pablo,Freek-A-Leek,235186,2003,1,0.737,0.697,2,-3.716,1,0.254,0.0756,0.0,0.359,0.662,104.917,"hip hop, pop",True,1
JAY-Z,Dirt Off Your Shoulder,245173,2003,0,0.779,0.655,1,-7.147,1,0.318,0.0319,2.63e-06,0.339,0.645,163.971,hip hop,True,1
Juanes,La Camisa Negra,216706,2004,1,0.751,0.731,6,-4.419,0,0.0308,0.0838,0.0,0.0556,0.973,97.007,"pop, latin",False,0
Avril Lavigne,Nobody's Home,212413,2004,1,0.348,0.907,5,-3.66,0,0.0497,0.000516,0.0,0.161,0.177,185.406,pop,False,0
Robbie Williams,Radio,233600,2004,0,0.607,0.874,5,-5.409,0,0.0349,0.00331,0.0494,0.26,0.846,130.015,"pop, rock",False,0
Black Eyed Peas,Hey Mama,214893,2003,0,0.86,0.866,4,-6.345,0,0.232,0.104,1.42e-06,0.584,0.933,100.15,"hip hop, pop",True,1
Ying Yang Twins,Salt Shaker,252440,2003,1,0.884,0.697,11,-6.022,1,0.128,0.0509,0.0,0.094,0.322,101.965,"hip hop, pop",True,1
Enrique Iglesias,Not In Love - Radio Mix,223133,2003,0,0.762,0.885,0,-5.096,0,0.0395,0.0371,0.0,0.0519,0.886,117.021,"pop, latin",False,0
Kelis,Milkshake,182626,2003,1,0.881,0.774,1,-6.068,1,0.0439,0.00986,0.0346,0.206,0.759,112.968,"pop, R&B, Dance/Electronic",False,0
Linkin Park,Breaking the Habit,196906,2003,1,0.579,0.849,4,-5.218,0,0.0303,0.108,0.0,0.0909,0.581,100.021,"rock, metal",False,0
JoJo,Leave (Get Out) - Radio Edit,242746,2005,0,0.656,0.513,5,-8.691,1,0.253,0.156,6.45e-05,0.0763,0.464,86.891,"hip hop, pop, R&B",False,0
Christina Milian,Dip It Low,197186,2004,0,0.752,0.722,11,-4.207,0,0.104,0.0108,0.000536,0.0753,0.612,169.131,"hip hop, pop, R&B",False,0
Avant,Read Your Mind,263506,2003,1,0.755,0.381,8,-6.696,0,0.0711,0.291,5.13e-06,0.0974,0.695,73.108,"pop, R&B",False,0
Eminem,Just Lose It,248680,2004,1,0.94,0.633,8,-3.56,1,0.0467,0.0581,4.04e-05,0.281,0.962,121.003,hip hop,True,1
Sugababes,Too Lost In You,237693,2003,1,0.586,0.705,1,-4.904,0,0.0287,0.0485,0.0,0.15,0.459,98.014,"pop, R&B",False,0
Snoop Dogg,Drop It Like It's Hot,266066,2004,0,0.892,0.628,1,-3.832,1,0.216,0.169,0.0,0.102,0.676,92.063,"hip hop, pop",True,1
Sean Paul,I'm Still in Love with You (feat. Sasha),273360,2002,1,0.765,0.666,7,-5.384,1,0.172,0.102,0.0,0.116,0.756,87.002,"hip hop, pop",False,0
The Shapeshifters,Lola's Theme - Radio Edit,207066,2004,1,0.748,0.845,5,-4.612,0,0.0536,0.00083,0.000225,0.068,0.659,123.925,Dance/Electronic,False,0
D12,How Come,249533,2004,1,0.745,0.858,9,-2.221,1,0.237,0.28,0.0,0.188,0.547,89.983,"hip hop, pop, rock",True,1
Basement Jaxx,Good Luck,282306,2003,0,0.571,0.968,5,-3.092,1,0.162,0.0649,3.07e-06,0.592,0.313,154.07,"pop, Dance/Electronic",False,0
Kevin Lyttle,Turn Me On,192106,2004,1,0.677,0.682,9,-6.879,1,0.0361,0.0405,0.0,0.0351,0.875,106.279,hip hop,False,0
Chingy,One Call Away,276800,2003,1,0.765,0.821,4,-5.926,0,0.183,0.0918,0.0,0.217,0.962,162.519,"hip hop, pop, R&B",False,0
T.I.,Bring Em Out,216706,2004,1,0.759,0.891,11,-2.983,1,0.257,0.0298,0.0,0.141,0.587,98.579,"hip hop, pop",True,1
DJ Casper,Cha Cha Slide - Hardino Mix,222146,2004,0,0.853,0.911,11,-6.722,0,0.125,0.0436,0.00571,0.287,0.802,131.012,set(),False,0
Kylie Minogue,I Believe in You,200973,2004,0,0.548,0.785,7,-5.087,1,0.0704,0.00277,0.048,0.329,0.418,120.939,"pop, Dance/Electronic",False,0
Twista,Overnight Celebrity,233360,2004,1,0.828,0.792,10,-5.435,0,0.179,0.182,0.0,0.281,0.777,134.199,"hip hop, pop, R&B",True,1
N.E.R.D,She Wants To Move,213786,2004,1,0.766,0.851,5,-4.831,1,0.0786,0.00402,0.000744,0.256,0.8,115.012,hip hop,False,0
Britney Spears,Everytime,230306,2003,1,0.398,0.284,3,-12.852,1,0.0337,0.966,8.57e-05,0.116,0.114,109.599,pop,False,0
U2,Vertigo,193520,2004,1,0.416,0.819,9,-3.974,1,0.0613,0.000138,0.00108,0.147,0.632,140.083,"World/Traditional, rock",False,0
Franz Ferdinand,Take Me Out,237026,2004,1,0.277,0.663,4,-8.821,0,0.0377,0.000409,0.00051,0.136,0.527,104.561,rock,False,0
J-Kwon,Tipsy - Club Mix,247106,2001,1,0.925,0.741,9,-5.827,0,0.315,0.0653,0.0,0.044,0.654,93.04,"hip hop, pop",True,1
G-Unit,Wanna Get To Know You,265026,2003,1,0.513,0.826,10,-3.651,0,0.132,0.106,0.0,0.0675,0.889,76.91,"hip hop, pop",True,1
Lil' Flip,Sunshine (feat. Lea),225173,2004,0,0.814,0.387,0,-9.867,1,0.0946,0.0248,0.0,0.131,0.792,93.961,"hip hop, pop",True,1
Kanye West,Jesus Walks,193733,2004,1,0.637,0.834,3,-4.686,0,0.323,0.614,0.0,0.317,0.715,87.312,hip hop,True,1
Evanescence,My Immortal,262533,2003,1,0.19,0.265,9,-9.206,1,0.0356,0.863,0.0,0.134,0.101,79.012,metal,False,0
Nelly,My Place,336506,2004,1,0.6,0.641,1,-4.237,0,0.0423,0.0498,1.49e-06,0.0982,0.642,163.153,"hip hop, pop, R&B",True,1
Lemar,If There's Any Justice,229080,2004,0,0.706,0.665,6,-5.348,0,0.0453,0.0128,0.0,0.338,0.639,89.993,R&B,False,0
No Doubt,It's My Life,226053,2003,1,0.612,0.735,8,-5.074,0,0.0282,0.00202,0.00118,0.328,0.783,126.326,"rock, pop",False,0
Avril Lavigne,Don't Tell Me,202013,2004,1,0.523,0.795,4,-2.92,1,0.0386,0.00462,0.0,0.358,0.484,144.106,pop,False,0
Twista,Slow Jamz,316053,2004,1,0.559,0.733,2,-5.659,0,0.171,0.314,0.0,0.284,0.611,145.115,"hip hop, pop, R&B",True,1
Green Day,American Idiot,176346,2004,1,0.38,0.988,1,-2.042,1,0.0639,2.64e-05,7.86e-05,0.368,0.769,186.113,rock,True,1
Kelis,Millionaire,224933,2003,1,0.68,0.847,11,-6.636,1,0.108,0.0217,0.0,0.0374,0.75,176.051,"pop, R&B, Dance/Electronic",False,0
Scissor Sisters,Comfortably Numb,266040,2004,0,0.803,0.924,7,-6.466,1,0.0391,0.237,0.0167,0.104,0.788,116.972,"pop, rock, Dance/Electronic",False,0
Alicia Keys,Diary (feat. Tony! Toni! Tone! & Jermaine Paul),284160,2003,1,0.663,0.465,8,-9.711,0,0.0317,0.555,0.00183,0.125,0.279,127.932,"pop, R&B",False,0
Kanye West,Through The Wire,221226,2004,1,0.571,0.739,7,-6.11,1,0.247,0.00865,5.21e-06,0.158,0.66,83.089,hip hop,True,1
Special D.,Come With Me - Radio Edit,185133,2004,1,0.739,0.999,7,-5.077,1,0.0803,0.13,0.00224,0.28,0.501,139.982,pop,False,0
Ludacris,Splash Waterfalls,290760,2003,0,0.734,0.846,11,-6.102,1,0.409,0.101,0.0,0.233,0.702,145.894,"hip hop, pop",True,1
Avril Lavigne,My Happy Ending,242413,2004,1,0.414,0.936,2,-2.407,1,0.0758,0.00136,0.0,0.369,0.74,170.229,pop,True,1
Dido,White Flag,240040,2003,0,0.512,0.525,5,-6.823,1,0.0401,0.327,3.3e-06,0.081,0.294,169.951,pop,False,0
Eamon,Fuck It (I Don't Want You Back),225106,2004,1,0.828,0.653,0,-6.245,0,0.0653,0.214,3.25e-06,0.0404,0.575,68.507,set(),True,1
Beyoncé,"Me, Myself and I",301133,2003,1,0.75,0.458,1,-9.092,1,0.0803,0.226,3.25e-05,0.137,0.536,83.61,"pop, R&B",False,0
3 Doors Down,Here Without You,238733,2002,1,0.557,0.533,10,-6.817,0,0.0252,0.0492,0.0,0.205,0.233,143.994,"pop, rock, metal",False,0
Kanye West,All Falls Down,223506,2004,1,0.657,0.734,8,-4.832,0,0.484,0.149,0.0,0.139,0.434,91.03,hip hop,True,1
Twista,Sunshine (feat. Anthony Hamilton),226013,2004,1,0.926,0.888,11,-5.337,1,0.294,0.261,0.0,0.348,0.819,98.523,"hip hop, pop, R&B",True,1
Katie Melua,The Closest Thing to Crazy,252466,2003,1,0.562,0.219,4,-13.2,1,0.0312,0.856,0.000296,0.0979,0.106,127.831,"pop, easy listening, jazz",False,0
Usher,My Boo,223440,2004,1,0.662,0.507,5,-8.238,1,0.118,0.257,0.0,0.0465,0.676,86.412,"hip hop, pop, R&B",False,0
Lloyd,Southside,277840,2004,1,0.688,0.404,9,-9.481,0,0.0818,0.377,0.0,0.0813,0.448,75.007,"hip hop, pop, R&B",False,0
LMC,Take Me To The Clouds Above - LMC Vs. U2 / Radio Edit,171546,2004,1,0.668,0.905,6,-5.395,1,0.038,0.00232,0.0331,0.141,0.667,128.658,Dance/Electronic,False,0
The Streets,Fit but You Know It,254266,2004,1,0.68,0.844,6,-1.729,1,0.299,0.23,0.0,0.0305,0.895,172.302,"hip hop, Dance/Electronic",True,1
JUVENILE,Slow Motion,248200,2003,1,0.713,0.734,0,-4.894,0,0.325,0.548,0.0,0.0687,0.89,172.872,"hip hop, pop",True,1
Outkast,The Way You Move (feat. Sleepy Brown),234000,2003,1,0.871,0.597,5,-4.932,0,0.0464,0.126,0.000113,0.0638,0.635,125.999,"hip hop, pop",True,1
Girls Aloud,Love Machine,205360,2004,1,0.663,0.95,7,-4.21,1,0.0621,0.00127,0.00492,0.0753,0.697,116.02,"pop, Dance/Electronic",False,0
Jessica Simpson,With You,191826,2003,1,0.553,0.756,0,-4.583,1,0.108,0.0923,0.0,0.215,0.605,94.487,"pop, R&B",False,0
Eminem,Like Toy Soldiers,296880,2004,0,0.52,0.768,8,-3.489,0,0.359,0.0193,0.00034,0.104,0.398,79.178,hip hop,True,1
Gary Jules,Mad World (Feat. Michael Andrews),189506,2001,1,0.345,0.0581,3,-17.217,1,0.0374,0.976,0.000366,0.103,0.304,174.117,pop,False,0
Ashlee Simpson,Pieces Of Me,217440,2004,1,0.505,0.799,2,-4.286,1,0.0773,0.0572,0.0,0.11,0.772,174.001,pop,False,0
Will Young,Leave Right Now,214733,2003,1,0.641,0.445,6,-8.674,1,0.0368,0.145,0.0,0.108,0.383,81.931,pop,False,0
Alicia Keys,You Don't Know My Name,366733,2003,1,0.264,0.663,9,-8.264,1,0.187,0.59,0.00443,0.342,0.249,167.078,"pop, R&B",False,0
Mariah Carey,We Belong Together,201400,2005,1,0.84,0.476,0,-7.918,1,0.0629,0.0264,0.0,0.0865,0.767,139.987,"pop, R&B",False,0
Mario,Let Me Love You,256733,2004,1,0.656,0.578,7,-8.97,0,0.0922,0.235,0.0,0.118,0.556,94.514,"pop, R&B",False,0
Kanye West,Gold Digger,207626,2005,1,0.629,0.696,1,-5.572,0,0.348,0.0195,0.0,0.0554,0.623,93.034,hip hop,True,1
Rihanna,Pon de Replay,246960,2005,1,0.779,0.64,7,-8.415,1,0.159,0.000155,0.00077,0.101,0.498,99.019,"hip hop, pop, R&B",False,0
50 Cent,Candy Shop,209106,2005,1,0.614,0.574,11,-7.961,1,0.466,0.0253,3.2e-05,0.38,0.755,125.173,"hip hop, pop",True,1
James Blunt,You're Beautiful,209493,2005,1,0.675,0.479,0,-9.87,0,0.0278,0.633,1.76e-05,0.088,0.454,81.998,pop,True,1
Green Day,Boulevard of Broken Dreams,261266,2004,1,0.49,0.679,8,-3.68,1,0.0309,0.00394,1.54e-05,0.0383,0.506,167.046,rock,True,1
The Pussycat Dolls,Don't Cha,272080,2005,1,0.875,0.631,1,-3.475,1,0.099,0.00542,2.54e-06,0.127,0.549,120.003,"pop, R&B",False,0
Daniel Powter,Bad Day,233640,2005,1,0.599,0.785,3,-4.013,1,0.0309,0.448,0.00336,0.151,0.52,140.046,pop,False,0
Akon,Bananza (Belly Dancer),238493,2004,0,0.878,0.699,10,-5.897,0,0.132,0.0345,3.37e-06,0.755,0.666,104.838,pop,False,0
Madonna,Hung Up,337733,2005,1,0.649,0.647,9,-7.695,0,0.0452,0.0039,0.161,0.0686,0.405,125.02,pop,False,0
50 Cent,Just A Lil Bit,237706,2005,1,0.489,0.692,1,-6.672,1,0.41,0.0322,0.00608,0.315,0.527,96.946,"hip hop, pop",True,1
Crazy Frog,Axel F,168879,2005,1,0.86,0.907,2,-3.321,1,0.0407,0.279,0.693,0.0648,0.786,138.045,pop,False,0
Eminem,Ass Like That,265480,2004,0,0.646,0.796,2,-6.152,1,0.366,0.409,0.0,0.107,0.676,83.093,hip hop,True,1
Sean Paul,We Be Burnin',213066,2005,1,0.95,0.803,1,-4.195,1,0.151,0.145,0.0,0.0748,0.86,117.0,"hip hop, pop",False,0
Gwen Stefani,Rich Girl,236213,2004,1,0.856,0.754,7,-2.728,0,0.0416,0.0294,1.49e-05,0.206,0.722,98.018,"pop, R&B",False,0
The Chemical Brothers,Galvanize,393813,2005,1,0.745,0.714,7,-3.681,1,0.0751,0.0141,0.0222,0.363,0.365,104.003,Dance/Electronic,False,0
Fort Minor,Remember the Name (feat. Styles of Beyond),230493,2005,1,0.688,0.835,8,-4.162,1,0.0911,0.0583,2.87e-06,0.0795,0.88,84.858,"hip hop, pop, rock",True,1
50 Cent,Disco Inferno,214226,2005,1,0.925,0.659,3,-4.763,1,0.231,0.206,7.88e-05,0.279,0.71,97.018,"hip hop, pop",True,1
The Game,How We Do,235533,2005,1,0.862,0.648,4,-7.401,0,0.251,0.0455,0.0,0.0332,0.637,98.012,"hip hop, pop",True,1
Chris Brown,Run It! (feat. Juelz Santana),229866,2005,1,0.846,0.482,1,-6.721,0,0.129,0.0246,0.0,0.393,0.212,100.969,"hip hop, pop, R&B",False,0
Mariah Carey,It's Like That,203360,2005,0,0.8,0.633,8,-4.875,0,0.0514,0.0901,0.0,0.0315,0.836,95.953,"pop, R&B",False,0
Black Eyed Peas,My Humps,326960,2005,1,0.802,0.682,1,-5.924,0,0.222,0.111,1.39e-05,0.109,0.586,123.95,"hip hop, pop",False,0
Ciara,Oh (feat. Ludacris),256346,2004,1,0.8,0.496,7,-7.135,1,0.0506,0.000298,0.0,0.0697,0.357,128.29,"pop, R&B",False,0
50 Cent,Outta Control - Remix,247506,2005,1,0.772,0.599,8,-5.996,0,0.246,0.0277,0.0,0.0839,0.557,92.029,"hip hop, pop",True,1
Baby Bash,"Baby, I'm Back",219920,2005,0,0.899,0.365,9,-5.461,0,0.105,0.0508,0.0,0.097,0.749,100.01,"hip hop, pop, R&B, latin",True,1
Jennifer Lopez,Get Right,225533,2005,1,0.741,0.759,0,-5.096,0,0.12,0.0218,0.0,0.628,0.362,97.084,"hip hop, pop, R&B",False,0
JAY-Z,Numb / Encore,205733,2004,1,0.687,0.793,2,-4.254,1,0.166,0.0603,0.0,0.582,0.751,107.045,hip hop,True,1
The Game,Hate It Or Love It,206400,2005,1,0.802,0.785,9,-4.781,1,0.207,0.14,0.0,0.123,0.435,99.998,"hip hop, pop",True,1
Gorillaz,Feel Good Inc.,222640,2005,1,0.818,0.705,6,-6.679,1,0.177,0.00836,0.00233,0.613,0.772,138.559,hip hop,False,0
Black Eyed Peas,Don't Phunk With My Heart,239773,2005,1,0.69,0.928,5,-2.76,0,0.061,0.00937,0.0,0.547,0.604,130.889,"hip hop, pop",False,0
Akon,Lonely,235800,2004,0,0.629,0.532,5,-7.88,0,0.0352,0.331,0.0,0.238,0.619,90.098,pop,True,1
Bodyrockers,I Like The Way - Radio Edit,200053,2005,0,0.642,0.851,6,-3.638,1,0.0431,0.0248,0.0146,0.084,0.777,127.988,"rock, Dance/Electronic",False,0
Sugababes,Push The Button,218093,2005,1,0.962,0.66,8,-5.096,1,0.061,0.0485,0.0,0.076,0.814,126.016,"pop, R&B",False,0
Jeezy,Soul Survivor,280013,2005,1,0.684,0.493,10,-7.728,1,0.0459,0.000839,0.0,0.157,0.08,84.03,"hip hop, pop",True,1
Eminem,Mockingbird,250760,2004,1,0.637,0.678,0,-3.798,1,0.266,0.209,0.0,0.156,0.254,84.039,hip hop,True,1
Shakira,La Tortura (feat. Alejandro Sanz),212893,2005,1,0.74,0.783,0,-5.367,1,0.0427,0.0297,0.000308,0.123,0.812,100.011,"pop, latin",False,0
Gorillaz,DARE,244999,2005,1,0.76,0.891,11,-5.852,0,0.0372,0.0229,0.0869,0.298,0.966,120.264,hip hop,False,0
Snoop Dogg,Signs,236813,2004,0,0.94,0.713,7,-5.308,1,0.127,0.0319,0.00076,0.325,0.666,112.955,"hip hop, pop",True,1
Robbie Williams,Tripping,276603,2005,1,0.666,0.922,2,-4.458,0,0.0429,0.0381,0.000191,0.0633,0.828,118.014,"pop, rock",False,0
David Banner,Play,230133,2005,0,0.837,0.658,1,-8.013,0,0.126,0.000213,0.122,0.243,0.586,95.027,"hip hop, pop",True,1
Trillville,Some Cut,283454,2004,0,0.9,0.515,1,-6.626,1,0.372,0.00341,0.0,0.111,0.659,84.995,"hip hop, pop",True,1
D4L,Laffy Taffy,224253,2005,1,0.891,0.439,7,-7.994,0,0.428,0.0351,0.0,0.0932,0.622,77.499,"hip hop, pop",True,1
Missy Elliott,Lose Control (feat. Ciara & Fat Man Scoop),226863,2005,1,0.904,0.813,4,-7.105,0,0.121,0.0311,0.00697,0.0471,0.81,125.461,"hip hop, pop, R&B",True,1
Rob Thomas,Lonely No More,226640,2005,1,0.551,0.896,9,-3.152,0,0.109,0.033,0.0,0.0899,0.858,171.79,"pop, Folk/Acoustic",False,0
Brian McFadden,Almost Here,229826,2004,0,0.561,0.452,9,-7.324,0,0.0336,0.409,0.0,0.106,0.316,77.984,set(),False,0
Bobby V.,"Slow Down - 12"" Version",258666,2005,1,0.568,0.732,11,-4.896,0,0.103,0.179,4.92e-06,0.401,0.626,186.048,"hip hop, pop, R&B",False,0
Backstreet Boys,Incomplete,239586,2005,1,0.437,0.589,4,-4.834,1,0.0331,0.231,0.0,0.0768,0.165,133.631,pop,False,0
Pretty Ricky,Grind With Me,237733,2005,1,0.7,0.538,1,-5.952,1,0.045,0.000204,0.0,0.105,0.189,136.518,"hip hop, pop, R&B",True,1
Kanye West,Diamonds From Sierra Leone - Remix,233400,2005,1,0.672,0.814,7,-3.768,1,0.27,0.258,0.0,0.164,0.379,97.043,hip hop,True,1
Snoop Dogg,Drop It Like It's Hot,266066,2004,0,0.892,0.628,1,-3.832,1,0.216,0.169,0.0,0.102,0.676,92.063,"hip hop, pop",True,1
Fat Joe,Get It Poppin' (feat. Nelly) - Radio Version,211320,2005,0,0.905,0.55,1,-7.558,1,0.372,0.0628,0.0,0.0644,0.52,100.813,"hip hop, pop",False,0
Destiny's Child,Soldier (feat. T.I. & Lil' Wayne),325573,2004,1,0.878,0.417,7,-6.799,1,0.361,0.0444,0.0,0.0833,0.904,77.49,"pop, R&B",False,0
Ciara,"1, 2 Step (feat. Missy Elliott) - Main",202213,2005,0,0.939,0.498,5,-10.94,0,0.161,0.0444,0.00128,0.0475,0.801,113.053,"pop, R&B",False,0
Amerie,1 Thing,238746,2008,0,0.636,0.946,10,-4.683,0,0.332,0.115,3.75e-05,0.0416,0.891,125.085,"hip hop, pop, R&B",False,0
Ludacris,Get Back,270746,2004,1,0.555,0.639,1,-5.16,1,0.263,0.0594,0.0,0.118,0.184,171.609,"hip hop, pop",True,1
Franz Ferdinand,Do You Want To,215000,2005,1,0.412,0.944,0,-2.896,1,0.0448,0.0724,0.000493,0.801,0.79,123.091,rock,False,0
Natalie Imbruglia,Shiver,222653,2005,0,0.489,0.798,1,-4.49,1,0.0316,0.00115,2.81e-06,0.149,0.309,94.163,"pop, Folk/Acoustic",False,0
Gwen Stefani,Hollaback Girl,199853,2004,1,0.926,0.916,10,-2.221,0,0.0929,0.35,6.17e-06,0.0234,0.904,110.007,"pop, R&B",True,1
Pretty Ricky,Your Body,240040,2005,1,0.838,0.594,4,-5.695,0,0.113,0.176,0.0,0.0867,0.507,90.038,"hip hop, pop, R&B",True,1
Thirty Seconds To Mars,The Kill,231533,2005,1,0.179,0.912,4,-3.881,0,0.0791,0.0014,0.000294,0.582,0.289,182.99,rock,False,0
Alicia Keys,Karma,256000,2003,0,0.727,0.736,10,-6.203,1,0.0615,0.0743,0.00311,0.0348,0.687,85.098,"pop, R&B",False,0
2Pac,Ghetto Gospel,238053,2004,1,0.794,0.614,5,-5.352,0,0.0467,0.0964,0.0,0.0788,0.663,80.569,hip hop,True,1
Craig David,Don't Love You No More (I'm Sorry),243986,2005,1,0.636,0.558,7,-7.076,1,0.0245,0.462,0.0,0.062,0.572,100.113,"hip hop, pop, R&B",False,0
Katie Melua,Nine Million Bicycles,197160,2005,1,0.534,0.247,0,-15.636,1,0.0322,0.516,0.00859,0.122,0.344,82.168,"pop, easy listening, jazz",False,0
Lil Jon & The East Side Boyz,Lovers And Friends,260600,2004,1,0.675,0.501,10,-6.183,1,0.22,0.0541,0.0,0.429,0.532,139.861,"hip hop, pop",True,1
Mariah Carey,Don't Forget About Us - Radio Edit,233866,2005,0,0.7,0.529,10,-6.816,0,0.0395,0.0422,0.0,0.101,0.386,143.555,"pop, R&B",False,0
Ying Yang Twins,Wait (The Whisper Song),179160,2005,1,0.933,0.513,7,-13.203,1,0.347,0.00112,0.00248,0.107,0.595,102.017,"hip hop, pop",True,1
Will Smith,Switch,197666,2020,0,0.873,0.9,5,-4.325,0,0.18,0.0107,0.000502,0.556,0.478,102.516,"hip hop, pop",False,0
Bow Wow,Like You (feat. Ciara),205840,2005,1,0.714,0.6,6,-8.365,1,0.0876,0.0465,0.0,0.0646,0.504,82.017,"hip hop, pop, R&B",False,0
Kaiser Chiefs,Everyday I Love You Less And Less,217706,2005,1,0.49,0.956,1,-4.556,0,0.0407,0.00466,6.15e-06,0.242,0.577,160.028,rock,False,0
Kelly Clarkson,Behind These Hazel Eyes,198973,2004,1,0.548,0.889,9,-4.682,1,0.0382,0.00165,0.00109,0.197,0.425,90.048,"pop, R&B",False,0
Black Eyed Peas,Don't Lie,219000,2005,1,0.662,0.785,9,-5.299,1,0.186,0.16,0.0,0.0784,0.604,89.885,"hip hop, pop",False,0
Westlife,You Raise Me Up,241066,2005,0,0.129,0.358,10,-6.596,1,0.0314,0.631,0.0,0.0886,0.172,75.048,pop,False,0
Ray J,One Wish,337640,2005,1,0.525,0.652,5,-7.042,0,0.28,0.278,0.0,0.339,0.602,127.673,"hip hop, pop, R&B",False,0
Papa Roach,Scars,208199,2004,1,0.455,0.929,11,-3.295,1,0.0494,0.0875,0.0,0.226,0.484,89.782,"rock, metal",False,0
Arctic Monkeys,I Bet You Look Good On The Dancefloor,173680,2006,1,0.535,0.948,6,-4.19,0,0.0356,0.00225,0.0,0.376,0.778,103.183,rock,False,0
Shayne Ward,That's My Goal,219600,2006,0,0.286,0.508,2,-5.966,1,0.0336,0.372,0.0,0.27,0.14,68.637,pop,False,0
Bow Wow,Let Me Hold You (feat. Omarion),248493,2005,1,0.815,0.662,6,-8.244,1,0.199,0.0915,0.000409,0.0898,0.611,151.518,"hip hop, pop, R&B",False,0
Kaiser Chiefs,I Predict A Riot,233186,2005,1,0.395,0.979,8,-3.241,1,0.0766,0.0243,0.0,0.12,0.41,158.842,rock,False,0
Usher,Caught Up,224640,2004,1,0.817,0.806,6,-4.606,1,0.0623,0.027,9e-06,0.119,0.805,110.086,"hip hop, pop, R&B",False,0
Kelly Clarkson,Because of You,219493,2004,1,0.587,0.583,5,-5.284,0,0.0313,0.248,0.0,0.124,0.15,139.92,"pop, R&B",False,0
3 Doors Down,Let Me Go,243053,2012,0,0.478,0.863,1,-4.914,0,0.0387,0.0181,0.0,0.111,0.491,92.004,"pop, rock, metal",False,0
Nickelback,Photograph,258920,2005,1,0.515,0.876,8,-3.756,1,0.0292,0.000932,0.000166,0.136,0.385,145.916,"rock, metal",False,0
T-Pain,I'm Sprung,231040,2005,0,0.722,0.329,0,-11.617,0,0.108,0.088,0.0,0.081,0.166,99.991,"hip hop, pop, R&B",False,0
Destiny's Child,Cater 2 U,245400,2004,1,0.605,0.584,11,-7.043,0,0.197,0.286,0.0,0.235,0.464,125.802,"pop, R&B",False,0
The Pussycat Dolls,Stickwitu,207506,2005,1,0.548,0.554,9,-6.408,1,0.0587,0.283,0.0,0.0708,0.382,79.918,"pop, R&B",False,0
Ryan Cabrera,TRUE,204173,2004,1,0.598,0.4,6,-10.054,1,0.0241,0.459,0.0,0.151,0.369,96.938,pop,False,0
Stereophonics,Dakota,297426,2005,1,0.506,0.93,4,-3.499,1,0.0675,0.129,0.00682,0.0931,0.305,146.994,"rock, pop",False,0
Eminem,Like Toy Soldiers,296880,2004,1,0.52,0.768,8,-3.489,0,0.359,0.0193,0.00034,0.104,0.398,79.178,hip hop,True,1
Nelly,Over And Over,253933,2004,1,0.644,0.517,7,-10.02,1,0.0803,0.0065,1.37e-06,0.158,0.464,169.799,"hip hop, pop, R&B",True,1
Coldplay,Speed of Sound,287906,2005,1,0.514,0.898,11,-6.765,0,0.0577,0.00488,0.0345,0.0746,0.353,123.067,"rock, pop",False,0
KT Tunstall,Suddenly I See,201706,2005,1,0.587,0.767,0,-5.713,1,0.0449,0.225,0.0,0.112,0.664,100.38,"World/Traditional, pop, Folk/Acoustic",False,0
Destiny's Child,Girl,224146,2004,1,0.567,0.747,6,-6.019,0,0.105,0.31,0.0,0.04,0.556,89.036,"pop, R&B",False,0
Kelly Clarkson,Since U Been Gone,188960,2004,1,0.662,0.739,9,-5.354,0,0.0322,0.00206,0.0603,0.113,0.382,130.999,"pop, R&B",False,0
U2,Sometimes You Can't Make It On Your Own,305080,2004,1,0.53,0.597,2,-5.652,1,0.0247,0.00275,0.473,0.105,0.346,96.0,"World/Traditional, rock",False,0
The All-American Rejects,Dirty Little Secret,193653,2005,1,0.469,0.955,10,-4.253,1,0.0432,0.000343,1.35e-06,0.548,0.462,143.853,"rock, pop",False,0
Toby Keith,As Good As I Once Was,227840,2005,1,0.68,0.87,5,-4.461,1,0.0393,0.266,0.0,0.109,0.646,119.075,country,False,0
Gwen Stefani,Cool,189333,2004,1,0.709,0.721,2,-3.52,1,0.0281,0.0322,0.000309,0.355,0.801,112.019,"pop, R&B",False,0
Foo Fighters,Best of You,255626,2005,1,0.366,0.94,1,-5.119,0,0.0696,0.000769,9.42e-05,0.188,0.369,130.198,"rock, metal",False,0
Shakira,Hips Don't Lie (feat. Wyclef Jean),218093,2005,1,0.778,0.824,10,-5.892,0,0.0707,0.284,0.0,0.405,0.758,100.024,"pop, latin",False,0
Sean Paul,Temperature,218573,2005,1,0.951,0.6,0,-4.675,0,0.0685,0.106,0.0,0.0712,0.822,125.04,"hip hop, pop",False,0
Justin Timberlake,SexyBack (feat. Timbaland),242733,2006,1,0.967,0.583,7,-5.562,0,0.0789,0.0584,0.0,0.0519,0.964,117.0,pop,True,1
Beyoncé,Irreplaceable,227853,2007,1,0.447,0.694,7,-4.637,0,0.382,0.0293,5.46e-06,0.167,0.509,175.868,"pop, R&B",False,0
Amy Winehouse,Rehab,214946,2006,1,0.407,0.558,0,-13.609,1,0.0552,0.0541,1.51e-06,0.34,0.777,71.815,R&B,False,0
Rihanna,SOS,238920,2006,1,0.677,0.671,7,-4.905,1,0.0361,0.004,5.07e-05,0.413,0.527,137.046,"hip hop, pop, R&B",False,0
Gnarls Barkley,Crazy,177466,2006,1,0.855,0.587,8,-4.589,1,0.0336,0.0505,0.00714,0.105,0.64,111.97,"hip hop, R&B",False,0
Busta Rhymes,Touch It,214960,2006,1,0.658,0.551,1,-6.62,1,0.37,0.0043,0.000108,0.197,0.442,138.335,"hip hop, pop",True,1
Nelly Furtado,Maneater,258893,2006,1,0.796,0.777,6,-4.81,1,0.0397,0.0261,0.000358,0.121,0.787,132.722,"hip hop, pop, latin",False,0
Bob Sinclar,Rock This Party - Everybody Dance Now,245466,2006,1,0.893,0.823,5,-3.708,0,0.122,0.0714,0.0,0.0509,0.902,128.009,"pop, Dance/Electronic",False,0
Diddy,Come to Me (feat. Nicole Scherzinger),276786,2006,1,0.819,0.485,6,-6.45,0,0.0756,0.0176,0.0,0.658,0.386,96.998,"hip hop, pop",True,1
Madonna,Sorry,281880,2005,1,0.589,0.877,0,-6.229,0,0.046,0.00121,0.013,0.169,0.443,132.971,pop,False,0
Chamillionaire,Ridin',303053,2005,1,0.787,0.799,8,-4.68,0,0.0993,0.189,0.0,0.3,0.835,143.052,"hip hop, pop",True,1
Black Eyed Peas,Pump It,213066,2005,1,0.648,0.931,1,-3.15,0,0.181,0.00937,0.0,0.752,0.744,153.649,"hip hop, pop",False,0
Nelly Furtado,Promiscuous,242293,2006,1,0.808,0.97,10,-6.098,0,0.0506,0.0569,6.13e-05,0.154,0.868,114.328,"hip hop, pop, latin",False,0
Fedde Le Grand,Put Your Hands Up for Detroit - Radio Edit,150533,2015,0,0.814,0.923,7,-4.525,1,0.229,0.0154,0.154,0.0862,0.518,127.919,"pop, Dance/Electronic",False,0
Sean Paul,(When You Gonna) Give It Up to Me (feat. Keyshia Cole) - Radio Version,243880,2006,1,0.711,0.761,8,-3.04,1,0.225,0.067,0.0,0.041,0.718,95.824,"hip hop, pop",False,0
The Pussycat Dolls,Buttons,225560,2005,1,0.565,0.817,2,-4.338,1,0.27,0.152,0.0,0.247,0.477,210.851,"pop, R&B",False,0
Ciara,Get Up (feat. Chamillionaire),261880,2006,1,0.964,0.595,1,-6.887,0,0.109,0.0248,5.14e-06,0.0405,0.629,128.593,"pop, R&B",False,0
Eminem,Shake That,274440,2005,1,0.963,0.643,1,-5.785,0,0.117,0.0507,4.94e-05,0.157,0.534,107.005,hip hop,True,1
Cherish,Do It To It,226293,2006,1,0.826,0.67,2,-5.559,1,0.169,0.00798,0.0,0.495,0.794,74.007,"hip hop, pop, R&B",False,0
Muse,Supermassive Black Hole,212439,2006,1,0.668,0.921,7,-3.727,1,0.0439,0.0492,0.00517,0.0877,0.782,120.0,rock,False,0
Chris Brown,Gimme That,186826,2005,1,0.678,0.572,11,-7.033,0,0.0466,0.00374,6.59e-05,0.118,0.444,87.165,"hip hop, pop, R&B",False,0
Infernal,From Paris to Berlin,209666,2004,1,0.741,0.869,9,-6.534,0,0.0816,0.096,0.0,0.0396,0.839,126.069,pop,False,0
Cassie,Me & U,192213,2006,1,0.803,0.454,8,-4.802,0,0.0294,0.352,0.0,0.0655,0.739,99.99,"pop, R&B",False,0
E-40,U and Dat (feat. T. Pain & Kandi Girl),202720,2006,1,0.858,0.484,6,-7.448,0,0.277,0.0241,1.8e-06,0.123,0.329,99.992,"hip hop, pop",True,1
The Pussycat Dolls,Beep,229360,2005,1,0.938,0.735,7,-6.382,1,0.0434,0.00952,0.0,0.0998,0.55,103.7,"pop, R&B",False,0
Lil Jon,Snap Yo Fingers,274386,2006,1,0.835,0.757,8,-5.029,0,0.23,0.00647,0.0,0.29,0.626,82.038,"hip hop, pop",False,0
Armand Van Helden,My My My - Radio Edit,190000,2006,0,0.678,0.768,7,-8.502,1,0.137,0.0195,0.00866,0.0322,0.758,127.51,"pop, Dance/Electronic",False,0
The Notorious B.I.G.,"Nasty Girl (feat. Diddy, Nelly, Jagged Edge & Avery Storm) - 2005 Remaster",286186,2005,1,0.833,0.628,2,-7.041,1,0.141,0.0949,1.6e-06,0.282,0.645,106.328,hip hop,True,1
Yung Joc,It's Goin' Down (feat. Nitti),241840,2006,1,0.888,0.577,1,-7.702,0,0.0612,0.0986,0.0,0.131,0.609,84.003,"hip hop, pop",True,1
Shayne Ward,No Promises,223066,2006,0,0.5,0.498,4,-6.087,1,0.026,0.527,0.0,0.123,0.182,79.798,pop,False,0
Justin Timberlake,My Love (feat. T.I.),276160,2006,1,0.771,0.68,11,-5.881,0,0.224,0.277,1.18e-05,0.682,0.808,119.952,pop,False,0
Nickelback,Savin' Me,219320,2005,1,0.441,0.815,3,-4.088,1,0.0276,0.000731,0.0,0.414,0.522,164.007,"rock, metal",False,0
Nelly,Grillz,271160,2005,1,0.867,0.504,4,-7.737,0,0.241,0.0358,0.0,0.307,0.84,82.996,"hip hop, pop, R&B",False,0
Take That,Patience,202066,2006,1,0.309,0.783,10,-4.154,1,0.0405,0.142,1.11e-06,0.118,0.372,175.788,pop,False,0
Fergie,London Bridge,241306,2006,1,0.769,0.609,1,-5.894,1,0.357,0.216,0.0,0.166,0.633,90.951,"pop, R&B",True,1
Cascada,Everytime We Touch - Radio Edit,199120,2011,0,0.64,0.977,8,-5.369,1,0.0555,0.00461,1.68e-05,0.371,0.493,142.019,"hip hop, pop, Dance/Electronic",False,0
D4L,Laffy Taffy,224253,2005,1,0.891,0.439,7,-7.994,0,0.428,0.0351,0.0,0.0932,0.622,77.499,"hip hop, pop",True,1
LL Cool J,Control Myself,233973,2006,0,0.825,0.876,10,-6.556,0,0.211,0.00928,1.2e-05,0.205,0.48,120.066,"hip hop, pop, R&B",False,0
Beyoncé,Deja Vu (feat. Jay-Z),240280,2007,1,0.644,0.746,7,-4.941,1,0.341,0.0071,1.22e-05,0.0743,0.355,105.253,"pop, R&B",False,0
P!nk,Stupid Girls,197173,2006,0,0.683,0.886,4,-5.045,0,0.071,0.000738,0.00188,0.0524,0.566,100.04,pop,True,1
Eminem,When I'm Gone,281320,2005,1,0.618,0.746,10,-5.476,0,0.352,0.0553,0.0,0.273,0.75,75.272,hip hop,True,1
Kelis,Bossy,273973,2006,0,0.906,0.633,4,-5.316,1,0.19,0.000182,8.34e-06,0.058,0.779,84.021,"pop, R&B, Dance/Electronic",False,0
Bob Sinclar,Love Generation - Radio Edit,207613,2005,0,0.715,0.812,1,-5.758,1,0.062,0.175,0.000134,0.044,0.554,128.04,"pop, Dance/Electronic",False,0
Meck,Thunder in My Heart Again (Radio Edit),189800,2005,0,0.679,0.922,2,-4.67,0,0.0294,0.000241,0.69,0.0697,0.806,129.016,set(),False,0
Mary J. Blige,Be Without You - Kendu Mix,246333,2005,1,0.726,0.7,2,-5.881,0,0.0998,0.0717,0.0,0.262,0.673,146.559,"pop, R&B",True,1
Girls Aloud,Something Kinda Ooooh,201590,2012,0,0.681,0.908,11,-3.918,0,0.0473,0.0232,0.0,0.355,0.879,131.925,"pop, Dance/Electronic",False,0
Rihanna,Unfaithful,226973,2006,1,0.588,0.391,0,-8.607,0,0.0334,0.839,0.0,0.227,0.349,144.069,"hip hop, pop, R&B",False,0
Kanye West,Touch The Sky,236600,2005,1,0.552,0.846,9,-4.912,1,0.342,0.0114,0.0,0.309,0.554,98.56,hip hop,True,1
Dem Franchize Boyz,"Lean Wit It, Rock Wit It",229813,2006,1,0.886,0.62,5,-5.854,1,0.307,0.082,0.0,0.1,0.6,76.035,"hip hop, pop",True,1
Evanescence,Call Me When You're Sober,214706,2006,1,0.45,0.883,7,-4.094,1,0.0524,0.00193,0.0,0.293,0.328,93.41,metal,False,0
Chingy,Pullin' Me Back,234133,2006,1,0.786,0.511,7,-6.66,1,0.286,0.0825,0.0,0.12,0.587,80.0,"hip hop, pop, R&B",True,1
Nickelback,Far Away,238173,2005,1,0.518,0.797,6,-5.153,1,0.0309,0.000681,0.0,0.107,0.293,132.918,"rock, metal",False,0
Fall Out Boy,"Dance, Dance",180266,2005,1,0.622,0.961,11,-3.198,0,0.154,0.00523,0.0,0.0854,0.449,114.452,rock,False,0
Leona Lewis,A Moment Like This,257293,2007,1,0.261,0.562,8,-3.667,1,0.0301,0.423,7.54e-06,0.131,0.167,70.543,"pop, R&B",False,0
T.I.,What You Know,274333,2006,1,0.551,0.81,11,-4.365,1,0.0344,0.0155,0.0,0.169,0.332,73.464,"hip hop, pop",True,1
Ludacris,Money Maker,230613,2006,1,0.551,0.598,1,-6.79,1,0.27,0.15,0.0,0.299,0.612,78.756,"hip hop, pop",True,1
Nick Lachey,What's Left Of Me,244613,2006,0,0.42,0.742,7,-5.665,1,0.0375,0.142,0.0,0.145,0.294,149.965,pop,False,0
Jibbs,Chain Hang Low,207586,2006,1,0.792,0.589,4,-6.869,0,0.262,0.0259,0.000128,0.114,0.778,157.147,"hip hop, pop",True,1
Arctic Monkeys,When The Sun Goes Down,202133,2006,1,0.348,0.875,11,-4.758,0,0.199,0.0341,0.0,0.117,0.407,169.152,rock,True,1
Rascal Flatts,Life is a Highway,276773,2006,0,0.561,0.936,5,-5.409,1,0.0613,0.00185,0.0,0.102,0.594,103.055,country,False,0
Beyoncé,Check On It (feat. Slim Thug),211186,2006,0,0.7,0.887,7,-3.887,1,0.218,0.0805,0.0,0.376,0.883,166.104,"pop, R&B",False,0
Keyshia Cole,Love,255333,2005,1,0.688,0.519,5,-4.285,1,0.0283,0.064,0.0,0.1,0.318,116.714,"hip hop, pop, R&B",False,0
Lily Allen,Smile,196893,2006,1,0.632,0.639,5,-5.938,1,0.0259,0.00143,0.0,0.221,0.733,95.506,pop,True,1
Ne-Yo,Sexy Love,220853,2006,1,0.693,0.516,8,-6.446,1,0.0413,0.297,0.000127,0.0604,0.494,94.02,"pop, R&B",False,0
JoJo,Too Little Too Late,223680,2006,0,0.535,0.823,6,-5.338,0,0.0431,0.0113,3.88e-06,0.146,0.685,83.001,"hip hop, pop, R&B",False,0
Mary J. Blige,One,260466,2005,1,0.344,0.874,0,-3.161,1,0.0777,0.0841,0.0,0.129,0.269,185.888,"pop, R&B",False,0
Bubba Sparxxx,Ms. New Booty,252653,2005,1,0.64,0.62,1,-5.931,1,0.416,0.016,0.0,0.0831,0.609,129.37,"hip hop, pop, country",True,1
Amy Winehouse,You Know I'm No Good,256946,2006,1,0.705,0.806,9,-3.607,1,0.0309,0.0132,0.00428,0.0701,0.734,103.383,R&B,False,0
Rascal Flatts,What Hurts The Most,214106,2006,1,0.537,0.674,5,-5.134,0,0.0277,0.0088,0.0,0.265,0.33,136.002,country,False,0
Red Hot Chili Peppers,Dani California,282160,2006,1,0.556,0.913,0,-2.36,1,0.0437,0.0193,8.59e-06,0.346,0.73,96.184,rock,False,0
Scissor Sisters,I Don't Feel Like Dancin',288360,2006,1,0.707,0.923,7,-3.409,1,0.0276,0.0195,0.0,0.342,0.845,108.023,"pop, rock, Dance/Electronic",False,0
Ne-Yo,So Sick,207186,2006,1,0.452,0.574,6,-8.336,1,0.31,0.246,0.0,0.189,0.58,92.791,"pop, R&B",False,0
Hinder,Lips Of An Angel,261053,2019,0,0.474,0.744,2,-5.386,1,0.0341,0.0208,1.22e-06,0.209,0.238,129.005,"pop, rock, metal",False,0
The Raconteurs,"Steady, As She Goes",215266,2006,1,0.525,0.578,9,-4.563,1,0.12,0.0132,0.00916,0.108,0.537,123.696,rock,False,0
The Fratellis,Chelsea Dagger,215306,2006,1,0.511,0.815,7,-3.14,1,0.144,0.0491,0.0,0.0826,0.586,154.514,rock,False,0
Fort Minor,Where'd You Go (feat. Holly Brook & Jonah Matranga),231866,2005,0,0.684,0.819,1,-3.309,0,0.238,0.262,0.00197,0.113,0.25,179.999,"hip hop, pop, rock",True,1
The Pussycat Dolls,Stickwitu,207506,2005,1,0.548,0.554,9,-6.408,1,0.0587,0.283,0.0,0.0708,0.382,79.918,"pop, R&B",False,0
Panic! At The Disco,I Write Sins Not Tragedies,185586,2005,1,0.566,0.815,9,-4.481,0,0.14,0.0737,0.0,0.12,0.672,169.961,rock,False,0
James Blunt,Goodbye My Lover,258653,2005,1,0.432,0.261,4,-12.591,1,0.0512,0.953,0.00342,0.0903,0.273,89.567,pop,False,0
Christina Aguilera,Ain't No Other Man,228906,2006,1,0.862,0.742,7,-4.722,1,0.222,0.00376,0.00855,0.103,0.511,127.91,pop,False,0
Westlife,The Rose,219106,2006,0,0.272,0.203,9,-9.706,1,0.0294,0.784,0.0,0.0805,0.172,109.581,pop,False,0
Keane,Is It Any Wonder?,186173,2006,1,0.489,0.955,11,-2.771,0,0.0363,3.82e-05,0.000178,0.334,0.816,129.352,pop,False,0
Orson,No Tomorrow,167493,2006,0,0.656,0.624,3,-4.623,0,0.0691,0.0065,0.0,0.278,0.735,124.082,pop,False,0
T-Pain,I'm N Luv (Wit a Stripper) (feat. Mike Jones),265333,2005,0,0.731,0.368,8,-10.38,1,0.0688,0.00544,0.0,0.193,0.512,145.171,"hip hop, pop, R&B",True,1
KT Tunstall,Black Horse And The Cherry Tree,172373,2005,1,0.748,0.786,4,-7.788,0,0.0641,0.328,0.0,0.34,0.917,104.833,"World/Traditional, pop, Folk/Acoustic",False,0
Natasha Bedingfield,Unwritten,259333,2004,0,0.706,0.8,5,-6.333,1,0.0399,0.00584,0.0,0.0822,0.629,100.011,pop,False,0
Razorlight,America,249760,2006,1,0.447,0.568,2,-4.975,1,0.0305,0.295,3.26e-06,0.355,0.149,90.933,"rock, pop",False,0
James Morrison,You Give Me Something,213173,2006,1,0.559,0.688,7,-6.496,1,0.114,0.216,0.0,0.0855,0.578,79.753,"pop, R&B",False,0
Snow Patrol,You're All I Have,273333,2006,0,0.467,0.921,2,-4.554,1,0.045,5.48e-05,0.0566,0.176,0.501,132.013,"World/Traditional, rock, pop",False,0
The Fray,How to Save a Life,262533,2005,1,0.64,0.743,10,-4.08,1,0.0379,0.269,0.0,0.101,0.361,122.035,pop,False,0
Sandi Thom,I Wish I Was a Punk Rocker (with Flowers in My Hair),151640,2006,1,0.7,0.465,4,-6.815,1,0.358,0.544,0.0,0.606,0.719,108.102,"World/Traditional, pop",False,0
My Chemical Romance,Welcome to the Black Parade,311106,2006,1,0.217,0.905,2,-4.103,1,0.0752,0.000289,0.00011,0.222,0.236,96.95,rock,False,0
Razorlight,In The Morning,222453,2006,1,0.616,0.855,4,-3.495,0,0.042,0.00379,0.000863,0.318,0.686,124.191,"rock, pop",False,0
The All-American Rejects,Dirty Little Secret,193653,2005,1,0.469,0.955,10,-4.253,1,0.0432,0.000343,1.35e-06,0.548,0.462,143.853,"rock, pop",False,0
James Morrison,Wonderful World,210066,2006,0,0.474,0.71,1,-4.606,1,0.029,0.0548,0.0,0.0974,0.591,78.969,"pop, R&B",False,0
Chris Brown,Yo (Excuse Me Miss),229040,2005,1,0.536,0.612,4,-5.847,1,0.272,0.119,0.0,0.209,0.57,86.768,"hip hop, pop, R&B",False,0
P!nk,Who Knew,208493,2006,0,0.688,0.734,9,-4.569,1,0.0274,0.00462,0.0,0.0756,0.46,140.004,pop,False,0
The Kooks,Naive,203506,2006,1,0.391,0.808,8,-6.209,0,0.0892,0.0759,0.0,0.149,0.737,100.304,rock,False,0
Leona Lewis,Bleeding Love,262466,2007,1,0.638,0.656,5,-5.886,1,0.0357,0.188,0.0,0.146,0.225,104.036,"pop, R&B",False,0
Rihanna,Umbrella,275986,2008,1,0.583,0.829,1,-4.603,1,0.134,0.00864,0.0,0.0426,0.575,174.028,"hip hop, pop, R&B",False,0
Britney Spears,Gimme More,251240,2007,1,0.788,0.844,2,-3.131,1,0.0334,0.25,0.000678,0.0723,0.382,113.324,pop,False,0
Fergie,Big Girls Don't Cry (Personal),268120,2006,1,0.708,0.641,7,-4.296,1,0.0335,0.205,0.0,0.0945,0.253,113.082,"pop, R&B",False,0
Mark Ronson,Valerie (feat. Amy Winehouse) - Version Revisited,219413,2007,0,0.698,0.844,1,-4.789,1,0.0544,0.00253,0.000426,0.124,0.896,105.828,pop,False,0
Plain White T's,Hey There Delilah,232533,2005,1,0.656,0.291,2,-10.572,1,0.0293,0.872,0.0,0.114,0.298,103.971,pop,False,0
Justin Timberlake,What Goes Around.../...Comes Around (Interlude),448573,2006,1,0.687,0.723,7,-4.751,1,0.0709,0.122,0.00102,0.573,0.432,76.0,pop,False,0
Gwen Stefani,The Sweet Escape,246466,2006,1,0.756,0.77,1,-3.502,1,0.0343,0.191,0.0,0.178,0.73,119.961,"pop, R&B",False,0
Timbaland,The Way I Are,179120,2007,1,0.731,0.807,3,-6.492,0,0.1,0.181,0.751,0.319,0.765,114.759,"hip hop, pop, R&B",False,0
Nelly Furtado,Say It Right,223080,2006,1,0.872,0.872,1,-6.328,1,0.139,0.0476,0.00112,0.0543,0.809,116.948,"hip hop, pop, latin",False,0
Ida Corr,Let Me Think About It,151973,2012,0,0.762,0.754,0,-3.425,0,0.046,0.00022,0.0665,0.146,0.715,129.026,set(),False,0
Alex Gaudino,Destination Calabria - Radio Edit,223111,2007,1,0.627,0.954,2,-4.804,1,0.0425,0.0015,0.000814,0.292,0.312,128.016,Dance/Electronic,False,0
September,Cry for You,209800,2007,1,0.767,0.881,9,-3.988,1,0.0301,0.00133,0.000139,0.0551,0.961,130.018,"pop, Dance/Electronic",False,0
Akon,Smack That,212360,2006,1,0.94,0.743,5,-5.166,0,0.0475,0.317,0.0,0.0909,0.932,118.988,pop,True,1
Timbaland,Give It To Me,234026,2007,1,0.975,0.711,8,-3.904,1,0.0632,0.168,0.000552,0.0799,0.815,110.621,"hip hop, pop, R&B",True,1
50 Cent,Ayo Technology,247946,2007,1,0.63,0.782,8,-5.44,0,0.132,0.0828,0.0,0.034,0.418,140.144,"hip hop, pop",True,1
Eric Prydz,Proper Education - Radio Edit,198567,2007,0,0.537,0.937,0,-4.543,1,0.0523,0.00102,0.035,0.0917,0.324,124.938,"pop, Dance/Electronic",False,0
Fedde Le Grand,Put Your Hands Up For Detroit - Radio Edit,150533,2015,0,0.827,0.931,7,-4.474,1,0.202,0.0153,0.21,0.0992,0.491,127.995,"pop, Dance/Electronic",False,0
Ciara,Like a Boy,237053,2006,1,0.701,0.724,0,-5.751,0,0.145,0.267,0.0,0.0867,0.425,132.035,"pop, R&B",False,0
Kanye West,Stronger,311866,2007,0,0.617,0.717,10,-7.858,0,0.153,0.00564,0.0,0.408,0.49,103.992,hip hop,True,1
Beyoncé,Beautiful Liar,199853,2007,1,0.764,0.751,8,-3.74,1,0.0703,0.00554,0.000237,0.164,0.418,91.977,"pop, R&B",False,0
Gym Class Heroes,Cupid's Chokehold / Breakfast in America - Radio Mix,237173,2007,1,0.584,0.681,1,-5.084,0,0.0781,0.495,0.0,0.289,0.821,79.702,"hip hop, pop",False,0
Akon,I Wanna Love You,247066,2006,0,0.865,0.45,0,-9.387,1,0.0417,0.0359,1.28e-06,0.308,0.352,99.989,pop,True,1
Soulja Boy,Crank That (Soulja Boy),221933,2007,1,0.736,0.74,0,-2.18,1,0.0786,0.515,0.0,0.0468,0.803,140.141,"hip hop, pop",False,0
Fat Joe,Make It Rain,247413,2006,1,0.744,0.697,11,-5.063,0,0.197,0.0106,0.0,0.0842,0.767,149.28,"hip hop, pop",True,1
P!nk,U + Ur Hand,214386,2006,0,0.709,0.891,0,-3.688,1,0.0528,0.00144,0.0,0.034,0.886,141.04,pop,True,1
Rihanna,Shut Up And Drive,212280,2008,1,0.735,0.826,1,-4.902,1,0.0349,0.00101,0.129,0.197,0.74,132.964,"hip hop, pop, R&B",False,0
Lloyd,Get It Shawty,209533,2007,1,0.822,0.905,5,-4.032,0,0.241,0.123,0.0,0.0496,0.674,128.014,"hip hop, pop, R&B",False,0
Kanye West,Can't Tell Me Nothing,271600,2007,0,0.596,0.62,5,-6.133,0,0.039,0.0122,0.0,0.82,0.102,80.029,hip hop,True,1
Camille Jones,The Creeps - Fedde Le Grand Radio Mix,152333,2006,0,0.847,0.861,6,-6.632,1,0.0603,0.278,0.029,0.0626,0.724,127.894,set(),False,0
Linkin Park,What I've Done,205613,2007,1,0.623,0.93,5,-5.285,1,0.0324,0.0141,1.64e-06,0.138,0.287,120.119,"rock, metal",False,0
Keyshia Cole,Last Night,255706,2007,1,0.918,0.857,3,-5.032,0,0.0623,0.166,0.0003,0.0855,0.972,121.006,"hip hop, pop, R&B",False,0
Chris Brown,Kiss Kiss (feat. T-Pain),250666,2007,1,0.729,0.658,10,-3.386,0,0.225,0.0506,0.0,0.0693,0.551,140.043,"hip hop, pop, R&B",False,0
Shop Boyz,Party Like A Rock Star,253400,2007,1,0.619,0.709,7,-4.633,1,0.0395,0.00541,0.0,0.507,0.68,144.972,"hip hop, pop",True,1
Finger Eleven,Paralyzer,208106,2007,1,0.644,0.939,11,-3.486,0,0.0456,0.157,0.0,0.233,0.861,106.031,"rock, metal",False,0
Justin Timberlake,Summer Love,252973,2006,1,0.606,0.591,0,-7.228,0,0.087,0.0756,0.0,0.328,0.477,95.802,pop,False,0
MiMS,This Is Why I'm Hot,253706,2007,1,0.621,0.6,8,-6.349,1,0.576,0.277,0.0,0.495,0.485,80.021,"hip hop, pop",True,1
Fabolous,Make Me Better,253573,2007,1,0.607,0.599,11,-6.886,1,0.0995,0.33,0.0,0.199,0.562,86.491,"hip hop, pop, R&B",True,1
Seether,Fake It,193893,2007,1,0.611,0.95,8,-3.509,1,0.0518,0.00141,1.59e-06,0.0543,0.607,132.078,"rock, metal",True,1
Take That,Patience,202066,2006,1,0.309,0.783,10,-4.154,1,0.0405,0.142,1.11e-06,0.118,0.372,175.788,pop,False,0
Arctic Monkeys,Brianstorm,172866,2007,1,0.42,0.974,1,-4.706,1,0.191,8.15e-05,0.00155,0.0871,0.463,165.182,rock,False,0
Justin Timberlake,My Love (feat. T.I.),276160,2006,1,0.771,0.68,11,-5.881,0,0.224,0.277,1.18e-05,0.682,0.808,119.952,pop,False,0
Fergie,Glamorous,246600,2006,1,0.811,0.757,0,-6.447,1,0.23,0.298,0.0,0.103,0.565,130.993,"pop, R&B",True,1
Linkin Park,Bleed It Out,166373,2007,1,0.529,0.967,1,-3.647,0,0.0508,0.114,0.0,0.61,0.596,140.127,"rock, metal",True,1
My Chemical Romance,Teenagers,161920,2006,1,0.463,0.857,4,-3.063,1,0.0632,0.0506,0.0,0.184,0.856,111.647,rock,False,0
Calvin Harris,Acceptable in the 80's,333680,2007,1,0.787,0.808,7,-5.454,1,0.0511,0.0143,0.257,0.0466,0.942,127.99,"hip hop, pop, Dance/Electronic",False,0
Sugababes,About You Now,212400,2007,1,0.584,0.699,1,-6.065,0,0.0378,6.52e-05,6.05e-05,0.486,0.585,82.499,"pop, R&B",False,0
Avril Lavigne,Girlfriend,216600,2007,1,0.56,0.959,7,-2.433,1,0.102,0.000722,0.000221,0.209,0.669,163.983,pop,True,1
Ne-Yo,Because Of You,266840,2007,1,0.81,0.538,0,-5.784,0,0.0356,0.528,0.0,0.0951,0.828,109.97,"pop, R&B",False,0
Daughtry,It's Not Over,215173,2016,0,0.45,0.921,10,-3.476,0,0.0538,0.0467,0.0,0.311,0.413,145.959,"pop, rock, metal",False,0
Unk,Walk It Out,173040,2013,0,0.794,0.777,1,-3.696,0,0.0813,0.0982,0.0,0.202,0.706,160.022,"hip hop, pop",True,1
Lloyd,You,273133,2007,1,0.412,0.876,5,-6.008,0,0.47,0.102,0.0,0.297,0.703,130.159,"hip hop, pop, R&B",False,0
Klaxons,Golden Skans,165120,2007,1,0.463,0.836,2,-2.776,0,0.0381,0.000418,7.38e-06,0.25,0.713,141.955,rock,False,0
T-Pain,Bartender (feat. Akon),238800,2007,0,0.675,0.394,8,-8.539,1,0.133,0.0611,0.0,0.214,0.405,104.987,"hip hop, pop, R&B",True,1
Baby Boy Da Prince,The Way I Live - Main Explicit,324906,2006,1,0.88,0.438,0,-7.562,1,0.248,0.0147,0.0,0.0907,0.714,90.02,"hip hop, pop",True,1
Fergie,Fergalicious,292373,2006,1,0.906,0.584,8,-7.72,0,0.316,0.0576,0.0,0.128,0.831,129.055,"pop, R&B",True,1
Omarion,Ice Box,256426,2006,1,0.775,0.731,8,-5.446,1,0.134,0.189,0.0,0.129,0.821,131.105,"hip hop, pop, R&B",False,0
Pretty Ricky,On the Hotline - Amended Version,242586,2007,1,0.704,0.854,10,-5.477,0,0.183,0.0185,0.0,0.148,0.688,92.988,"hip hop, pop, R&B",False,0
Nickelback,Rockstar,252040,2005,1,0.616,0.91,0,-3.004,1,0.0386,0.0459,0.0,0.343,0.693,144.072,"rock, metal",False,0
Fall Out Boy,Thnks fr th Mmrs,203506,2007,1,0.459,0.891,10,-5.057,0,0.0623,0.00511,0.0,0.106,0.588,154.837,rock,False,0
Justin Timberlake,LoveStoned / I Think She Knows (Interlude),444333,2006,1,0.859,0.681,1,-6.247,1,0.0549,0.34,0.000161,0.213,0.852,121.243,pop,True,1
All Time Low,"Dear Maria, Count Me In",182826,2007,1,0.459,0.895,2,-3.126,1,0.0805,0.00725,0.0,0.206,0.572,181.04,rock,False,0
Amy Winehouse,Back To Black,241293,2006,1,0.403,0.422,7,-13.964,0,0.0373,0.134,2.05e-05,0.0861,0.378,122.728,R&B,True,1
Keyshia Cole,Let It Go,238360,2007,1,0.808,0.721,1,-5.165,1,0.213,0.197,0.0,0.205,0.773,94.955,"hip hop, pop, R&B",False,0
Ciara,Promise,267413,2006,1,0.697,0.629,9,-5.757,1,0.0425,0.409,3.8e-06,0.0819,0.439,123.279,"pop, R&B",False,0
Enrique Iglesias,Do You Know? (The Ping Pong Song),219533,2007,0,0.753,0.759,8,-4.829,1,0.0487,0.0523,0.0,0.0263,0.706,114.999,"pop, latin",False,0
T2,Heartbroken - Edit,178613,2017,1,0.716,0.757,11,-5.438,0,0.0329,0.0258,0.00392,0.16,0.877,139.986,Dance/Electronic,False,0
Robyn,With Every Heartbeat,254920,2005,0,0.477,0.865,4,-4.462,0,0.0395,0.00877,4.52e-05,0.271,0.413,120.872,"pop, Dance/Electronic",False,0
Maroon 5,Makes Me Wonder,211080,2007,1,0.803,0.851,7,-2.429,1,0.0357,0.00485,0.000358,0.0577,0.881,113.996,pop,True,1
Fall Out Boy,"This Ain't A Scene, It's An Arms Race",212040,2007,1,0.435,0.887,9,-4.07,1,0.0636,0.000747,0.0,0.0327,0.408,199.935,rock,False,0
Paramore,Misery Business,211520,2007,1,0.517,0.906,1,-3.677,1,0.0735,0.00272,9.26e-06,0.113,0.731,172.977,"pop, rock",False,0
Hinder,Better Than Me,223533,2019,0,0.451,0.682,2,-5.295,0,0.029,0.205,0.0,0.175,0.254,139.913,"pop, rock, metal",False,0
Huey,"Pop, Lock & Drop It - Video Edit",261026,2006,0,0.723,0.644,11,-6.863,0,0.222,0.00308,0.0,0.352,0.645,144.09,"hip hop, pop",False,0
Foo Fighters,The Pretender,269373,2007,1,0.433,0.959,9,-4.04,1,0.0431,0.000917,0.0,0.028,0.365,172.984,"rock, metal",False,0
Plies,Shawty (feat. T Pain),255413,2007,1,0.444,0.708,4,-5.926,0,0.126,0.0419,0.0,0.0775,0.26,105.412,"hip hop, pop, R&B",True,1
Kaiser Chiefs,Ruby,204200,2007,1,0.451,0.939,5,-2.82,0,0.0512,0.00673,4.85e-06,0.0774,0.448,93.416,rock,False,0
Mark Ronson,Stop Me (feat. Daniel Merriweather),232946,2007,0,0.626,0.906,0,-4.334,1,0.0403,0.00128,8.52e-06,0.137,0.346,118.035,pop,False,0
Bow Wow,Outta My System (feat. T-Pain & Johntá Austin),238266,2006,1,0.772,0.59,6,-6.957,1,0.183,0.0917,0.0,0.101,0.743,83.998,"hip hop, pop, R&B",False,0
Jim Jones,We Fly High,236080,2006,0,0.685,0.8,1,-6.564,1,0.298,0.0847,0.0,0.092,0.483,120.226,"hip hop, pop",True,1
The Red Jumpsuit Apparatus,Face Down,192000,2006,1,0.545,0.932,7,-2.189,0,0.0399,0.000665,0.0,0.127,0.464,92.956,pop,False,0
MIKA,Grace Kelly,187733,2006,1,0.675,0.828,0,-5.799,1,0.0454,0.0242,0.0102,0.364,0.669,122.229,pop,False,0
Christina Aguilera,Candyman,194213,2006,1,0.686,0.789,8,-4.713,0,0.23,0.0125,0.0147,0.142,0.72,172.976,pop,False,0
Sean Kingston,Beautiful Girls,225373,2007,1,0.762,0.661,1,-6.075,0,0.0687,0.15,0.0,0.256,0.769,130.009,"hip hop, pop, R&B",False,0
Akon,Don't Matter,293066,2006,0,0.801,0.454,2,-6.035,1,0.0371,0.225,0.0,0.226,0.34,125.139,pop,True,1
James Blunt,1973,280026,2007,1,0.72,0.668,9,-7.928,1,0.0269,0.0652,0.00664,0.0789,0.768,123.007,pop,False,0
Carrie Underwood,Before He Cheats,199946,2005,1,0.519,0.749,6,-3.318,0,0.0405,0.271,0.0,0.119,0.29,147.905,"pop, country",False,0
Just Jack,Starz In Their Eyes,295933,2006,0,0.67,0.8,3,-6.731,1,0.0652,0.00184,0.000356,0.466,0.656,123.802,Dance/Electronic,False,0
T-Pain,Buy U a Drank (Shawty Snappin') (feat. Yung Joc),227960,2007,0,0.451,0.55,1,-8.137,1,0.262,0.0108,0.0,0.0737,0.594,80.001,"hip hop, pop, R&B",False,0
Bone Thugs-N-Harmony,I Tried,287480,2007,1,0.727,0.71,4,-6.142,1,0.0742,0.0104,0.0,0.107,0.378,81.995,"hip hop, pop",True,1
Avril Lavigne,When You're Gone,240493,2007,1,0.457,0.719,4,-3.921,0,0.0323,0.191,0.0,0.228,0.168,142.034,pop,False,0
Rich Boy,Throw Some D's,263920,2007,1,0.697,0.86,11,-5.181,1,0.43,0.0368,0.0,0.0721,0.433,160.895,"hip hop, pop",True,1
MIKA,Love Today,235173,2006,1,0.673,0.913,4,-4.981,1,0.0664,0.0304,0.00298,0.113,0.587,124.484,pop,False,0
Manic Street Preachers,Your Love Alone Is Not Enough (feat. Nina Persson),235693,2007,0,0.344,0.921,2,-3.049,1,0.0459,0.00143,1.13e-05,0.38,0.396,126.766,"rock, pop",False,0
Elliott Yamin,Wait for You,261320,2007,1,0.764,0.487,0,-6.734,1,0.0281,0.25,0.0,0.184,0.352,116.027,set(),False,0
Wyclef Jean,"Sweetest Girl (Dollar Bill) (feat. Akon, Lil' Wayne & Niia)",241133,2007,1,0.733,0.744,1,-3.51,1,0.0553,0.0772,0.0,0.341,0.529,92.515,set(),False,0
Boys Like Girls,The Great Escape,206520,2007,1,0.423,0.94,1,-4.012,0,0.0635,0.00166,0.0,0.178,0.505,149.934,pop,False,0
Take That,Rule The World - Radio Edit,237760,2007,1,0.357,0.774,2,-4.226,1,0.034,0.0376,0.0,0.348,0.348,164.054,pop,False,0
J. Holiday,Bed,275106,2007,1,0.684,0.606,5,-7.268,0,0.0504,0.17,0.0,0.058,0.723,127.901,"hip hop, pop, R&B, Dance/Electronic",False,0
Red Hot Chili Peppers,Snow (Hey Oh),334666,2006,1,0.427,0.9,11,-3.674,1,0.0499,0.116,1.75e-05,0.119,0.599,104.655,rock,False,0
Ludacris,Runaway Love,280680,2006,0,0.405,0.721,1,-6.97,1,0.283,0.329,0.0,0.252,0.815,92.854,"hip hop, pop",True,1
Flo Rida,Low (feat. T-Pain),231400,2008,1,0.918,0.609,10,-5.64,0,0.0791,0.0928,0.0,0.139,0.304,128.008,"hip hop, pop",False,0
Katy Perry,I Kissed A Girl,179640,2008,1,0.699,0.76,5,-3.173,1,0.0677,0.00223,0.0,0.132,0.696,129.996,pop,False,0
Rihanna,Take A Bow,229413,2008,1,0.697,0.467,9,-7.536,1,0.0715,0.248,0.0,0.0941,0.572,82.082,"hip hop, pop, R&B",False,0
Alicia Keys,No One,253813,2007,1,0.644,0.549,1,-5.415,0,0.0285,0.0209,8.85e-06,0.134,0.167,90.04,"pop, R&B",False,0
Timbaland,Apologize,184400,2007,1,0.653,0.604,8,-6.017,1,0.0278,0.0292,0.0,0.097,0.101,118.016,"hip hop, pop, R&B",False,0
Ne-Yo,Miss Independent,232000,2008,1,0.668,0.673,1,-5.714,1,0.145,0.48,0.0,0.194,0.727,171.812,"pop, R&B",False,0
Chris Brown,With You,252120,2007,1,0.662,0.693,3,-4.298,1,0.0698,0.134,0.0,0.145,0.655,86.009,"hip hop, pop, R&B",False,0
Beyoncé,If I Were a Boy,249146,2008,1,0.632,0.518,6,-6.126,1,0.0313,0.107,0.0,0.354,0.427,90.007,"pop, R&B",False,0
Kardinal Offishall,Dangerous,246053,2008,1,0.949,0.79,8,-5.957,1,0.0756,0.00437,0.0,0.0816,0.807,117.002,"hip hop, pop, R&B",True,1
Madcon,Beggin (original version),216146,2007,1,0.715,0.8,4,-5.144,0,0.057,0.0271,0.0,0.0648,0.445,129.023,"hip hop, pop",False,0
September,Cry for You,209800,2007,1,0.767,0.881,9,-3.988,1,0.0301,0.00133,0.000139,0.0551,0.961,130.018,"pop, Dance/Electronic",False,0
Rihanna,Disturbia,238626,2008,1,0.707,0.813,11,-4.515,0,0.0571,0.0863,0.0,0.168,0.722,124.921,"hip hop, pop, R&B",False,0
Guru Josh Project,Infinity 2008,190013,2011,0,0.493,0.849,7,-6.139,0,0.0576,0.000337,0.00672,0.355,0.483,127.999,hip hop,False,0
Britney Spears,Break the Ice,196053,2007,1,0.712,0.911,5,-3.866,0,0.0445,0.689,8.02e-06,0.107,0.85,117.533,pop,False,0
Lil Wayne,Lollipop,299333,2008,1,0.829,0.428,0,-9.469,1,0.0831,0.056,0.00413,0.137,0.45,148.075,"hip hop, pop",True,1
Basshunter,Now You're Gone - Video Edit,148186,2008,1,0.639,0.976,1,-5.503,1,0.354,0.0213,0.0,0.0856,0.354,147.99,pop,False,0
Kanye West,Flashing Lights,237506,2007,0,0.639,0.628,6,-7.578,0,0.0399,0.0381,0.0,0.386,0.43,90.482,hip hop,True,1
Madonna,4 Minutes (feat. Justin Timberlake & Timbaland),189693,2009,1,0.753,0.931,2,-4.922,1,0.0652,0.00994,0.00696,0.234,0.767,113.029,pop,False,0
Katy Perry,Hot N Cold,220226,2008,1,0.706,0.841,7,-3.956,1,0.0418,7.95e-05,0.0,0.0688,0.861,132.032,pop,False,0
Rihanna,Don't Stop The Music,267080,2008,1,0.835,0.669,6,-5.582,0,0.0643,0.0336,6.92e-05,0.0535,0.542,122.668,"hip hop, pop, R&B",False,0
Snoop Dogg,Sensual Seduction,245520,2007,1,0.756,0.829,11,-3.973,1,0.0682,0.003,3.46e-05,0.0578,0.504,120.163,"hip hop, pop",False,0
Akon,Right Now (Na Na Na),240746,2008,1,0.83,0.857,8,-4.194,0,0.152,0.262,0.0,0.413,0.607,137.982,pop,False,0
Britney Spears,Womanizer,224400,2008,1,0.724,0.695,11,-5.226,1,0.0622,0.073,0.0,0.0889,0.235,139.0,pop,False,0
Eric Prydz,Pjanoo - Radio Edit,157432,2008,1,0.605,0.874,7,-4.949,0,0.0295,0.000563,0.812,0.112,0.836,125.99,"pop, Dance/Electronic",False,0
Kelly Rowland,Work,207920,2010,0,0.888,0.823,10,-6.351,0,0.0538,0.00499,0.0,0.291,0.623,102.757,"hip hop, pop, R&B",False,0
Jeezy,Put On,321293,2008,1,0.654,0.77,9,-6.091,0,0.0353,0.00342,0.0,0.0887,0.272,137.616,"hip hop, pop",True,1
Madonna,Give It 2 Me,287906,2008,1,0.837,0.954,8,-3.512,0,0.0414,0.0933,0.000405,0.143,0.972,127.019,pop,False,0
The Pussycat Dolls,When I Grow Up,245680,2008,1,0.671,0.685,11,-5.762,0,0.05,0.00165,0.0,0.398,0.368,118.449,"pop, R&B",False,0
will.i.am,Heartbreaker,327880,2007,0,0.788,0.549,9,-8.793,0,0.0732,0.0352,0.127,0.147,0.449,120.051,"hip hop, pop",True,1
Soulja Boy,Crank That (Soulja Boy),221933,2007,1,0.736,0.74,0,-2.18,1,0.0786,0.515,0.0,0.0468,0.803,140.141,"hip hop, pop",False,0
Britney Spears,Piece of Me,212106,2007,1,0.769,0.638,11,-5.054,1,0.216,0.0902,0.0,0.0857,0.782,115.007,pop,False,0
T.I.,Live Your Life,338853,2008,1,0.375,0.862,11,-3.363,0,0.255,0.071,0.0,0.211,0.478,159.841,"hip hop, pop",True,1
Ne-Yo,Closer,234360,2008,1,0.709,0.745,4,-6.437,0,0.0738,0.0225,5.2e-05,0.154,0.576,126.027,"pop, R&B",False,0
Lil Wayne,A Milli,221840,2008,1,0.674,0.695,6,-8.636,0,0.278,0.0387,0.00202,0.194,0.773,151.486,"hip hop, pop",True,1
Colby O'Donis,What You Got,243013,2008,1,0.775,0.641,1,-6.718,1,0.038,0.0327,0.0,0.18,0.305,119.974,"hip hop, pop, R&B",False,0
Miley Cyrus,See You Again,190453,2007,0,0.692,0.911,9,-5.098,0,0.177,0.0149,7.34e-05,0.112,0.801,138.975,pop,False,0
Basshunter,All I Ever Wanted - Radio Edit,176453,2008,1,0.645,0.984,4,-7.051,1,0.0508,0.164,0.00701,0.164,0.553,144.954,pop,False,0
Chris Brown,Kiss Kiss (feat. T-Pain),250666,2007,1,0.729,0.658,10,-3.386,0,0.225,0.0506,0.0,0.0693,0.551,140.043,"hip hop, pop, R&B",False,0
Finger Eleven,Paralyzer,208106,2007,1,0.644,0.939,11,-3.486,0,0.0456,0.157,0.0,0.233,0.861,106.031,"rock, metal",False,0
Alesha Dixon,The Boy Does Nothing,210680,2008,0,0.632,0.972,3,-2.423,0,0.121,0.121,7.74e-05,0.0317,0.845,87.0,pop,False,0
Dizzee Rascal,Dance Wiv Me - Radio Edit,204093,2011,1,0.878,0.746,11,-4.281,1,0.0451,0.0476,0.0,0.154,0.792,111.996,"hip hop, pop, Dance/Electronic",False,0
Gabriella Cilmi,Sweet About Me,202133,2008,1,0.671,0.701,6,-5.035,1,0.0288,0.0607,2.7e-06,0.163,0.585,131.977,R&B,False,0
Jack White,Another Way to Die,262240,2007,1,0.486,0.765,4,-4.23,0,0.128,0.0239,3.02e-05,0.11,0.386,141.933,"rock, blues",False,0
Plies,Hypnotized (feat. Akon),188493,2007,1,0.84,0.571,10,-7.421,1,0.0797,0.16,0.0,0.406,0.617,116.59,"hip hop, pop, R&B",True,1
The Pussycat Dolls,I Hate This Part,218400,2008,1,0.756,0.612,5,-4.371,1,0.0317,0.0659,0.0,0.274,0.452,111.572,"pop, R&B",False,0
Sean Kingston,Take You There,236693,2008,1,0.752,0.921,5,-4.321,0,0.0696,0.0182,0.0,0.256,0.634,115.033,"hip hop, pop, R&B",False,0
Natasha Bedingfield,Pocketful of Sunshine,203440,2008,1,0.726,0.881,9,-3.892,0,0.0391,0.203,0.0,0.108,0.682,110.019,pop,False,0
The Offspring,"You're Gonna Go Far, Kid",177826,2008,1,0.55,0.917,0,-3.159,1,0.0638,0.00428,0.0,0.197,0.601,126.115,"rock, pop, metal",True,1
Kanye West,Homecoming,203493,2007,0,0.667,0.747,1,-7.059,1,0.189,0.337,0.0,0.115,0.918,86.917,hip hop,True,1
Estelle,American Boy,284733,2008,1,0.727,0.729,0,-2.99,1,0.326,0.171,0.0,0.07,0.512,117.932,R&B,True,1
Saving Abel,Addicted,222826,2008,1,0.512,0.864,7,-4.146,1,0.0338,0.000821,0.0,0.0982,0.527,138.018,"rock, metal",True,1
Pendulum,Propane Nightmares,313346,2008,1,0.356,0.966,7,-4.13,0,0.0825,0.000262,0.148,0.192,0.215,173.992,Dance/Electronic,False,0
The Game,My Life,320893,2008,1,0.673,0.766,11,-5.018,1,0.349,0.0724,0.0,0.0563,0.382,148.113,"hip hop, pop",True,1
Danity Kane,Damaged,244266,2008,1,0.774,0.653,8,-5.158,0,0.05,0.0912,0.0,0.151,0.818,120.01,"pop, R&B",False,0
P!nk,So What,215160,2008,1,0.534,0.87,11,-3.078,0,0.0425,0.000334,0.0,0.241,0.462,126.019,pop,True,1
Kanye West,Love Lockdown,270306,2008,1,0.76,0.524,1,-7.67,0,0.0323,0.0542,0.5,0.112,0.112,119.603,hip hop,False,0
Gym Class Heroes,Cookie Jar (feat. The-Dream),216317,2008,0,0.687,0.668,5,-4.061,1,0.0282,0.0253,0.0,0.744,0.418,113.053,"hip hop, pop",True,1
M.I.A.,Paper Planes,205200,2007,0,0.447,0.848,2,-6.175,1,0.222,0.033,7.45e-05,0.65,0.485,172.247,"pop, rock",False,0
3 Doors Down,It's Not My Time,241960,2008,1,0.529,0.934,0,-4.808,1,0.0602,0.00153,5.16e-06,0.118,0.282,127.962,"pop, rock, metal",False,0
Kylie Minogue,Wow,190973,2007,0,0.654,0.884,9,-5.466,1,0.202,0.151,0.000268,0.379,0.851,124.072,"pop, Dance/Electronic",False,0
Mariah Carey,Touch My Body,204733,2008,0,0.715,0.665,4,-7.736,0,0.0502,0.0996,0.0,0.224,0.84,78.502,"pop, R&B",False,0
MGMT,Kids,302840,2007,1,0.451,0.931,9,-3.871,1,0.0719,0.00076,0.0049,0.361,0.172,122.961,rock,False,0
The Ting Tings,Shut Up and Let Me Go,171226,2007,1,0.852,0.927,7,-4.497,1,0.0581,0.0109,0.00268,0.054,0.887,107.993,"pop, rock, Dance/Electronic",False,0
Lil Wayne,Got Money,244626,2008,1,0.694,0.661,7,-4.847,1,0.118,0.00188,0.0,0.676,0.702,82.48,"hip hop, pop",True,1
Santana,Into the Night (feat. Chad Kroeger),222440,2007,1,0.595,0.844,7,-4.678,1,0.0331,0.0137,0.0,0.234,0.603,127.981,"rock, blues, latin",False,0
The-Dream,I Luv Your Girl,267866,2007,1,0.723,0.322,8,-9.702,1,0.0341,0.014,0.0,0.119,0.0406,90.063,"hip hop, pop, R&B",True,1
Wiley,Wearing My Rolex - Radio Edit,170480,2008,1,0.876,0.716,1,-6.884,1,0.135,0.0468,0.000482,0.0667,0.755,131.942,"hip hop, Dance/Electronic",False,0
Usher,Love in This Club (feat. Young Jeezy),259720,2008,1,0.573,0.712,0,-5.976,1,0.0732,0.0572,0.0,0.167,0.346,140.012,"hip hop, pop, R&B",False,0
Sam Sparro,Black & Gold - Radio Edit,212360,2008,0,0.383,0.703,4,-5.65,0,0.0763,0.00116,2.39e-05,0.112,0.42,135.968,"pop, Dance/Electronic",False,0
"H ""two"" O",What's It Gonna Be (feat. Platnum),207476,2008,1,0.733,0.9,9,-4.758,1,0.0341,0.0085,0.0218,0.151,0.937,139.61,Dance/Electronic,False,0
The Ting Tings,That's Not My Name,310573,2008,0,0.755,0.901,9,-3.152,1,0.0893,0.0451,0.0373,0.363,0.959,145.042,"pop, rock, Dance/Electronic",False,0
Plies,"Bust It Baby, Pt. 2 (feat. Ne-Yo)",240760,2008,1,0.648,0.801,5,-7.24,0,0.167,0.154,0.0,0.339,0.807,78.946,"hip hop, pop, R&B",True,1
James Morrison,Broken Strings,250453,2008,1,0.57,0.717,1,-4.914,1,0.029,0.00967,0.0,0.0833,0.321,111.91,"pop, R&B",False,0
Leona Lewis,Run,314720,2007,1,0.285,0.462,5,-6.166,0,0.0291,0.428,5.61e-06,0.122,0.0923,142.365,"pop, R&B",False,0
Metro Station,Shake It,179946,2007,1,0.618,0.955,4,-3.836,1,0.0798,0.00221,3.09e-06,0.486,0.79,150.034,"pop, rock",False,0
T.I.,Whatever You Like,249533,2008,1,0.68,0.687,9,-6.162,0,0.0709,0.0161,0.0,0.261,0.467,150.053,"hip hop, pop",True,1
Trey Songz,Can't Help but Wait,206413,2007,1,0.699,0.699,8,-5.564,0,0.0737,0.358,0.0,0.0912,0.611,94.977,"hip hop, pop, R&B",False,0
OneRepublic,Stop And Stare,223853,2007,1,0.492,0.859,4,-4.274,1,0.0332,0.0659,0.0,0.0756,0.251,92.474,pop,False,0
Alexandra Burke,Hallelujah,217826,2009,1,0.177,0.425,2,-6.211,0,0.0291,0.654,0.0,0.195,0.0942,182.571,pop,False,0
Mary J. Blige,Just Fine,242133,2007,1,0.923,0.795,11,-3.61,0,0.117,0.0394,0.000565,0.101,0.588,123.021,"pop, R&B",False,0
Jordin Sparks,One Step At a Time,205160,2007,1,0.766,0.692,1,-4.672,1,0.0289,0.0825,0.0,0.0384,0.691,102.028,"pop, R&B",False,0
Coldplay,Viva La Vida,242373,2008,1,0.486,0.617,5,-7.115,0,0.0287,0.0954,3.23e-06,0.109,0.417,138.015,"rock, pop",False,0
Kings of Leon,Sex on Fire,203346,2008,1,0.542,0.905,9,-5.653,1,0.054,0.00172,0.0104,0.136,0.374,153.398,rock,False,0
Kanye West,Good Life,207000,2007,0,0.439,0.808,1,-6.881,1,0.346,0.00305,0.0,0.439,0.487,82.962,hip hop,True,1
Duffy,Mercy,219920,2008,1,0.793,0.859,0,-3.774,1,0.0332,0.266,0.000356,0.133,0.964,129.911,"pop, R&B",False,0
David Archuleta,Crush,213520,2008,1,0.57,0.664,0,-4.718,0,0.0322,0.00836,1.2e-05,0.0719,0.487,162.084,pop,False,0
J. Holiday,Suffocate - Superclean,220053,2007,1,0.458,0.445,9,-8.391,0,0.361,0.64,0.0,0.118,0.447,82.82,"hip hop, pop, R&B, Dance/Electronic",False,0
Gavin DeGraw,In Love With a Girl,206000,2008,0,0.438,0.906,3,-4.8,1,0.0438,0.0191,0.0,0.373,0.684,161.905,"pop, Folk/Acoustic",False,0
Jordin Sparks,Tattoo,233466,2007,0,0.566,0.766,2,-5.036,1,0.0399,0.431,0.0,0.101,0.547,168.005,"pop, R&B",False,0
Coldplay,Violet Hill,222653,2008,1,0.33,0.58,1,-7.875,0,0.0374,0.0614,0.00129,0.115,0.11,76.093,"rock, pop",False,0
Ray J,Sexy Can I feat. Yung Berg,204040,2008,0,0.575,0.684,1,-6.007,1,0.325,0.299,0.0,0.614,0.926,172.155,"hip hop, pop, R&B",True,1
Jennifer Hudson,Spotlight,250106,2008,1,0.707,0.724,11,-3.887,0,0.051,0.0448,0.0,0.072,0.659,108.984,"pop, R&B, easy listening",False,0
John Legend,Green Light (feat. André 3000),284186,2008,1,0.622,0.882,9,-5.59,0,0.119,0.0912,0.0,0.216,0.762,77.506,"pop, R&B",False,0
Jonas Brothers,Burnin' Up,175093,2008,1,0.667,0.954,2,-3.462,1,0.0817,0.0296,0.0,0.331,0.807,114.03,pop,False,0
Lupe Fiasco,Superstar (feat. Matthew Santos),289000,2007,1,0.572,0.822,11,-6.015,0,0.361,0.207,0.0,0.359,0.472,94.812,"hip hop, pop",False,0
Chris Brown,Forever,278573,2008,1,0.672,0.82,11,-4.456,1,0.0459,0.0368,0.000188,0.184,0.438,120.005,"hip hop, pop, R&B",False,0
Adele,Chasing Pavements,210506,2008,0,0.614,0.47,5,-6.09,0,0.0255,0.291,0.0,0.111,0.329,80.045,"pop, R&B",False,0
Leona Lewis,Better in Time,234173,2007,1,0.584,0.7,6,-4.251,1,0.0506,0.512,2.43e-05,0.13,0.549,163.953,"pop, R&B",False,0
Fergie,Clumsy,240426,2006,1,0.731,0.563,2,-4.046,1,0.131,0.191,0.00042,0.296,0.452,184.009,"pop, R&B",False,0
T-Pain,Can't Believe It (feat. Lil' Wayne),273826,2008,0,0.648,0.516,10,-8.869,0,0.049,0.00179,0.0,0.0772,0.0756,89.828,"hip hop, pop, R&B",False,0
Black Eyed Peas,I Gotta Feeling,289133,2009,1,0.743,0.766,0,-6.375,1,0.0265,0.0873,0.0,0.509,0.61,127.96,"hip hop, pop",False,0
Lady Gaga,Poker Face,237200,2008,1,0.851,0.806,4,-4.62,1,0.0787,0.118,1.64e-06,0.121,0.787,118.999,pop,False,0
Beyoncé,Halo,261640,2008,1,0.508,0.72,11,-5.908,0,0.0628,0.272,0.0,0.0563,0.472,79.983,"pop, R&B",False,0
David Guetta,Sexy Bitch (feat. Akon),195853,2010,1,0.813,0.627,11,-5.018,0,0.0486,0.0771,0.000616,0.131,0.801,130.011,"hip hop, pop, Dance/Electronic",True,1
Flo Rida,Right Round,204640,2009,1,0.72,0.672,7,-6.852,1,0.0551,0.009,0.0,0.232,0.705,124.986,"hip hop, pop",False,0
Taylor Swift,Love Story,236266,2008,1,0.617,0.741,2,-3.97,1,0.0311,0.131,0.0,0.0772,0.306,118.984,pop,False,0
Pitbull,Hotel Room Service,238506,2009,1,0.849,0.599,6,-8.164,1,0.227,0.00301,0.000249,0.0763,0.761,126.003,"hip hop, pop, latin",False,0
Britney Spears,Circus,192360,2008,1,0.791,0.733,6,-5.215,0,0.052,0.147,0.000381,0.0713,0.761,114.98,pop,False,0
Lady Gaga,LoveGame,216333,2008,1,0.894,0.678,6,-5.611,0,0.0523,0.00569,2.43e-06,0.317,0.844,105.024,pop,False,0
Skillet,Monster,178013,2009,1,0.64,0.957,8,-2.336,1,0.0741,0.0431,0.0,0.0789,0.692,134.992,"rock, pop, metal",False,0
The Prodigy,Omen,216026,2009,1,0.545,0.953,7,-5.172,1,0.0441,0.000941,0.117,0.281,0.558,140.002,"rock, pop, Dance/Electronic",False,0
Black Eyed Peas,Meet Me Halfway,284373,2009,1,0.798,0.629,11,-6.857,0,0.0735,0.00474,2.17e-05,0.324,0.4,130.0,"hip hop, pop",False,0
Kanye West,Heartless,211000,2008,1,0.79,0.647,10,-5.983,0,0.136,0.0515,0.0,0.248,0.654,87.999,hip hop,False,0
Kid Cudi,Day 'N' Nite (Nightmare),221240,2009,1,0.88,0.443,11,-6.359,0,0.0653,0.462,7.13e-06,0.122,0.803,138.018,hip hop,False,0
Lady Gaga,Just Dance,241933,2008,1,0.822,0.739,1,-4.541,0,0.0311,0.0264,4.26e-05,0.181,0.745,118.992,pop,False,0
Britney Spears,If U Seek Amy,216520,2008,1,0.717,0.587,4,-7.296,0,0.0339,0.0192,0.0,0.0523,0.544,129.954,pop,False,0
Pitbull,I Know You Want Me (Calle Ocho),237120,2009,1,0.825,0.743,2,-5.995,1,0.149,0.0142,2.12e-05,0.237,0.8,127.045,"hip hop, pop, latin",False,0
Mariah Carey,Obsessed,242200,2009,1,0.742,0.468,10,-5.557,0,0.0625,0.0465,0.0,0.826,0.369,86.443,"pop, R&B",False,0
Beyoncé,Sweet Dreams,208066,2008,0,0.694,0.825,1,-5.986,1,0.111,0.0895,1.86e-05,0.0618,0.788,121.949,"pop, R&B",False,0
Agnes,Release Me,256213,2009,1,0.621,0.923,2,-3.124,0,0.0321,0.00645,7.28e-05,0.108,0.716,127.973,"pop, Dance/Electronic",False,0
Black Eyed Peas,Boom Boom Pow,251440,2009,1,0.867,0.857,9,-5.892,1,0.0663,0.13,0.00171,0.13,0.402,130.048,"hip hop, pop",True,1
Shakira,She Wolf,188866,2009,1,0.865,0.69,7,-7.448,1,0.0443,0.285,0.0162,0.225,0.867,121.983,"pop, latin",False,0
Lady Gaga,Paparazzi,208306,2008,1,0.762,0.692,5,-3.973,0,0.0438,0.113,0.0,0.094,0.397,114.906,pop,False,0
JAY-Z,Empire State Of Mind,276920,2009,1,0.491,0.956,11,-1.538,1,0.392,0.0295,0.0,0.46,0.811,173.585,hip hop,True,1
OneRepublic,All The Right Moves,238000,2009,1,0.529,0.948,0,-3.527,1,0.0474,0.258,9.35e-06,0.283,0.65,146.024,pop,False,0
Jeremih,Birthday Sex,226506,2009,1,0.677,0.523,7,-5.603,0,0.0439,0.295,0.0,0.15,0.446,60.019,"hip hop, pop, R&B",False,0
Cascada,Evacuate The Dancefloor,207200,2009,1,0.762,0.702,0,-5.87,1,0.0432,0.0167,0.0,0.314,0.898,127.029,"hip hop, pop, Dance/Electronic",False,0
Linkin Park,New Divide,268613,2009,1,0.493,0.808,5,-3.365,0,0.0362,0.000235,0.0,0.0983,0.38,117.971,"rock, metal",False,0
Kevin Rudolf,Let It Rock,231173,2008,1,0.607,0.783,7,-4.41,1,0.0397,0.000683,0.0,0.0678,0.434,113.172,"hip hop, pop",True,1
JAY-Z,Run This Town,267520,2009,1,0.632,0.924,1,-1.802,1,0.29,0.281,0.0,0.263,0.441,86.844,hip hop,True,1
Lady Gaga,Bad Romance,294573,2009,1,0.696,0.921,0,-3.755,1,0.0363,0.00314,5.24e-05,0.0842,0.714,119.001,pop,True,1
T.I.,Live Your Life,338853,2008,1,0.375,0.862,11,-3.363,0,0.255,0.071,0.0,0.211,0.478,159.841,"hip hop, pop",True,1
Eminem,We Made You,269613,2009,1,0.924,0.853,2,-1.203,1,0.0792,0.107,1.45e-06,0.129,0.67,114.003,hip hop,False,0
Dizzee Rascal,Bonkers,177573,2011,0,0.624,0.977,11,-3.34,0,0.22,0.00615,0.0,0.253,0.74,126.127,"hip hop, pop, Dance/Electronic",False,0
Ciara,Love Sex Magic (feat. Justin Timberlake),220426,2009,1,0.893,0.666,10,-5.089,0,0.138,0.0206,0.0,0.342,0.874,107.011,"pop, R&B",False,0
Rihanna,Russian Roulette,227533,2009,1,0.48,0.486,6,-5.754,0,0.0447,0.046,0.0,0.107,0.265,80.051,"hip hop, pop, R&B",True,1
Soulja Boy,Turn My Swag On,206333,2008,1,0.546,0.712,3,-3.104,0,0.0269,0.000969,0.0,0.406,0.489,150.154,"hip hop, pop",False,0
The xx,Intro,127920,2009,0,0.617,0.778,9,-8.871,0,0.027,0.459,0.925,0.128,0.152,100.363,rock,False,0
Jay Sean,Down,212106,2009,0,0.657,0.695,2,-4.493,1,0.0321,0.0108,0.0,0.0822,0.683,65.997,"hip hop, pop, R&B",False,0
Keri Hilson,Turnin Me On - Original Dirty,248066,2008,0,0.661,0.584,1,-5.09,1,0.061,0.00293,4.82e-06,0.134,0.0949,159.873,"pop, R&B",True,1
David Guetta,When Love Takes Over (feat. Kelly Rowland),191000,2010,1,0.675,0.862,11,-4.614,1,0.0253,0.0165,0.000427,0.169,0.498,129.967,"hip hop, pop, Dance/Electronic",False,0
Cheryl,Fight For This Love,223253,2009,1,0.739,0.741,7,-5.873,1,0.0912,0.013,0.0,0.0679,0.727,122.988,"pop, Dance/Electronic",False,0
Soulja Boy,Kiss Me Thru The Phone,193386,2008,1,0.758,0.712,7,-3.781,1,0.112,0.0185,0.0,0.0677,0.795,149.998,"hip hop, pop",True,1
Eminem,Crack A Bottle,297520,2009,1,0.516,0.874,9,-2.571,1,0.186,0.0864,0.0,0.173,0.391,169.561,hip hop,True,1
P!nk,Sober,251440,2010,0,0.614,0.792,6,-4.907,1,0.0299,0.0653,0.0,0.195,0.407,91.066,pop,False,0
Tinchy Stryder,Number 1,212773,2009,1,0.581,0.824,0,-3.912,0,0.0377,0.0105,0.0,0.483,0.747,114.912,"pop, Dance/Electronic",False,0
Pixie Lott,"Mama Do (Uh Oh, Uh Oh)",196520,2009,0,0.451,0.873,3,-4.711,0,0.19,0.171,0.0,0.327,0.589,119.918,"pop, Dance/Electronic",False,0
JLS,Beat Again - Radio Edit,196640,2009,0,0.894,0.93,11,-4.577,1,0.0712,0.0355,0.0,0.0759,0.968,120.02,pop,False,0
3OH!3,DONTTRUSTME,192573,2008,1,0.791,0.713,5,-3.742,0,0.254,0.0163,0.0,0.189,0.514,130.012,"hip hop, pop, rock",True,1
A.R. Rahman,Jai Ho! (You Are My Destiny),222400,2009,1,0.657,0.941,8,-3.919,0,0.061,0.0476,0.0,0.0797,0.879,136.202,set(),False,0
The Pussycat Dolls,I Hate This Part,218400,2008,1,0.756,0.612,5,-4.371,1,0.0317,0.0659,0.0,0.274,0.452,111.572,"pop, R&B",False,0
Akon,Beautiful,312986,2008,1,0.74,0.945,0,-4.442,0,0.0889,0.123,0.0,0.112,0.629,130.015,pop,False,0
Alexandra Burke,Bad Boys (feat. Flo Rida),206480,2009,1,0.67,0.866,1,-3.684,1,0.0538,0.0115,0.0,0.358,0.636,140.029,pop,False,0
Mario,Break Up,249026,2009,0,0.44,0.517,0,-7.355,1,0.363,0.428,0.0,0.173,0.475,73.881,"pop, R&B",True,1
Drake,Forever,357706,2009,1,0.457,0.906,5,-2.278,0,0.342,0.249,0.0,0.182,0.54,104.02,"hip hop, pop, R&B",True,1
Selena Gomez & The Scene,Naturally,202586,2009,1,0.605,0.902,10,-5.406,0,0.0511,0.0185,1.01e-06,0.0534,0.875,132.612,"pop, Dance/Electronic",False,0
Kanye West,Love Lockdown,270306,2008,1,0.76,0.524,1,-7.67,0,0.0323,0.0542,0.5,0.112,0.112,119.603,hip hop,False,0
The Veronicas,Untouched,255360,2005,1,0.557,0.783,6,-4.893,0,0.234,0.0171,0.0172,0.151,0.442,177.008,"pop, Dance/Electronic",False,0
Fabolous,Throw It In The Bag,231573,2009,1,0.789,0.55,11,-7.423,0,0.0473,0.174,0.0,0.0614,0.696,172.049,"hip hop, pop, R&B",True,1
Jason Derulo,Whatcha Say,221253,2010,1,0.615,0.711,11,-5.507,1,0.0779,0.0444,0.0,0.145,0.711,144.036,"hip hop, pop",False,0
Lily Allen,Not Fair,201213,2009,0,0.719,0.861,5,-6.982,1,0.0402,0.0447,0.00989,0.219,0.948,121.491,pop,True,1
T.I.,Dead And Gone,299746,2008,1,0.713,0.746,0,-4.99,1,0.259,0.0402,0.0,0.601,0.47,135.021,"hip hop, pop",True,1
Sean Kingston,Fire Burning,239986,2009,1,0.839,0.804,1,-2.513,1,0.0329,0.0192,0.0,0.331,0.888,122.973,"hip hop, pop, R&B",False,0
Empire of the Sun,Walking On A Dream,198440,2008,1,0.871,0.701,5,-5.594,0,0.0458,0.257,7.52e-06,0.0589,0.716,126.975,"rock, pop, Dance/Electronic",False,0
Cobra Starship,Good Girls Go Bad (feat. Leighton Meester),196413,2009,1,0.594,0.874,0,-3.716,1,0.0815,0.0116,0.0,0.549,0.628,119.964,"pop, Dance/Electronic",False,0
Nickelback,If Today Was Your Last Day,249066,2008,1,0.485,0.911,3,-5.749,1,0.0355,8.67e-05,0.0,0.092,0.568,89.956,"rock, metal",False,0
La Roux,Bulletproof,205733,2009,1,0.674,0.882,3,-2.771,0,0.0477,0.000441,6.47e-05,0.068,0.682,123.016,"pop, Dance/Electronic",False,0
Kasabian,Fire,252279,2009,1,0.525,0.742,10,-5.643,1,0.0311,0.0874,0.149,0.117,0.179,117.029,rock,False,0
Calvin Harris,I'm Not Alone - Radio Edit,210973,2009,1,0.597,0.684,7,-6.614,1,0.0321,0.00481,0.105,0.317,0.435,130.99,"hip hop, pop, Dance/Electronic",False,0
Justin Bieber,One Time,215866,2009,1,0.691,0.853,1,-2.528,0,0.0372,0.0631,7.13e-05,0.082,0.762,145.999,pop,False,0
Jamie Foxx,Blame It,289746,2008,1,0.673,0.614,7,-5.426,1,0.103,0.0782,0.0,0.139,0.362,176.052,"hip hop, pop, R&B",True,1
La Roux,In For The Kill,248626,2009,1,0.629,0.969,8,-0.276,0,0.0455,0.00184,0.0,0.122,0.905,150.01,"pop, Dance/Electronic",False,0
Muse,Uprising,304840,2009,1,0.602,0.905,2,-4.046,1,0.0775,0.000202,0.064,0.117,0.411,128.019,rock,False,0
Nickelback,Gotta Be Somebody,252653,2008,1,0.536,0.89,0,-5.222,1,0.0601,0.000354,0.00165,0.133,0.205,115.998,"rock, metal",False,0
James Morrison,Broken Strings,250453,2008,1,0.57,0.717,1,-4.914,1,0.029,0.00967,0.0,0.0833,0.321,111.91,"pop, R&B",False,0
T.I.,Whatever You Like,249533,2008,1,0.68,0.687,9,-6.162,0,0.0709,0.0161,0.0,0.261,0.467,150.053,"hip hop, pop",True,1
Dizzee Rascal,Holiday,220626,2011,1,0.545,0.918,0,-1.925,1,0.0448,0.0571,0.0,0.0415,0.855,117.985,"hip hop, pop, Dance/Electronic",False,0
Beyoncé,Single Ladies (Put a Ring on It),193213,2008,1,0.426,0.584,1,-5.293,1,0.296,0.0383,0.0,0.188,0.272,193.437,"pop, R&B",False,0
Boys Like Girls,Love Drunk,226706,2009,1,0.44,0.976,10,-3.17,1,0.141,0.00177,3.39e-06,0.16,0.412,150.005,pop,False,0
The-Dream,Rockin' That Shit,221920,2009,1,0.672,0.62,8,-4.865,1,0.0422,0.123,0.0,0.362,0.627,78.005,"hip hop, pop, R&B",True,1
OneRepublic,Secrets,224693,2009,1,0.516,0.764,2,-6.223,1,0.0366,0.0717,0.0,0.115,0.376,148.021,pop,False,0
JLS,Everybody in Love,195586,2013,0,0.705,0.783,5,-5.971,0,0.0327,0.0703,0.0,0.36,0.656,140.022,pop,False,0
Jason Aldean,Big Green Tractor,204200,2009,0,0.616,0.596,4,-5.035,1,0.0289,0.654,0.0,0.218,0.58,137.077,country,False,0
The Fray,Never Say Never,256613,2009,1,0.23,0.492,8,-5.767,1,0.0317,0.568,8.18e-06,0.176,0.262,160.139,pop,False,0
Lily Allen,The Fear,207120,2009,0,0.661,0.847,10,-6.948,1,0.0404,0.419,8.82e-05,0.107,0.522,134.002,pop,True,1
Kings of Leon,Sex on Fire,203346,2008,1,0.542,0.905,9,-5.653,1,0.054,0.00172,0.0104,0.136,0.374,153.398,rock,False,0
Drake,Best I Ever Had,258760,2010,0,0.431,0.894,5,-2.673,0,0.33,0.0951,0.0,0.188,0.605,162.161,"hip hop, pop, R&B",True,1
Kelly Clarkson,Already Gone,281560,2009,1,0.209,0.872,9,-2.996,1,0.0757,0.217,0.0,0.0768,0.294,78.139,"pop, R&B",False,0
Miley Cyrus,Party In The U.S.A.,202066,2009,1,0.652,0.698,10,-4.667,0,0.042,0.00112,0.000115,0.0886,0.47,96.021,pop,False,0
Jordin Sparks,Battlefield,241920,2009,1,0.613,0.634,2,-3.472,1,0.0339,0.0178,0.0,0.0639,0.37,144.953,"pop, R&B",False,0
Ne-Yo,Mad,254533,2008,1,0.731,0.644,0,-5.348,1,0.0343,0.665,0.0,0.11,0.691,129.94,"pop, R&B",False,0
Green Day,21 Guns,321093,2009,1,0.268,0.742,5,-4.939,1,0.0355,0.0518,0.0,0.626,0.416,159.779,rock,False,0
Keri Hilson,Knock You Down,326186,2009,1,0.588,0.877,8,-4.78,1,0.16,0.00952,0.0,0.171,0.645,155.165,"pop, R&B",False,0
Taylor Swift,You Belong With Me,231146,2008,1,0.687,0.771,6,-4.424,1,0.0384,0.164,2.46e-05,0.112,0.445,129.964,pop,False,0
Shinedown,Second Chance,222066,2008,1,0.46,0.796,0,-4.501,0,0.0333,0.00107,0.0,0.106,0.182,100.011,"rock, metal",False,0
Asher Roth,I Love College,241933,2009,1,0.713,0.826,8,-4.075,1,0.243,0.0897,0.0,0.421,0.664,86.444,"hip hop, pop",True,1
Katy Perry,Waking Up In Vegas,199186,2008,0,0.524,0.878,5,-3.108,0,0.0346,0.0012,0.0,0.098,0.59,130.989,pop,False,0
Kelly Clarkson,My Life Would Suck Without You,211493,2009,1,0.526,0.882,9,-4.006,1,0.0509,0.0014,0.0,0.144,0.424,144.982,"pop, R&B",False,0
Mumford & Sons,Little Lion Man,245173,2009,1,0.517,0.492,5,-8.05,1,0.0272,0.0275,3.19e-05,0.0873,0.455,138.585,"Folk/Acoustic, rock, pop",True,1
The Fray,You Found Me,241853,2009,1,0.338,0.803,8,-5.412,0,0.0413,0.0187,0.0,0.136,0.4,151.994,pop,False,0
Bruno Mars,Just the Way You Are,220734,2010,1,0.635,0.841,5,-5.379,1,0.0422,0.0134,0.0,0.0622,0.424,109.021,pop,False,0
Eminem,Love The Way You Lie,263373,2010,1,0.749,0.925,10,-5.034,1,0.227,0.241,0.0,0.52,0.641,86.989,hip hop,True,1
Lady Gaga,Bad Romance,294573,2009,1,0.696,0.921,0,-3.755,1,0.0363,0.00314,5.24e-05,0.0842,0.714,119.001,pop,True,1
Stromae,Alors on danse - Radio Edit,206066,2010,1,0.791,0.59,1,-9.206,0,0.0793,0.0994,0.00203,0.065,0.714,119.951,pop,False,0
Kesha,TiK ToK,199693,2010,1,0.755,0.837,2,-2.718,0,0.142,0.0991,0.0,0.289,0.714,120.028,"pop, Dance/Electronic",False,0
David Guetta,Memories (feat. Kid Cudi),210853,2010,1,0.546,0.916,8,-3.932,1,0.255,0.00144,4.34e-06,0.251,0.375,129.983,"hip hop, pop, Dance/Electronic",False,0
Taio Cruz,Dynamite,202613,2010,1,0.751,0.783,4,-3.724,1,0.0859,0.00379,0.0,0.036,0.816,119.975,"hip hop, pop",False,0
Rihanna,Only Girl (In The World),235493,2010,1,0.789,0.716,11,-4.241,0,0.0432,0.129,1.07e-05,0.069,0.611,125.906,"hip hop, pop, R&B",False,0
Katy Perry,California Gurls,234653,2012,1,0.791,0.754,0,-3.729,1,0.0569,0.00446,0.0,0.163,0.425,125.014,pop,False,0
Kesha,Take It Off,215200,2010,1,0.729,0.675,5,-5.292,0,0.0286,4.14e-05,0.00126,0.0867,0.74,125.036,"pop, Dance/Electronic",False,0
INNA,Hot - Play & Win Radio Version,217036,2010,0,0.817,0.939,7,-6.079,0,0.28,0.0798,0.441,0.431,0.599,128.0,pop,False,0
Far East Movement,Like A G6,216893,2010,1,0.435,0.837,3,-8.126,1,0.449,0.00676,0.0,0.117,0.778,124.913,"hip hop, pop",False,0
David Guetta,Gettin' Over You (feat. Fergie & LMFAO),188000,2010,1,0.615,0.913,10,-5.077,0,0.0816,0.178,0.0,0.0773,0.45,129.944,"hip hop, pop, Dance/Electronic",False,0
Duck Sauce,Barbra Streisand - Radio Edit,196533,2010,0,0.769,0.922,1,-1.966,1,0.108,0.000939,0.197,0.233,0.506,127.965,Dance/Electronic,False,0
Lucenzo,Danza Kuduro (feat. Don Omar),213986,2011,0,0.622,0.942,7,-6.365,1,0.112,0.00713,0.0,0.0715,0.773,130.003,latin,False,0
Rihanna,Te Amo,208426,2009,1,0.567,0.707,8,-5.455,0,0.0818,0.541,0.000176,0.1,0.751,171.917,"hip hop, pop, R&B",True,1
Timbaland,Carry Out (Featuring Justin Timberlake),232466,2009,1,0.531,0.574,10,-6.693,0,0.113,0.114,0.0308,0.256,0.272,115.68,"hip hop, pop, R&B",False,0
DJ Fresh,Gold Dust - Radio Edit,192446,2010,1,0.451,0.948,0,-0.74,1,0.147,0.255,0.0,0.392,0.295,176.985,"pop, Dance/Electronic",False,0
Edward Maya,Stereo Love - Radio Edit,184573,2010,1,0.799,0.783,1,-3.896,0,0.0322,0.0346,0.0186,0.0757,0.586,127.041,pop,False,0
Taio Cruz,Break Your Heart,201546,2010,1,0.607,0.934,3,-4.217,1,0.0314,0.0327,0.0,0.0909,0.568,122.01,"hip hop, pop",False,0
Black Eyed Peas,Imma Be,257560,2009,1,0.597,0.517,0,-6.963,1,0.365,0.179,0.0,0.307,0.412,92.035,"hip hop, pop",False,0
Sidney Samson,Riverside,320348,2009,0,0.804,0.976,1,-2.458,0,0.0445,0.00023,0.894,0.125,0.237,125.997,Dance/Electronic,True,1
Eminem,Not Afraid,248133,2010,1,0.855,0.954,0,-1.19,0,0.264,0.529,0.0,0.205,0.668,114.635,hip hop,True,1
Lady Gaga,Alejandro,274213,2009,1,0.623,0.793,11,-6.63,0,0.0462,0.000397,0.0015,0.375,0.36,98.998,pop,False,0
Rihanna,Rude Boy,222920,2009,1,0.563,0.75,11,-4.496,1,0.127,0.113,0.0,0.0788,0.812,173.906,"hip hop, pop, R&B",True,1
Ne-Yo,Beautiful Monster,251573,2010,1,0.708,0.771,5,-6.99,0,0.131,0.209,5.32e-06,0.277,0.494,128.013,"pop, R&B",False,0
3OH!3,Starstrukk,203093,2010,0,0.605,0.795,11,-6.086,0,0.0712,0.00153,0.0,0.207,0.263,139.896,"hip hop, pop, rock",False,0
Black Eyed Peas,The Time (Dirty Bit),307640,2010,1,0.816,0.813,6,-7.798,0,0.0664,0.0662,2.77e-06,0.602,0.436,127.979,"hip hop, pop",False,0
Kelly Rowland,Commander,218106,2011,1,0.395,0.876,11,-3.859,0,0.138,0.0173,8.46e-06,0.362,0.567,124.638,"hip hop, pop, R&B",False,0
Swedish House Mafia,One (Your Name) - Radio Edit,163246,2010,1,0.733,0.673,9,-6.572,0,0.0333,0.0132,0.0049,0.16,0.636,125.061,"pop, Dance/Electronic",False,0
Chris Brown,Deuces (feat. Tyga & Kevin McCall),276560,2011,1,0.692,0.736,1,-5.109,1,0.11,0.0324,0.0,0.0787,0.217,73.987,"hip hop, pop, R&B",True,1
Usher,DJ Got Us Fallin' In Love (feat. Pitbull),220800,2010,1,0.663,0.861,7,-3.398,0,0.109,0.0338,0.0,0.082,0.654,119.963,"hip hop, pop, R&B",False,0
Iyaz,Replay,182306,2009,1,0.706,0.751,9,-6.323,1,0.0708,0.173,0.0,0.168,0.195,91.031,"hip hop, pop",False,0
Flo Rida,Club Can't Handle Me (feat. David Guetta),234560,2010,1,0.616,0.869,0,-3.911,1,0.0327,0.0283,0.0,0.064,0.473,127.966,"hip hop, pop",False,0
Sean Kingston,Eenie Meenie,201946,2010,1,0.72,0.607,1,-4.168,1,0.0322,0.0543,0.0,0.113,0.828,121.223,"hip hop, pop, R&B",False,0
Waka Flocka Flame,No Hands (feat. Roscoe Dash & Wale),263773,2010,1,0.76,0.595,1,-6.366,1,0.0391,0.00544,0.0,0.241,0.361,131.497,"hip hop, pop",True,1
Tinie Tempah,Written in the Stars (feat. Eric Turner),207653,2010,1,0.656,0.931,7,-4.188,1,0.0981,0.0613,0.0,0.219,0.534,91.881,"hip hop, pop, Dance/Electronic",False,0
Bruno Mars,Talking to the Moon,217866,2010,1,0.498,0.59,1,-4.721,0,0.032,0.511,0.0,0.107,0.0784,145.867,pop,False,0
Miley Cyrus,Can't Be Tamed,168213,2010,0,0.63,0.91,11,-2.919,0,0.144,0.0287,0.0,0.196,0.743,116.98,pop,False,0
Mike Posner,Cooler Than Me - Single Mix,213293,2010,1,0.768,0.82,7,-4.63,0,0.0474,0.179,0.0,0.689,0.625,129.965,"hip hop, pop, Dance/Electronic",False,0
Lady Gaga,Telephone,220640,2009,1,0.824,0.836,3,-5.903,1,0.0404,0.00521,0.000817,0.112,0.716,122.014,pop,False,0
Yolanda Be Cool,We No Speak Americano (JT Radio Edit),157438,2010,0,0.901,0.805,6,-5.005,1,0.0464,0.0712,0.0812,0.0923,0.737,124.996,Dance/Electronic,False,0
Rihanna,Hard,250600,2009,1,0.31,0.746,1,-3.599,1,0.111,0.0121,0.0,0.649,0.163,182.032,"hip hop, pop, R&B",True,1
Tinie Tempah,Pass Out,268053,2010,0,0.693,0.891,1,-3.261,1,0.296,0.0281,0.0,0.143,0.532,91.1,"hip hop, pop, Dance/Electronic",True,1
Adam Lambert,Whataya Want from Me,227320,2009,1,0.438,0.672,11,-4.706,0,0.0429,0.0055,0.0,0.0583,0.457,185.934,pop,False,0
Trey Songz,Bottoms Up (feat. Nicki Minaj),242013,2010,0,0.845,0.601,1,-5.283,1,0.161,0.0205,0.0,0.385,0.329,74.008,"hip hop, pop, R&B",True,1
Timbaland,If We Ever Meet Again (Featuring Katy Perry),292706,2009,1,0.652,0.605,8,-7.371,1,0.0393,0.00481,0.0,0.0605,0.394,126.091,"hip hop, pop, R&B",False,0
Enrique Iglesias,I Like It,231373,2010,1,0.648,0.942,10,-2.881,0,0.0878,0.021,0.0,0.0594,0.73,129.007,"pop, latin",False,0
Tim Berg,Seek Bromance - Avicii’s Vocal Edit,203960,2010,0,0.515,0.837,11,-2.552,1,0.0401,0.0868,0.0,0.0403,0.52,126.026,"pop, Dance/Electronic",False,0
Usher,OMG (feat. will.i.am),269493,2010,1,0.781,0.745,4,-5.81,0,0.0332,0.198,1.14e-05,0.36,0.326,129.998,"hip hop, pop, R&B",False,0
Maroon 5,Misery,216200,2010,1,0.703,0.81,4,-4.874,0,0.0424,0.000315,0.0,0.216,0.726,102.978,pop,False,0
Jay Sean,Down,212106,2009,0,0.657,0.695,2,-4.493,1,0.0321,0.0108,0.0,0.0822,0.683,65.997,"hip hop, pop, R&B",False,0
Rihanna,Man Down,267000,2010,1,0.47,0.904,0,-4.024,0,0.177,0.0436,0.0,0.0491,0.557,155.788,"hip hop, pop, R&B",True,1
3OH!3,My First Kiss (feat. Ke$ha),192440,2010,1,0.682,0.889,0,-4.166,1,0.0804,0.00564,0.0,0.36,0.827,138.021,"hip hop, pop, rock",False,0
Justin Bieber,Baby,214240,2010,1,0.728,0.859,5,-5.237,0,0.137,0.0401,0.0,0.111,0.535,65.043,pop,False,0
Cali Swag District,Teach Me How to Dougie,237480,2011,1,0.846,0.438,11,-4.981,1,0.141,0.2,9.43e-05,0.0939,0.512,85.013,"hip hop, pop",True,1
Swedish House Mafia,Miami 2 Ibiza - Swedish House Mafia vs. Tinie Tempah,206460,2010,0,0.736,0.929,7,-5.89,0,0.0674,0.00237,1.11e-05,0.402,0.658,125.03,"pop, Dance/Electronic",True,1
K'NAAN,Wavin' Flag,220520,2009,1,0.625,0.699,0,-6.416,1,0.0729,0.13,0.0,0.238,0.717,75.974,set(),False,0
Ludacris,How Low,201586,2010,1,0.785,0.498,1,-6.977,1,0.0533,0.00248,1.23e-06,0.224,0.418,143.96,"hip hop, pop",True,1
Kesha,Blah Blah Blah (feat. 3OH!3),172053,2010,1,0.752,0.836,10,-3.173,1,0.115,0.0843,0.000425,0.424,0.519,120.003,"pop, Dance/Electronic",True,1
DJ Khaled,"All I Do Is Win (feat. T-Pain, Ludacris, Snoop Dogg & Rick Ross)",232506,2010,0,0.544,0.781,10,-3.616,1,0.189,0.014,0.0,0.161,0.277,150.1,"hip hop, pop",True,1
Jason Derulo,In My Head,199026,2010,1,0.762,0.748,0,-4.15,0,0.033,0.0266,0.0,0.348,0.851,110.009,"hip hop, pop",False,0
Aloe Blacc,I Need A Dollar,243053,2010,0,0.84,0.482,6,-7.116,0,0.0333,0.202,0.0,0.0873,0.957,95.498,R&B,False,0
B.o.B,Airplanes (feat. Hayley Williams of Paramore),180480,2010,1,0.66,0.867,6,-4.285,0,0.116,0.11,0.0,0.0368,0.377,93.033,"hip hop, pop",True,1
Ludacris,My Chick Bad,216933,2010,1,0.624,0.723,1,-6.782,1,0.378,0.172,0.0,0.483,0.757,84.789,"hip hop, pop",True,1
Nelly,Just A Dream,237800,2010,1,0.531,0.752,1,-6.161,1,0.0305,0.0421,0.0,0.12,0.103,89.917,"hip hop, pop, R&B",False,0
Rihanna,What's My Name?,263173,2010,1,0.692,0.786,2,-2.959,1,0.069,0.23,0.0,0.0797,0.583,100.025,"hip hop, pop, R&B",False,0
Shontelle,Impossible,226533,2010,0,0.599,0.624,8,-3.631,1,0.0343,0.385,0.0,0.125,0.539,90.034,"pop, R&B",False,0
Take That,The Flood,289359,2010,1,0.514,0.83,11,-6.077,0,0.044,0.0378,1.43e-06,0.122,0.138,100.631,pop,False,0
Trey Songz,Say Aah (feat. Fabolous),207546,2009,0,0.724,0.87,1,-3.614,0,0.113,0.00453,0.0,0.833,0.81,93.01,"hip hop, pop, R&B",False,0
Jason Derulo,Whatcha Say,221253,2010,1,0.615,0.711,11,-5.507,1,0.0779,0.0444,0.0,0.145,0.711,144.036,"hip hop, pop",False,0
Drake,Over,233560,2010,1,0.325,0.848,7,-5.611,1,0.279,0.0109,0.0,0.124,0.433,100.093,"hip hop, pop, R&B",True,1
Example,Kickstarts,181826,2010,1,0.61,0.836,5,-4.455,1,0.0573,0.00374,0.0,0.358,0.657,126.056,"pop, Dance/Electronic",False,0
Plan B,She Said,208853,2010,1,0.72,0.538,3,-5.85,0,0.141,0.301,3.03e-06,0.144,0.815,147.007,Dance/Electronic,False,0
The Saturdays,Higher,207613,2010,1,0.639,0.862,10,-3.292,1,0.0341,0.049,6.81e-06,0.264,0.596,117.011,"pop, Dance/Electronic",False,0
Jay Sean,Do You Remember,210306,2009,0,0.855,0.668,11,-4.892,1,0.0644,0.0242,0.0,0.102,0.803,125.846,"hip hop, pop, R&B",False,0
Usher,Hey Daddy (Daddy's Home),224093,2010,1,0.59,0.698,11,-4.262,1,0.0286,0.000176,0.0,0.107,0.352,95.975,"hip hop, pop, R&B",False,0
Lil Wayne,Right Above It,271946,2010,1,0.376,0.841,3,-4.348,0,0.356,0.0435,0.0,0.578,0.463,76.052,"hip hop, pop",True,1
The Wanted,All Time Low,205200,2010,0,0.689,0.615,8,-5.022,0,0.0563,0.352,0.0,0.0789,0.783,134.036,"pop, Dance/Electronic",False,0
Kesha,Your Love Is My Drug,187133,2010,1,0.826,0.612,1,-3.891,1,0.0982,0.00681,0.0,0.0889,0.756,120.057,"pop, Dance/Electronic",False,0
Ellie Goulding,Starry Eyed,176613,2010,0,0.504,0.814,5,-5.346,0,0.0389,0.135,1.42e-05,0.324,0.596,149.967,"pop, rock, Dance/Electronic",False,0
Drake,Find Your Love,208946,2010,1,0.625,0.613,6,-6.005,0,0.173,0.0209,0.0,0.0286,0.738,96.033,"hip hop, pop, R&B",False,0
Jason Derulo,Ridin' Solo,215746,2010,1,0.442,0.83,9,-4.02,1,0.146,0.128,0.0,0.129,0.578,89.338,"hip hop, pop",False,0
Two Door Cinema Club,What You Know,189693,2010,0,0.55,0.753,6,-4.003,0,0.0407,0.000665,7.74e-06,0.0921,0.841,139.048,"World/Traditional, rock, pop",False,0
JAY-Z,Young Forever,253906,2009,1,0.637,0.69,9,-3.214,0,0.0693,0.417,0.0,0.211,0.103,140.329,hip hop,True,1
Young Money,BedRock,288133,2009,1,0.733,0.664,8,-6.163,1,0.295,0.102,0.0,0.191,0.557,148.005,"hip hop, pop",True,1
B.o.B,Nothin' on You (feat. Bruno Mars),268320,2010,1,0.688,0.853,10,-5.814,1,0.0493,0.386,0.0,0.0862,0.743,103.993,"hip hop, pop",False,0
Katy Perry,Teenage Dream,227741,2010,1,0.719,0.798,10,-4.582,1,0.0361,0.0162,2.34e-06,0.134,0.591,120.011,pop,False,0
Scouting For Girls,This Ain't a Love Song,210680,2017,0,0.458,0.905,0,-4.157,1,0.0451,0.000431,0.0,0.378,0.553,176.667,"pop, rock",False,0
Travie McCoy,Billionaire (feat. Bruno Mars),211160,2010,1,0.633,0.673,6,-6.403,0,0.258,0.297,0.0,0.206,0.659,86.776,"hip hop, pop",True,1
Owl City,Fireflies,228346,2009,1,0.512,0.662,3,-6.797,1,0.0439,0.0275,0.0,0.118,0.472,180.114,"rock, pop",False,0
Alicia Keys,Empire State of Mind (Part II) Broken Down,216480,2009,1,0.484,0.368,6,-7.784,1,0.0341,0.74,3.82e-05,0.118,0.142,92.923,"pop, R&B",False,0
Lady A,Need You Now,236440,2010,1,0.581,0.717,4,-4.433,1,0.0318,0.0298,0.000186,0.243,0.316,107.884,"pop, country",False,0
Taylor Swift,Back To December,293026,2010,1,0.529,0.67,2,-4.663,1,0.0303,0.117,0.0,0.334,0.286,141.893,pop,False,0
Neon Trees,Animal,212306,2010,1,0.482,0.829,5,-5.576,1,0.0437,0.00034,0.0,0.378,0.739,147.99,"rock, pop",False,0
Kris Allen,Live Like We're Dying,212506,2009,0,0.589,0.893,0,-2.948,1,0.0397,0.0273,0.0,0.343,0.94,92.011,pop,False,0
Matt Cardle,When We Collide,226000,2011,0,0.443,0.683,2,-5.521,1,0.0343,0.0198,5.26e-06,0.313,0.447,81.986,pop,False,0
Robyn,Dancing On My Own,288670,2010,0,0.687,0.865,6,-4.663,1,0.0349,0.0743,0.225,0.0966,0.261,117.015,"pop, Dance/Electronic",False,0
The Band Perry,If I Die Young,222773,2010,1,0.606,0.497,4,-6.611,1,0.0277,0.348,0.0,0.275,0.362,130.739,country,False,0
B.o.B,Magic (feat. Rivers Cuomo),196133,2010,1,0.549,0.932,8,-4.11,0,0.343,0.0127,0.0,0.347,0.787,82.439,"hip hop, pop",False,0
Adele,Rolling in the Deep,228093,2011,0,0.73,0.77,8,-5.114,1,0.0298,0.138,0.0,0.0473,0.507,104.948,"pop, R&B",True,1
Maroon 5,"Moves Like Jagger - Studio Recording From ""The Voice"" Performance",201493,2010,1,0.722,0.761,11,-4.459,0,0.0475,0.0117,0.0,0.315,0.624,128.044,pop,False,0
LMFAO,Party Rock Anthem,262146,2011,1,0.751,0.736,5,-4.168,0,0.156,0.0206,0.0,0.265,0.352,130.014,"hip hop, pop, Dance/Electronic",False,0
Katy Perry,Firework,227893,2010,1,0.638,0.832,8,-5.039,1,0.049,0.141,0.0,0.113,0.648,124.071,pop,False,0
Bruno Mars,Grenade,222091,2010,1,0.704,0.558,2,-7.273,0,0.0542,0.148,0.0,0.107,0.245,110.444,pop,False,0
Pitbull,Hey Baby (Drop It to the Floor) (feat. T-Pain),234453,2011,1,0.595,0.912,10,-3.428,0,0.0884,0.0434,0.0,0.259,0.762,128.024,"hip hop, pop, latin",False,0
Alexandra Stan,Mr. Saxobeat,195105,2011,0,0.726,0.931,11,-4.152,0,0.0468,0.0218,0.000283,0.143,0.797,126.976,"pop, Dance/Electronic",False,0
David Guetta,Who's That Chick? (feat. Rihanna),201040,2010,1,0.675,0.602,11,-4.733,0,0.116,0.00377,0.0,0.0458,0.933,127.938,"hip hop, pop, Dance/Electronic",False,0
Jennifer Lopez,On The Floor,284866,2011,1,0.73,0.777,3,-5.194,0,0.0496,0.105,0.000478,0.0691,0.575,130.0,"hip hop, pop, R&B",False,0
Rihanna,S&M,243533,2010,1,0.767,0.682,1,-5.02,1,0.042,0.0113,0.00016,0.104,0.833,127.975,"hip hop, pop, R&B",False,0
Kesha,Blow,219973,2010,1,0.753,0.729,11,-3.862,0,0.0392,0.00334,5.66e-05,0.073,0.812,120.013,"pop, Dance/Electronic",False,0
Snoop Dogg,Sweat - Remix,195986,2011,1,0.813,0.732,7,-5.636,1,0.03,0.0597,0.00137,0.0826,0.731,130.02,"hip hop, pop",False,0
Taio Cruz,Higher,187626,2010,1,0.672,0.907,8,-5.069,0,0.0721,0.0048,3.4e-05,0.156,0.746,128.027,"hip hop, pop",False,0
Usher,More - RedOne Jimmy Joker Remix,219986,2010,1,0.551,0.893,7,-2.628,1,0.0543,0.00166,0.0,0.348,0.794,125.083,"hip hop, pop, R&B",False,0
Example,Changed the Way You Kiss Me - Radio Edit,195466,2011,0,0.578,0.857,4,-3.78,0,0.041,0.00548,0.00162,0.0948,0.188,126.979,"pop, Dance/Electronic",False,0
Black Eyed Peas,Just Can’t Get Enough,219426,2010,1,0.659,0.628,0,-8.685,0,0.179,0.186,0.0,0.105,0.262,94.05,"hip hop, pop",False,0
David Guetta,Where Them Girls At (feat. Nicki Minaj & Flo Rida),194840,2012,1,0.666,0.876,3,-3.078,1,0.0414,0.055,0.0,0.259,0.552,129.884,"hip hop, pop, Dance/Electronic",True,1
Lykke Li,I Follow Rivers - The Magician Remix,281106,2011,0,0.786,0.709,9,-5.737,0,0.0395,0.0192,0.00118,0.0845,0.285,122.019,"pop, Dance/Electronic",False,0
Pitbull,"Give Me Everything (feat. Ne-Yo, Afrojack & Nayer)",252306,2011,1,0.671,0.939,8,-3.206,1,0.161,0.191,0.0,0.298,0.53,129.024,"hip hop, pop, latin",False,0
Selena Gomez & The Scene,Love You Like A Love Song,188453,2011,1,0.858,0.678,1,-3.87,0,0.0469,0.0761,0.0,0.0741,0.922,117.009,"pop, Dance/Electronic",False,0
Wiz Khalifa,Black and Yellow,217666,2011,1,0.684,0.834,2,-4.524,0,0.0675,0.0646,0.0,0.271,0.538,164.02,"hip hop, pop",True,1
Katy Perry,E.T.,229573,2012,1,0.62,0.869,1,-5.252,1,0.175,0.0181,0.0,0.369,0.76,151.684,pop,False,0
Britney Spears,I Wanna Go,210266,2011,1,0.696,0.546,5,-6.55,1,0.0414,0.00379,3.8e-06,0.332,0.787,130.002,pop,False,0
Gym Class Heroes,Stereo Hearts (feat. Adam Levine),210960,2011,1,0.646,0.795,9,-3.293,1,0.0976,0.0319,0.0,0.267,0.796,89.99,"hip hop, pop",False,0
Edward Maya,Stereo Love - Radio Edit,184573,2010,1,0.799,0.783,1,-3.896,0,0.0322,0.0346,0.0186,0.0757,0.586,127.041,pop,False,0
Enrique Iglesias,Tonight (I'm Fuckin' You),232213,2010,1,0.648,0.89,0,-3.982,0,0.0523,0.0294,3.58e-06,0.116,0.321,125.953,"pop, latin",True,1
Jeremih,Down On Me,228453,2010,1,0.7,0.598,2,-7.783,1,0.114,0.0369,0.0,0.111,0.594,160.041,"hip hop, pop, R&B",False,0
Sak Noel,Loca People - Radio Edit,215624,2011,0,0.926,0.808,11,-3.148,0,0.0599,0.000915,0.00327,0.0515,0.701,127.998,Dance/Electronic,True,1
Olly Murs,Heart Skips a Beat (feat. Rizzle Kicks),202266,2011,1,0.843,0.881,9,-3.951,1,0.0581,0.14,0.0,0.0765,0.876,110.621,"pop, Dance/Electronic",False,0
LMFAO,Sexy And I Know It,199480,2011,1,0.707,0.861,7,-4.225,1,0.316,0.1,0.0,0.191,0.795,130.021,"hip hop, pop, Dance/Electronic",False,0
Cobra Starship,You Make Me Feel... (feat. Sabi),215693,2011,1,0.668,0.857,7,-2.944,0,0.0535,0.0191,6.71e-06,0.0385,0.748,131.959,"pop, Dance/Electronic",False,0
Jessie J,Do It Like A Dude,195240,2011,1,0.663,0.843,2,-3.672,1,0.049,0.0491,0.0,0.364,0.375,140.036,"hip hop, pop",True,1
DJ Fresh,Louder (feat. Sian Evans) - Radio Edit,206776,2012,1,0.31,0.926,6,-1.131,0,0.0464,0.0184,0.00792,0.483,0.493,139.85,"pop, Dance/Electronic",False,0
Waka Flocka Flame,No Hands (feat. Roscoe Dash & Wale),263773,2010,1,0.76,0.595,1,-6.366,1,0.0391,0.00544,0.0,0.241,0.361,131.497,"hip hop, pop",True,1
Nickelback,When We Stand Together,190786,2011,1,0.446,0.9,10,-3.541,0,0.0489,0.000102,1.89e-05,0.0404,0.88,187.961,"rock, metal",False,0
M83,Midnight City,243960,2011,1,0.507,0.729,11,-5.399,0,0.0393,0.0182,1.4e-06,0.0658,0.272,105.013,"rock, pop, metal, Dance/Electronic",False,0
Britney Spears,Till the World Ends,237946,2011,1,0.693,0.705,8,-5.747,1,0.0665,0.0228,0.0,0.202,0.45,131.951,pop,False,0
Labrinth,Earthquake (feat. Tinie Tempah),274600,2012,1,0.54,0.856,0,-3.966,0,0.1,0.109,0.0,0.276,0.258,153.071,pop,True,1
Jason Derulo,Don't Wanna Go Home,206080,2011,1,0.671,0.808,2,-4.861,0,0.0652,0.02,0.0,0.134,0.637,121.956,"hip hop, pop",False,0
Coldplay,Paradise,278719,2011,1,0.449,0.585,5,-6.761,1,0.0268,0.0509,8.75e-05,0.0833,0.212,139.631,"rock, pop",False,0
Katy Perry,Last Friday Night (T.G.I.F.),230746,2012,1,0.649,0.815,3,-3.796,0,0.0415,0.00125,4.31e-05,0.671,0.765,126.03,pop,False,0
Adele,Set Fire to the Rain,242973,2011,0,0.603,0.67,2,-3.882,0,0.0249,0.00408,1.66e-06,0.112,0.445,107.995,"pop, R&B",False,0
Dr. Dre,I Need A Doctor,283733,2011,1,0.594,0.946,3,-4.521,1,0.452,0.0869,0.0,0.306,0.397,155.826,hip hop,True,1
Lil Wayne,6 Foot 7 Foot,248586,2011,0,0.364,0.752,2,-5.429,1,0.304,0.0007,0.0,0.318,0.606,79.119,"hip hop, pop",True,1
DJ Khaled,I'm On One,296146,2011,1,0.413,0.807,11,-3.499,0,0.318,0.0536,0.0,0.631,0.438,149.33,"hip hop, pop",True,1
Chris Brown,Look At Me Now (feat. Lil' Wayne & Busta Rhymes),222586,2011,1,0.767,0.677,11,-6.128,0,0.184,0.0339,5.51e-06,0.144,0.538,146.155,"hip hop, pop, R&B",True,1
Far East Movement,Rocketeer,211253,2010,1,0.664,0.845,4,-6.115,0,0.0461,0.181,0.0,0.267,0.357,96.005,"hip hop, pop",False,0
The Wanted,Glad You Came,197935,2011,1,0.722,0.851,7,-3.873,0,0.0639,0.0319,0.0,0.108,0.452,126.885,"pop, Dance/Electronic",False,0
Kesha,We R Who We R,204760,2010,1,0.736,0.817,8,-4.9,1,0.0407,0.00987,0.00167,0.117,0.653,119.95,"pop, Dance/Electronic",False,0
Kelly Rowland,Motivation,230560,2011,1,0.744,0.672,9,-5.589,0,0.0418,0.187,0.000123,0.105,0.266,140.889,"hip hop, pop, R&B",False,0
Rihanna,We Found Love,215226,2011,1,0.735,0.766,1,-4.485,1,0.0383,0.025,0.00138,0.108,0.6,127.985,"hip hop, pop, R&B",False,0
Nicole Scherzinger,Don't Hold Your Breath,197440,2011,1,0.66,0.797,5,-6.096,0,0.0262,0.00646,0.000108,0.187,0.674,110.955,"pop, Dance/Electronic",False,0
Mann,Buzzin Remix,224333,2011,0,0.687,0.939,10,-4.372,0,0.146,0.0887,0.0,0.283,0.539,104.029,"hip hop, pop",True,1
Chris Brown,Yeah 3x,241666,2011,1,0.705,0.882,11,-3.201,0,0.0445,0.000369,1.16e-06,0.0934,0.7,130.0,"hip hop, pop, R&B",True,1
Swedish House Mafia,Save The World,213337,2011,1,0.507,0.665,0,-7.598,1,0.0474,0.0144,0.0,0.0759,0.4,126.879,"pop, Dance/Electronic",False,0
Kanye West,All Of The Lights,299613,2010,1,0.531,0.803,1,-3.284,1,0.0717,0.0796,1.71e-05,0.176,0.221,142.113,hip hop,True,1
Miguel,Sure Thing,195373,2010,1,0.684,0.607,11,-8.127,0,0.1,0.0267,0.000307,0.191,0.498,81.001,"pop, R&B",False,0
Diddy - Dirty Money,Coming Home,238693,2010,1,0.392,0.839,7,-1.921,1,0.193,0.158,0.0,0.3,0.232,168.001,"hip hop, pop, R&B",False,0
Rihanna,What's My Name?,263173,2010,1,0.692,0.786,2,-2.959,1,0.069,0.23,0.0,0.0797,0.583,100.025,"hip hop, pop, R&B",False,0
Chris Brown,Beautiful People,225881,2019,0,0.415,0.775,5,-6.366,0,0.161,0.0658,0.00431,0.0843,0.536,127.898,"hip hop, pop, R&B",False,0
Avril Lavigne,What the Hell,220706,2011,1,0.578,0.926,6,-3.689,0,0.0548,0.00472,0.0127,0.14,0.877,149.976,pop,False,0
Professor Green,Read All About It,235735,2011,0,0.656,0.752,11,-5.522,0,0.0434,0.336,0.0,0.223,0.445,100.963,Dance/Electronic,True,1
Chase & Status,Blind Faith,233666,2011,1,0.45,0.846,9,-4.712,0,0.0472,0.00523,0.0,0.228,0.402,140.042,Dance/Electronic,False,0
Chip,Champion (feat. Chris Brown),237293,2011,0,0.415,0.934,6,-2.914,0,0.24,0.078,0.0,0.145,0.52,190.151,"hip hop, Dance/Electronic",True,1
Selena Gomez & The Scene,Who Says,195613,2011,1,0.682,0.927,4,-2.915,1,0.0479,0.0843,0.0,0.149,0.744,101.019,"pop, Dance/Electronic",False,0
Rizzle Kicks,Down With The Trumpets,186851,2011,1,0.753,0.88,4,-4.689,0,0.0806,0.087,0.0,0.24,0.794,115.057,hip hop,False,0
Lady Gaga,Born This Way,260253,2011,1,0.587,0.828,11,-5.108,1,0.161,0.00327,0.0,0.331,0.494,123.907,pop,False,0
Nicki Minaj,Super Bass,200013,2010,0,0.72,0.861,11,-4.339,1,0.209,0.269,5.11e-06,0.601,0.669,126.991,"hip hop, pop",True,1
Mac Miller,Donald Trump,165908,2011,1,0.636,0.901,1,-7.094,0,0.118,0.119,0.0,0.391,0.836,162.994,hip hop,True,1
Calvin Harris,Bounce (feat. Kelis) - Radio Edit,222186,2012,1,0.779,0.963,2,-2.125,0,0.0399,0.0334,0.493,0.664,0.759,127.941,"hip hop, pop, Dance/Electronic",False,0
David Guetta,Without You (feat. Usher),208133,2012,1,0.608,0.614,2,-3.727,1,0.0285,0.227,4.06e-06,0.157,0.402,127.884,"hip hop, pop, Dance/Electronic",False,0
Foster The People,Pumped Up Kicks,239600,2011,1,0.733,0.71,5,-5.849,0,0.0292,0.145,0.115,0.0956,0.965,127.975,"rock, pop",False,0
Drake,Headlines,235986,2011,1,0.636,0.566,6,-7.16,0,0.106,0.365,0.000353,0.0917,0.425,151.894,"hip hop, pop, R&B",True,1
Jessie J,Price Tag,223053,2011,1,0.636,0.831,5,-3.945,1,0.182,0.0294,3.85e-06,0.272,0.668,175.015,"hip hop, pop",False,0
Jason Aldean,Dirt Road Anthem,229413,2010,0,0.678,0.739,2,-5.068,1,0.0352,0.32,2.36e-06,0.116,0.658,127.037,country,False,0
Wiz Khalifa,Roll Up,227773,2011,1,0.523,0.805,3,-5.473,1,0.192,0.0524,0.0,0.0914,0.602,125.358,"hip hop, pop",True,1
OneRepublic,Good Life,253306,2009,1,0.634,0.69,6,-7.804,1,0.052,0.0771,0.0,0.132,0.645,94.988,pop,True,1
Bad Meets Evil,Lighters,303813,2011,1,0.676,0.695,0,-8.327,1,0.245,0.352,0.0,0.119,0.144,90.268,"hip hop, pop",True,1
Bruno Mars,The Lazy Song,189109,2010,1,0.794,0.711,8,-5.124,0,0.0699,0.3,0.0,0.0955,0.955,174.915,pop,False,0
Lupe Fiasco,The Show Goes On,239613,2011,1,0.591,0.889,7,-3.839,1,0.115,0.0189,0.0,0.155,0.65,143.067,"hip hop, pop",True,1
James Morrison,I Won't Let You Go,229303,2011,1,0.537,0.611,0,-6.427,1,0.0304,0.229,0.0,0.146,0.161,105.955,"pop, R&B",False,0
Jason Derulo,It Girl,192200,2011,1,0.668,0.718,1,-4.736,0,0.0605,0.0165,0.0,0.104,0.345,91.993,"hip hop, pop",False,0
Adele,Someone Like You,285240,2011,0,0.554,0.321,9,-8.251,1,0.028,0.893,0.0,0.0996,0.288,135.047,"pop, R&B",False,0
Red Hot Chili Peppers,The Adventures of Rain Dance Maggie,282400,2011,1,0.683,0.734,4,-4.523,0,0.029,0.00112,0.0139,0.258,0.576,106.254,rock,False,0
Keri Hilson,Pretty Girl Rock,243920,2010,1,0.666,0.87,11,-5.004,0,0.246,0.203,0.0,0.0851,0.9,160.014,"pop, R&B",False,0
P!nk,F**kin' Perfect,213413,2010,1,0.563,0.671,7,-4.788,1,0.0373,0.0422,0.0,0.36,0.45,91.964,pop,True,1
Blake Shelton,Honey Bee,210720,2011,0,0.481,0.849,4,-5.131,1,0.0385,0.00167,1.49e-06,0.121,0.723,205.57,country,False,0
Lady Gaga,The Edge Of Glory,320546,2011,1,0.583,0.768,9,-6.477,1,0.041,0.000323,0.0162,0.109,0.357,127.952,pop,False,0
Lady A,Just A Kiss,218840,2011,1,0.593,0.639,1,-5.826,1,0.0307,0.446,0.0,0.0998,0.332,142.881,"pop, country",False,0
Hot Chelle Rae,Tonight Tonight,200466,2011,1,0.686,0.783,4,-4.977,1,0.119,0.0764,0.0,0.163,0.814,99.978,"hip hop, pop, rock",False,0
Grouplove,Tongue Tied,218013,2011,1,0.56,0.936,3,-5.835,1,0.0439,0.00847,0.0,0.161,0.371,112.96,"pop, rock, Folk/Acoustic",False,0
Coldplay,Every Teardrop Is a Waterfall,240796,2011,1,0.425,0.732,9,-6.883,1,0.0396,0.00194,0.0103,0.171,0.333,117.98,"rock, pop",False,0
Beyoncé,Best Thing I Never Had,253746,2011,1,0.545,0.649,6,-4.062,1,0.0324,0.143,1.57e-05,0.0894,0.297,99.099,"pop, R&B",False,0
P!nk,Raise Your Glass,202960,2010,1,0.7,0.709,7,-5.006,1,0.0838,0.0048,0.0,0.029,0.624,122.019,pop,True,1
Christina Perri,Jar of Hearts,246587,2011,1,0.349,0.348,3,-6.142,1,0.0316,0.726,0.0,0.12,0.0886,74.541,pop,False,0
Bruno Mars,Marry You,230192,2010,1,0.621,0.82,10,-4.865,1,0.0367,0.332,0.0,0.104,0.452,144.905,pop,False,0
The Band Perry,If I Die Young,222773,2010,1,0.606,0.497,4,-6.611,1,0.0277,0.348,0.0,0.275,0.362,130.739,country,False,0
Lil Wayne,How To Love,240306,2011,0,0.644,0.661,11,-6.093,1,0.0418,0.000177,5.23e-06,0.108,0.272,153.992,"hip hop, pop",False,0
Charlene Soraia,Wherever You Will Go,197577,2011,1,0.597,0.115,9,-9.217,1,0.0334,0.82,0.000215,0.111,0.128,111.202,pop,False,0
Christina Perri,A Thousand Years,285120,2011,1,0.421,0.407,10,-7.445,1,0.0267,0.309,0.000961,0.11,0.161,139.028,pop,False,0
Rihanna,We Found Love,215226,2011,1,0.735,0.766,1,-4.485,1,0.0383,0.025,0.00138,0.108,0.6,127.985,"hip hop, pop, R&B",False,0
Carly Rae Jepsen,Call Me Maybe,193400,2012,1,0.783,0.58,7,-6.548,1,0.0408,0.0114,2.28e-06,0.108,0.66,120.021,"pop, Dance/Electronic",False,0
fun.,We Are Young (feat. Janelle Monáe),250626,2012,1,0.378,0.638,10,-5.576,1,0.075,0.02,7.66e-05,0.0849,0.735,184.086,"rock, pop",False,0
Sean Paul,She Doesn't Mind,227786,2012,1,0.718,0.776,7,-5.208,0,0.0693,0.000624,5.3e-06,0.207,0.622,120.015,"hip hop, pop",False,0
Pitbull,International Love (feat. Chris Brown),227280,2011,1,0.67,0.855,0,-3.035,0,0.0499,0.0124,0.0,0.335,0.648,120.05,"hip hop, pop, latin",False,0
DEV,In The Dark,226226,2012,0,0.736,0.824,8,-4.231,1,0.0672,0.00358,0.000921,0.329,0.443,124.954,"pop, Dance/Electronic",False,0
Adele,Skyfall,286480,2012,1,0.346,0.552,0,-6.864,0,0.0282,0.417,0.0,0.114,0.0789,75.881,"pop, R&B",False,0
David Guetta,Turn Me On (feat. Nicki Minaj),199680,2012,1,0.704,0.793,8,-2.266,1,0.0591,0.0488,0.0,0.575,0.412,127.96,"hip hop, pop, Dance/Electronic",False,0
Rihanna,Where Have You Been,242680,2011,1,0.719,0.847,0,-6.34,0,0.0916,0.00201,0.0204,0.223,0.444,127.963,"hip hop, pop, R&B",False,0
JAY-Z,Ni**as In Paris,219333,2011,1,0.789,0.858,1,-5.542,1,0.311,0.127,0.0,0.349,0.775,140.022,hip hop,True,1
Maroon 5,One More Night,219546,2012,1,0.716,0.821,5,-3.435,0,0.0314,0.0558,0.0,0.0844,0.618,92.997,pop,False,0
Skrillex,Bangarang (feat. Sirah),215253,2011,1,0.716,0.972,7,-2.302,1,0.196,0.0145,3.22e-05,0.317,0.576,110.026,"hip hop, pop, Dance/Electronic",True,1
The Wanted,Chasing The Sun,198800,2012,1,0.637,0.732,7,-6.209,0,0.0965,0.244,0.0,0.498,0.68,128.108,"pop, Dance/Electronic",False,0
Flo Rida,Whistle,224653,2012,1,0.747,0.937,0,-5.746,1,0.0453,0.0208,0.0,0.29,0.739,103.976,"hip hop, pop",False,0
will.i.am,This Is Love,279026,2013,1,0.535,0.796,0,-3.446,0,0.0445,0.00473,0.0,0.145,0.282,128.954,"hip hop, pop",False,0
David Guetta,She Wolf (Falling to Pieces) [feat. Sia],222500,2012,1,0.492,0.857,7,-2.634,1,0.0655,0.0841,7.82e-06,0.344,0.393,129.973,"hip hop, pop, Dance/Electronic",False,0
Nicki Minaj,Pound The Alarm,205640,2012,1,0.728,0.858,9,-3.686,1,0.0609,0.0403,4.09e-06,0.0241,0.591,125.055,"hip hop, pop",True,1
Kendrick Lamar,Swimming Pools (Drank) - Extended Version,313786,2012,1,0.716,0.485,1,-7.745,1,0.404,0.123,2.69e-05,0.604,0.26,74.132,hip hop,True,1
MARINA,Primadonna,221075,2012,1,0.66,0.689,4,-2.671,0,0.0337,0.0884,0.0,0.0922,0.427,127.98,"pop, Dance/Electronic",False,0
Kanye West,Mercy,329320,2012,1,0.563,0.496,6,-9.381,0,0.406,0.0685,5.8e-05,0.173,0.426,139.993,hip hop,True,1
DJ Fresh,Hot Right Now (feat. RITA ORA) - Radio Edit,182333,2012,1,0.524,0.972,4,-1.569,0,0.0431,0.00656,0.00058,0.224,0.476,175.017,"pop, Dance/Electronic",False,0
LMFAO,Sexy And I Know It,199480,2011,1,0.707,0.861,7,-4.225,1,0.316,0.1,0.0,0.191,0.795,130.021,"hip hop, pop, Dance/Electronic",False,0
PSY,Gangnam Style (강남스타일),219493,2012,1,0.727,0.937,11,-2.871,0,0.286,0.00417,0.0,0.091,0.749,132.067,pop,False,0
Kesha,Die Young,211920,2012,1,0.711,0.7,1,-4.805,0,0.046,0.00498,0.000125,0.215,0.801,128.001,"pop, Dance/Electronic",False,0
Usher,Scream,234693,2012,1,0.616,0.862,7,-5.18,0,0.0973,0.00117,0.0,0.179,0.569,127.992,"hip hop, pop, R&B",False,0
Olly Murs,Troublemaker (feat. Flo Rida),185586,2012,0,0.762,0.863,0,-3.689,0,0.0565,0.015,0.0,0.125,0.965,106.008,"pop, Dance/Electronic",False,0
Linkin Park,BURN IT DOWN,230253,2012,1,0.585,0.972,9,-4.45,0,0.0534,0.0143,0.0,0.0707,0.585,110.006,"rock, metal",False,0
Bruno Mars,Locked out of Heaven,233478,2012,1,0.726,0.698,5,-4.165,1,0.0431,0.049,0.0,0.309,0.867,143.994,pop,False,0
Avicii,Levels - Radio Edit,199906,2011,1,0.584,0.889,1,-5.941,0,0.0343,0.0462,0.828,0.309,0.464,126.04,"pop, Dance/Electronic",False,0
Flo Rida,Good Feeling,248133,2012,1,0.706,0.89,1,-4.444,0,0.0688,0.0588,0.00286,0.306,0.684,128.011,"hip hop, pop",False,0
Rihanna,Diamonds,225146,2012,1,0.564,0.71,11,-4.92,0,0.0461,0.00125,0.0,0.109,0.393,91.972,"hip hop, pop, R&B",False,0
Wiz Khalifa,"Work Hard, Play Hard",219026,2012,1,0.787,0.666,11,-4.475,1,0.0485,0.0409,1.91e-05,0.296,0.485,140.008,"hip hop, pop",True,1
Katy Perry,Part Of Me,216160,2012,1,0.678,0.918,5,-4.63,1,0.0355,0.000417,0.0,0.0744,0.769,130.028,pop,False,0
Nicki Minaj,Starships,210626,2012,1,0.747,0.716,11,-2.457,0,0.075,0.135,0.0,0.251,0.751,125.008,"hip hop, pop",True,1
Kendrick Lamar,m.A.A.d city,350120,2012,1,0.487,0.729,2,-6.815,1,0.271,0.0538,4.07e-06,0.44,0.217,91.048,hip hop,True,1
Asaf Avidan & the Mojos,One Day / Reckoning Song (Wankelmut Remix) [Radio Edit],212360,2012,0,0.821,0.676,3,-6.366,0,0.0547,0.187,0.0001,0.0927,0.559,119.012,pop,False,0
Florence + The Machine,Spectrum (Say My Name) - Calvin Harris Remix,218190,2011,1,0.578,0.946,11,-3.85,0,0.0482,0.00225,0.00412,0.0966,0.588,126.092,"rock, pop, Dance/Electronic",False,0
Azealia Banks,212,204956,2014,0,0.847,0.769,11,-5.761,0,0.258,0.0145,0.00012,0.0767,0.626,126.017,"hip hop, pop, R&B",True,1
Maroon 5,Payphone,231173,2012,1,0.743,0.752,4,-4.813,1,0.0414,0.0188,0.0,0.287,0.545,110.015,pop,True,1
James Arthur,Impossible,209440,2013,1,0.376,0.695,0,-4.782,0,0.0933,0.135,0.0,0.11,0.302,169.533,pop,False,0
Michel Teló,Ai Se Eu Te Pego - Live,166866,2012,0,0.676,0.935,11,-4.55,1,0.0692,0.357,0.0,0.853,0.85,96.055,"country, latin",False,0
Otto Knows,Million Voices - Radio Edit,192866,2012,0,0.582,0.894,8,-6.298,1,0.041,0.0022,0.0223,0.0664,0.0694,125.946,"pop, Dance/Electronic",False,0
Icona Pop,I Love It,156773,2012,0,0.71,0.901,1,-2.686,1,0.0296,0.00828,1.34e-05,0.172,0.86,125.953,"pop, Dance/Electronic",True,1
Tyga,Rack City,203200,2012,1,0.929,0.339,1,-10.881,1,0.371,0.0373,1.96e-05,0.187,0.273,98.986,"hip hop, pop",True,1
Calvin Harris,Feel So Close - Radio Edit,206413,2012,1,0.707,0.924,7,-2.842,1,0.031,0.000972,0.00703,0.204,0.919,127.937,"hip hop, pop, Dance/Electronic",False,0
Jennifer Lopez,Dance Again,237266,2012,0,0.797,0.867,11,-5.242,0,0.0696,0.0158,2.79e-06,0.0868,0.716,127.974,"hip hop, pop, R&B",False,0
Grimes,Oblivion,251266,2012,0,0.697,0.529,2,-8.838,1,0.0338,0.115,0.901,0.0895,0.486,155.974,"pop, rock, Dance/Electronic",False,0
Adele,Rumour Has It,223266,2011,0,0.612,0.748,0,-5.014,1,0.0445,0.617,0.0,0.167,0.574,120.052,"pop, R&B",False,0
Coldplay,Paradise,278719,2011,1,0.449,0.585,5,-6.761,1,0.0268,0.0509,8.75e-05,0.0833,0.212,139.631,"rock, pop",False,0
Chris Brown,Turn Up the Music,227973,2012,1,0.594,0.841,1,-5.792,1,0.102,0.000238,2.22e-06,0.156,0.643,129.925,"hip hop, pop, R&B",False,0
Frank Ocean,Lost,234093,2012,1,0.913,0.603,8,-4.892,1,0.226,0.0272,0.000503,0.167,0.497,123.061,"hip hop, pop, R&B",True,1
Calvin Harris,Let's Go (feat. Ne-Yo),232800,2012,1,0.71,0.882,4,-2.932,0,0.0595,0.00777,0.00771,0.294,0.875,128.016,"hip hop, pop, Dance/Electronic",False,0
The Script,Hall of Fame (feat. will.i.am),202533,2012,1,0.421,0.873,10,-4.343,1,0.0564,0.0654,0.0,0.123,0.629,84.786,"pop, rock",False,0
Swedish House Mafia,Don't You Worry Child - Radio Edit,212862,2012,1,0.612,0.84,11,-3.145,0,0.0509,0.112,0.0,0.116,0.438,129.042,"pop, Dance/Electronic",False,0
MARINA,How to Be a Heartbreaker,221493,2012,0,0.69,0.897,11,-4.696,0,0.0506,0.0142,0.0,0.108,0.849,140.05,"pop, Dance/Electronic",False,0
Justin Bieber,Boyfriend,171333,2012,1,0.717,0.55,10,-6.019,0,0.0519,0.0358,0.00198,0.126,0.331,96.979,pop,False,0
David Guetta,Titanium (feat. Sia),245040,2012,1,0.604,0.787,0,-3.674,0,0.103,0.0679,0.15,0.127,0.301,126.062,"hip hop, pop, Dance/Electronic",False,0
Jessie J,Domino,231840,2011,1,0.758,0.557,7,-4.568,1,0.034,0.0117,0.0,0.0418,0.781,126.986,"hip hop, pop",False,0
Taylor Swift,I Knew You Were Trouble.,219720,2012,1,0.622,0.469,3,-6.798,0,0.0363,0.00454,2.25e-06,0.0335,0.679,77.019,pop,False,0
ScHoolboy Q,Hands on the Wheel (feat. Asap Rocky),197131,2012,1,0.646,0.784,1,-7.471,0,0.108,0.0166,0.0,0.0721,0.179,127.839,"hip hop, pop",True,1
P!nk,Try,247906,2012,1,0.674,0.628,2,-7.079,1,0.03,0.00144,0.0,0.0944,0.552,103.998,pop,False,0
Robbie Williams,Candy,201053,2012,1,0.715,0.791,10,-6.63,1,0.0414,0.0368,0.0,0.0694,0.879,116.043,"pop, rock",False,0
Snoop Dogg,"Young, Wild & Free (feat. Bruno Mars)",207333,2011,1,0.715,0.655,0,-6.425,1,0.137,0.0525,0.0,0.115,0.531,95.078,"hip hop, pop",True,1
Justin Bieber,As Long As You Love Me,229466,2012,1,0.571,0.873,0,-3.382,0,0.1,0.0811,0.0,0.361,0.613,139.691,pop,False,0
Rita Ora,R.I.P. (feat. Tinie Tempah),228026,2012,0,0.603,0.831,11,-3.443,0,0.0479,0.027,0.0,0.652,0.358,72.022,"hip hop, pop, Dance/Electronic",False,0
Alex Clare,Too Close,256613,2011,1,0.588,0.694,11,-4.278,0,0.0387,0.00948,0.0,0.113,0.271,126.027,rock,False,0
Tyga,Faded,206666,2012,1,0.831,0.667,1,-8.438,1,0.188,0.0103,0.0,0.35,0.339,95.073,"hip hop, pop",True,1
Alesso,Years - ラジオ・エディット,195480,2012,0,0.37,0.823,2,-6.245,1,0.0805,0.00234,1.91e-06,0.174,0.323,128.008,"pop, Dance/Electronic",False,0
Guy Sebastian,Battle Scars (feat. Lupe Fiasco),250080,2012,0,0.61,0.863,5,-2.632,0,0.206,0.186,0.0,0.097,0.508,83.993,pop,False,0
Katy Perry,The One That Got Away,227333,2012,1,0.687,0.792,1,-4.023,0,0.0353,0.000802,0.0,0.2,0.864,133.962,pop,False,0
Avicii,Silhouettes - Original Radio Edit,211880,2012,0,0.605,0.8,5,-6.235,0,0.0545,0.155,0.0562,0.121,0.836,128.074,"pop, Dance/Electronic",False,0
Gotye,Somebody That I Used To Know,244884,2011,1,0.863,0.527,0,-6.896,1,0.0358,0.607,0.000168,0.107,0.674,129.054,set(),False,0
Flo Rida,Wild Ones (feat. Sia),232946,2012,1,0.608,0.86,5,-5.324,0,0.0554,0.0991,0.0,0.262,0.437,127.075,"hip hop, pop",False,0
One Direction,What Makes You Beautiful,199986,2012,1,0.726,0.787,4,-2.494,1,0.0737,0.009,0.0,0.0596,0.888,124.99,pop,False,0
Lana Del Rey,Born To Die,286253,2012,0,0.18,0.636,4,-6.591,0,0.0439,0.209,0.000133,0.217,0.39,75.223,pop,False,0
Kesha,C'Mon,214333,2012,0,0.558,0.781,1,-5.448,0,0.0963,0.00657,0.00144,0.102,0.286,126.025,"pop, Dance/Electronic",False,0
Owl City,Good Time,205933,2012,1,0.56,0.872,3,-4.269,1,0.14,0.0239,6.98e-06,0.371,0.682,126.05,"rock, pop",False,0
Calvin Harris,We'll Be Coming Back (feat. Example),234360,2012,1,0.596,0.952,7,-4.364,1,0.0873,0.00131,0.0,0.598,0.571,127.945,"hip hop, pop, Dance/Electronic",False,0
Emeli Sandé,"Read All About It, Pt. III",283706,2012,1,0.63,0.44,2,-7.186,1,0.0249,0.822,3.87e-06,0.0926,0.343,98.082,"pop, R&B",False,0
Ellie Goulding,Lights - Single Version,210853,2010,1,0.682,0.795,8,-6.17,0,0.0367,0.0297,0.0391,0.131,0.78,120.008,"pop, rock, Dance/Electronic",False,0
Train,Drive By,195973,2012,1,0.765,0.837,1,-3.113,0,0.032,0.00107,1.06e-05,0.0801,0.721,122.028,pop,False,0
Disclosure,Latch,255631,2013,1,0.503,0.727,1,-5.456,1,0.167,0.0159,9.45e-05,0.0895,0.521,121.985,"pop, Dance/Electronic",False,0
Coldplay,Princess of China,239215,2011,1,0.42,0.69,9,-6.221,0,0.0347,0.00385,0.015,0.287,0.237,85.014,"rock, pop",False,0
One Direction,Live While We're Young,200186,2012,0,0.658,0.837,2,-2.063,1,0.0543,0.0629,0.0,0.0969,0.936,126.015,pop,False,0
Gym Class Heroes,Ass Back Home (feat. Neon Hitch),222213,2011,1,0.716,0.838,10,-4.289,1,0.0513,0.134,0.0,0.148,0.646,130.034,"hip hop, pop",True,1
Carrie Underwood,Blown Away,240133,2012,1,0.531,0.843,9,-2.569,0,0.0429,0.0909,0.0,0.0283,0.392,136.991,"pop, country",False,0
alt-J,Breezeblocks,227080,2012,1,0.616,0.656,5,-7.298,1,0.0344,0.096,0.000879,0.205,0.286,150.071,rock,False,0
Chris Brown,Don't Wake Me Up,222306,2012,1,0.602,0.691,7,-5.197,0,0.051,0.0548,0.0,0.144,0.206,127.967,"hip hop, pop, R&B",False,0
Kelly Clarkson,Stronger (What Doesn't Kill You),221946,2011,1,0.562,0.939,0,-4.282,1,0.0475,0.046,0.0,0.112,0.684,116.044,"pop, R&B",False,0
Drake,The Motto,181573,2011,1,0.766,0.442,1,-8.558,1,0.356,0.000107,6.12e-05,0.111,0.39,201.8,"hip hop, pop, R&B",True,1
Katy Perry,Wide Awake,220946,2012,1,0.514,0.683,5,-5.099,1,0.0367,0.0749,2.64e-06,0.392,0.575,159.814,pop,False,0
Rita Ora,How We Do (Party),247026,2012,0,0.738,0.922,7,-3.94,1,0.0833,0.0034,0.0,0.0986,0.689,116.024,"hip hop, pop, Dance/Electronic",True,1
Rudimental,Feel the Love (feat. John Newman),245186,2013,1,0.389,0.706,1,-6.849,1,0.0593,0.0026,0.000182,0.686,0.238,179.911,"pop, Dance/Electronic",False,0
Lana Del Rey,Ride,289080,2012,1,0.373,0.686,0,-5.52,1,0.034,0.128,1.96e-06,0.383,0.189,93.763,pop,True,1
Ne-Yo,Let Me Love You (Until You Learn To Love Yourself),251626,2012,1,0.658,0.677,5,-6.628,1,0.0393,0.248,0.0,0.368,0.248,124.91,"pop, R&B",False,0
Demi Lovato,Give Your Heart a Break,205346,2011,1,0.651,0.695,6,-3.218,1,0.0487,0.23,0.0,0.144,0.569,123.008,pop,False,0
Drake,Take Care,277386,2011,1,0.629,0.515,0,-10.358,0,0.265,0.0267,1.22e-05,0.0888,0.299,121.845,"hip hop, pop, R&B",True,1
Little Mix,Wings,219733,2012,0,0.738,0.875,7,-3.141,1,0.127,0.000673,0.000556,0.285,0.538,114.962,pop,False,0
Bruno Mars,It Will Rain,257720,2011,1,0.576,0.835,2,-6.826,1,0.0486,0.337,0.0,0.082,0.476,150.017,pop,False,0
Cher Lloyd,Want U Back,214013,2011,1,0.696,0.893,9,-2.963,1,0.076,0.0662,0.0,0.473,0.573,97.954,"pop, Dance/Electronic",False,0
Lorde,Royals,190185,2013,1,0.674,0.428,7,-9.504,1,0.122,0.121,0.0,0.132,0.337,84.878,"pop, Dance/Electronic",False,0
Robin Thicke,Blurred Lines,263053,2013,1,0.861,0.504,7,-7.707,1,0.0489,0.00412,1.78e-05,0.0783,0.881,120.0,"pop, R&B",False,0
Imagine Dragons,Radioactive,186813,2012,1,0.448,0.784,9,-3.686,1,0.0627,0.106,0.000108,0.668,0.236,136.245,rock,False,0
Avicii,Wake Me Up,247426,2013,0,0.532,0.783,2,-5.697,1,0.0523,0.0038,0.0012,0.161,0.643,124.08,"pop, Dance/Electronic",False,0
Bruno Mars,Locked out of Heaven,233478,2012,1,0.726,0.698,5,-4.165,1,0.0431,0.049,0.0,0.309,0.867,143.994,pop,False,0
Macklemore & Ryan Lewis,Thrift Shop (feat. Wanz),235613,2012,0,0.781,0.526,6,-6.985,0,0.293,0.0619,0.0,0.0457,0.662,94.992,"hip hop, pop",True,1
Daft Punk,Get Lucky (feat. Pharrell Williams & Nile Rodgers) - Radio Edit,248413,2013,1,0.794,0.811,6,-8.966,0,0.038,0.0426,1.07e-06,0.101,0.862,116.047,"hip hop, Dance/Electronic",False,0
will.i.am,Scream & Shout,283400,2013,1,0.772,0.685,5,-6.849,1,0.0696,0.019,8.96e-05,0.131,0.501,130.033,"hip hop, pop",True,1
Stromae,Papaoutai,232146,2013,0,0.733,0.818,10,-7.222,0,0.0859,0.0241,0.0,0.0636,0.253,116.019,pop,False,0
Bingo Players,Get Up (Rattle) - Vocal Edit,166933,2013,0,0.801,0.985,7,-2.69,1,0.0645,0.0205,6.86e-06,0.296,0.722,127.99,"pop, Dance/Electronic",False,0
Naughty Boy,La La La,220779,2013,1,0.754,0.677,6,-4.399,0,0.0316,0.112,0.0,0.111,0.254,124.988,Dance/Electronic,False,0
Tom Odell,Another Love,244360,2013,1,0.445,0.537,4,-8.532,0,0.04,0.695,1.65e-05,0.0944,0.131,122.769,pop,True,1
2 Chainz,We Own It (Fast & Furious),227906,2013,1,0.563,0.902,1,-4.586,0,0.402,0.0545,0.0,0.0524,0.559,171.999,"hip hop, pop",False,0
David Guetta,Play Hard (feat. Ne-Yo & Akon),201000,2012,1,0.691,0.921,8,-1.702,0,0.0533,0.173,0.0,0.331,0.8,130.072,"hip hop, pop, Dance/Electronic",False,0
Pitbull,Feel This Moment (feat. Christina Aguilera),229506,2012,1,0.673,0.758,7,-3.632,1,0.158,0.039,0.0,0.341,0.542,135.956,"hip hop, pop, latin",False,0
will.i.am,#thatPOWER,279506,2013,1,0.797,0.608,6,-6.096,0,0.0584,0.00112,7.66e-05,0.0748,0.402,127.999,"hip hop, pop",False,0
Lil Wayne,Love Me,255053,2013,1,0.669,0.634,11,-6.476,1,0.0327,0.0125,0.0,0.0946,0.496,124.906,"hip hop, pop",True,1
Macklemore & Ryan Lewis,Can't Hold Us (feat. Ray Dalton),258342,2012,1,0.641,0.922,2,-4.457,1,0.0786,0.0291,0.0,0.0862,0.847,146.078,"hip hop, pop",False,0
Martin Garrix,Animals - Radio Edit,176117,2013,0,0.593,0.914,1,-5.351,1,0.0363,0.00137,0.445,0.0714,0.0381,128.015,"pop, Dance/Electronic",False,0
Jason Derulo,Talk Dirty (feat. 2 Chainz),177685,2013,1,0.76,0.652,6,-7.321,1,0.232,0.0348,0.0,0.307,0.759,100.315,"hip hop, pop",True,1
John Newman,Love Me Again,239894,2013,1,0.495,0.894,2,-4.814,0,0.0441,0.00453,0.000596,0.103,0.213,126.03,set(),False,0
Britney Spears,Work B**ch,247853,2013,0,0.63,0.816,9,-6.535,1,0.15,0.124,0.00111,0.0616,0.85,128.012,pop,True,1
The Neighbourhood,Sweater Weather,240400,2013,1,0.612,0.807,10,-2.81,1,0.0336,0.0495,0.0177,0.101,0.398,124.053,"rock, pop",False,0
Sebastian Ingrosso,Reload - Radio Edit,221272,2013,1,0.485,0.724,9,-4.633,0,0.0521,0.0736,0.0,0.0631,0.433,128.045,"pop, Dance/Electronic",False,0
Capital Cities,Safe And Sound,192693,2013,0,0.652,0.783,0,-4.829,1,0.0309,0.000189,0.0173,0.0889,0.836,117.952,pop,False,0
Demi Lovato,Heart Attack,210840,2013,1,0.504,0.785,8,-4.802,1,0.104,0.0738,0.0,0.239,0.502,173.968,pop,False,0
Arctic Monkeys,Why'd You Only Call Me When You're High?,161123,2013,1,0.691,0.631,2,-6.478,1,0.0368,0.0483,1.13e-05,0.104,0.8,92.004,rock,False,0
Justin Bieber,Beauty And A Beat,227986,2012,1,0.602,0.843,0,-4.831,1,0.0593,0.000688,5.27e-05,0.0682,0.526,128.003,pop,False,0
Eminem,The Monster,250188,2013,1,0.781,0.853,1,-3.68,0,0.0715,0.0525,0.0,0.12,0.624,110.049,hip hop,True,1
Pitbull,Don't Stop the Party (feat. TJR),206120,2012,1,0.722,0.958,4,-3.617,1,0.0912,0.00726,0.0,0.375,0.952,127.008,"hip hop, pop, latin",False,0
Selena Gomez,Come & Get It,231986,2013,1,0.546,0.787,7,-4.1,0,0.0517,0.0101,0.00021,0.0809,0.573,79.979,pop,False,0
P!nk,True Love (feat. Lily Allen),230733,2012,1,0.457,0.823,9,-4.76,1,0.311,0.00144,0.0,0.108,0.578,192.205,pop,True,1
Disclosure,White Noise,277687,2013,0,0.665,0.844,10,-6.164,0,0.0501,0.00963,0.000215,0.311,0.902,119.978,"pop, Dance/Electronic",False,0
Flo Rida,I Cry,223800,2012,1,0.693,0.822,4,-5.441,0,0.0439,0.00616,1.79e-06,0.315,0.763,126.035,"hip hop, pop",False,0
Kanye West,Black Skinhead,188013,2013,0,0.578,0.825,1,-6.107,1,0.322,0.000986,0.0,0.176,0.283,130.089,hip hop,True,1
Lana Del Rey,Summertime Sadness (Lana Del Rey Vs. Cedric Gervais) - Cedric Gervais Remix,214912,2013,1,0.572,0.81,1,-5.791,0,0.0558,0.0157,6.53e-06,0.13,0.11,126.052,pop,False,0
Eminem,Berzerk,238746,2013,1,0.739,0.872,11,-4.059,0,0.333,0.0217,0.0,0.26,0.684,95.084,hip hop,True,1
Icona Pop,I Love It (feat. Charli XCX),157152,2013,1,0.711,0.906,8,-2.671,1,0.0284,0.00952,1.64e-05,0.153,0.824,125.916,"pop, Dance/Electronic",True,1
Fall Out Boy,My Songs Know What You Did In The Dark (Light Em Up),186826,2013,1,0.558,0.924,9,-4.341,0,0.064,0.0271,3.32e-06,0.537,0.567,151.99,rock,False,0
Lorde,Team,193058,2013,0,0.691,0.582,6,-7.444,1,0.0939,0.162,0.0,0.247,0.427,100.05,"pop, Dance/Electronic",False,0
Avicii,I Could Be The One (Avicii Vs. Nicky Romero) - Radio Edit,208316,2012,1,0.509,0.79,6,-3.782,0,0.0374,0.332,6.67e-05,0.316,0.638,127.946,"pop, Dance/Electronic",False,0
Imagine Dragons,Demons,177506,2012,1,0.505,0.71,3,-3.015,1,0.0321,0.19,0.00025,0.269,0.428,89.938,rock,False,0
One Direction,One Way or Another (Teenage Kicks),157293,2013,1,0.489,0.867,4,-3.121,0,0.071,0.025,0.0,0.586,0.409,162.131,pop,False,0
Taylor Swift,I Knew You Were Trouble.,219720,2012,1,0.622,0.469,3,-6.798,0,0.0363,0.00454,2.25e-06,0.0335,0.679,77.019,pop,False,0
Arctic Monkeys,Do I Wanna Know?,272394,2013,1,0.548,0.532,5,-7.596,1,0.0323,0.186,0.000263,0.217,0.405,85.03,rock,False,0
Rudimental,Waiting All Night (feat. Ella Eyre),292586,2013,1,0.544,0.728,6,-5.358,0,0.05,0.00264,0.00959,0.427,0.281,174.983,"pop, Dance/Electronic",False,0
Klangkarussell,Sonnentanz - Sun Don't Shine,238120,2014,1,0.579,0.549,5,-8.262,0,0.0909,0.104,0.0202,0.0964,0.155,119.74,"pop, Dance/Electronic",False,0
Calvin Harris,Drinking from the Bottle (feat. Tinie Tempah),240346,2012,1,0.665,0.886,9,-4.175,0,0.0514,0.0469,6.24e-05,0.0525,0.53,128.062,"hip hop, pop, Dance/Electronic",False,0
A$AP Rocky,"F**kin' Problems (feat. Drake, 2 Chainz & Kendrick Lamar)",233786,2013,1,0.853,0.693,1,-6.87,1,0.275,0.0239,0.0,0.11,0.662,95.967,hip hop,True,1
P!nk,Try,247906,2012,1,0.674,0.628,2,-7.079,1,0.03,0.00144,0.0,0.0944,0.552,103.998,pop,False,0
Ylvis,The Fox (What Does the Fox Say?),213708,2013,1,0.703,0.867,6,-4.292,1,0.0453,0.107,0.0,0.119,0.546,128.008,hip hop,False,0
Ellie Goulding,Burn,231211,2014,1,0.559,0.777,1,-5.031,1,0.0432,0.31,0.0,0.105,0.329,87.016,"pop, rock, Dance/Electronic",False,0
Baauer,Harlem Shake,196664,2013,1,0.452,0.794,0,-5.151,1,0.0483,0.0111,0.00182,0.416,0.282,137.825,Dance/Electronic,False,0
Calvin Harris,I Need Your Love (feat. Ellie Goulding),234506,2012,1,0.695,0.869,8,-5.066,1,0.0483,0.41,0.0,0.237,0.58,124.989,"hip hop, pop, Dance/Electronic",False,0
Katy Perry,This Is How We Do,204285,2013,1,0.69,0.636,9,-6.028,0,0.0457,0.0203,0.0,0.147,0.8,96.0,pop,False,0
AWOLNATION,Sail,259102,2011,0,0.825,0.435,1,-9.582,1,0.0568,0.452,0.609,0.0953,0.243,119.038,"pop, rock",False,0
Duke Dumont,Need U (100%) [feat. A*M*E] - Radio Edit,174853,2013,0,0.681,0.835,0,-5.705,0,0.049,0.00176,0.00183,0.354,0.469,124.047,"pop, Dance/Electronic",False,0
Jason Derulo,The Other Side,226986,2013,0,0.561,0.836,9,-3.939,1,0.1,0.0525,0.0,0.136,0.517,127.923,"hip hop, pop",False,0
Storm Queen,Look Right Through - MK Vocal Edit,150400,2014,0,0.832,0.815,0,-8.035,0,0.081,0.00304,0.00553,0.263,0.519,119.995,Dance/Electronic,False,0
Calvin Harris,Sweet Nothing (feat. Florence Welch),212560,2012,1,0.573,0.929,8,-3.942,0,0.109,0.197,0.000112,0.0567,0.582,127.934,"hip hop, pop, Dance/Electronic",False,0
Katy Perry,Unconditionally,228878,2013,0,0.555,0.729,7,-4.813,1,0.0387,0.00357,0.0,0.209,0.369,129.003,pop,False,0
Wale,Bad (feat. Rihanna) - Remix,238826,2013,1,0.807,0.702,6,-6.594,0,0.0748,0.307,0.0,0.111,0.447,114.038,"hip hop, pop, R&B",True,1
Ciara,Body Party,234040,2013,1,0.577,0.576,2,-6.299,1,0.0563,0.0143,0.0,0.602,0.12,133.973,"pop, R&B",False,0
Drake,Started From the Bottom,174120,2013,1,0.794,0.523,8,-7.829,1,0.161,0.0331,0.0,0.156,0.56,86.307,"hip hop, pop, R&B",True,1
Birdy,Wings,252106,2013,0,0.474,0.707,7,-4.534,1,0.0253,0.0831,0.0,0.162,0.224,83.235,pop,False,0
Bastille,Of The Night,214205,2013,1,0.67,0.829,5,-7.2,0,0.0427,0.0192,0.000225,0.089,0.349,125.01,"pop, rock",False,0
Olly Murs,Dear Darlin',206373,2012,1,0.512,0.828,11,-4.672,0,0.0454,0.00627,8.73e-06,0.119,0.34,124.021,"pop, Dance/Electronic",False,0
Katy Perry,Roar,223546,2013,1,0.554,0.772,7,-4.821,0,0.0418,0.00487,6.6e-06,0.354,0.455,179.984,pop,False,0
Blake Shelton,Sure Be Cool If You Did,215720,2013,1,0.576,0.726,11,-4.625,1,0.035,0.255,0.0,0.108,0.582,136.802,country,False,0
Calvin Harris,Thinking About You (feat. Ayah Marar),247933,2012,1,0.725,0.874,0,-3.715,0,0.0396,0.00262,0.000412,0.0958,0.748,127.985,"hip hop, pop, Dance/Electronic",False,0
JAY-Z,Holy Grail,338413,2013,1,0.676,0.534,2,-6.901,0,0.0831,0.0594,8.59e-06,0.256,0.156,145.082,hip hop,True,1
Bridgit Mendler,Ready or Not,200946,2012,1,0.715,0.872,2,-3.835,1,0.0509,0.00351,3.84e-05,0.107,0.748,93.043,pop,False,0
The Saturdays,What About Us,220682,2013,1,0.704,0.68,7,-4.751,1,0.0581,0.0059,0.0,0.213,0.689,123.973,"pop, Dance/Electronic",False,0
Bastille,Pompeii,214147,2013,1,0.679,0.715,9,-6.383,1,0.0407,0.0755,0.0,0.271,0.571,127.435,"pop, rock",False,0
One Direction,Best Song Ever,200106,2013,1,0.652,0.877,1,-2.986,1,0.0465,0.0227,0.0,0.0789,0.486,118.491,pop,False,0
Nelly,Hey Porsche,209466,2013,1,0.726,0.795,9,-4.653,1,0.029,0.136,0.0,0.698,0.952,115.995,"hip hop, pop, R&B",True,1
Zedd,Clarity,271426,2012,0,0.523,0.78,8,-3.464,1,0.0753,0.0366,0.0,0.0751,0.193,128.006,"hip hop, pop, Dance/Electronic",False,0
Miley Cyrus,Wrecking Ball,221360,2013,1,0.53,0.422,5,-6.262,1,0.0342,0.407,0.0,0.107,0.349,119.964,pop,False,0
Chris Brown,Fine China,213666,2013,0,0.659,0.735,10,-4.758,0,0.056,0.0466,0.0,0.111,0.609,104.038,"hip hop, pop, R&B",False,0
Daft Punk,Lose Yourself to Dance (feat. Pharrell Williams),353893,2013,1,0.832,0.659,10,-7.828,0,0.057,0.0839,0.00114,0.0753,0.674,100.163,"hip hop, Dance/Electronic",False,0
Armin van Buuren,This Is What It Feels Like,204360,2013,1,0.551,0.833,8,-5.217,1,0.03,0.0391,2.77e-06,0.0632,0.145,129.885,"pop, Dance/Electronic",False,0
Justin Timberlake,Mirrors,484146,2013,1,0.574,0.512,5,-6.664,0,0.0503,0.234,0.0,0.0946,0.512,76.899,pop,False,0
Bruno Mars,Treasure,178560,2012,1,0.874,0.692,5,-5.28,0,0.0431,0.0412,7.24e-05,0.324,0.937,116.017,pop,True,1
Of Monsters and Men,Little Talks,266600,2012,1,0.457,0.757,1,-5.177,1,0.032,0.0206,0.0,0.146,0.417,102.961,"pop, rock, Folk/Acoustic",False,0
Miley Cyrus,We Can't Stop,231240,2013,1,0.613,0.622,1,-5.794,0,0.0334,0.00882,0.0,0.37,0.484,80.003,pop,False,0
J. Cole,Power Trip (feat. Miguel),241160,2013,0,0.667,0.61,1,-7.054,1,0.217,0.322,0.000203,0.426,0.465,99.991,hip hop,True,1
Paramore,Still into You,216013,2013,1,0.602,0.923,5,-3.763,1,0.044,0.0098,0.0,0.0561,0.765,136.01,"pop, rock",False,0
Christina Perri,human,250706,2013,1,0.439,0.489,8,-6.286,1,0.0368,0.132,0.000643,0.114,0.253,143.808,pop,False,0
Drake,"Hold On, We're Going Home",227880,2013,1,0.773,0.414,6,-7.436,0,0.0961,0.00411,3.4e-05,0.0733,0.289,99.993,"hip hop, pop, R&B",False,0
James Blunt,Bonfire Heart,238000,2013,0,0.575,0.821,0,-5.7,1,0.0527,0.181,0.0,0.124,0.449,118.021,pop,False,0
Maroon 5,Daylight,225066,2012,1,0.656,0.674,7,-5.473,1,0.0269,0.00242,0.0,0.255,0.369,120.001,pop,False,0
Childish Gambino,3005,235662,2013,0,0.681,0.463,6,-6.542,0,0.289,0.128,0.0,0.0769,0.661,82.92,hip hop,True,1
Avril Lavigne,Here's to Never Growing Up,214080,2013,0,0.483,0.871,0,-3.084,1,0.101,0.015,0.0,0.415,0.716,164.986,pop,True,1
Taylor Swift,22,232120,2012,1,0.661,0.729,7,-6.561,1,0.0376,0.00215,0.0013,0.0477,0.668,103.987,pop,False,0
Passenger,Let Her Go,252866,2012,1,0.509,0.538,7,-7.335,1,0.0572,0.385,0.0,0.104,0.244,75.089,pop,False,0
Ariana Grande,The Way,227026,2013,1,0.645,0.878,5,-3.208,0,0.113,0.294,0.0,0.076,0.862,82.324,pop,False,0
Rihanna,Stay,240706,2012,1,0.621,0.31,9,-10.164,0,0.0283,0.945,6.12e-05,0.117,0.125,111.893,"hip hop, pop, R&B",False,0
Justin Timberlake,Suit & Tie (feat. Jay-Z),326280,2013,1,0.795,0.596,11,-3.799,0,0.219,0.103,0.0,0.164,0.357,101.985,pop,True,1
Bruno Mars,When I Was Your Man,213826,2012,1,0.612,0.28,0,-8.648,1,0.0434,0.932,0.0,0.088,0.387,72.795,pop,False,0
Florida Georgia Line,Cruise,208960,2012,1,0.457,0.948,10,-3.364,1,0.0354,0.0191,0.0,0.0536,0.878,148.0,country,False,0
Pharrell Williams,"Happy - From ""Despicable Me 2""",232720,2014,1,0.647,0.822,5,-4.662,0,0.183,0.219,0.0,0.0908,0.962,160.019,"hip hop, pop",False,0
Katy Perry,Dark Horse,215672,2013,1,0.647,0.585,6,-6.123,1,0.0512,0.00314,0.0,0.165,0.353,131.934,pop,False,0
ScHoolboy Q,Collard Greens,299960,2014,0,0.826,0.571,11,-4.871,1,0.064,0.0239,7.38e-06,0.207,0.666,153.972,"hip hop, pop",True,1
Iggy Azalea,Fancy,199938,2014,1,0.912,0.716,10,-4.141,0,0.0697,0.0904,0.0,0.0491,0.377,94.981,"hip hop, pop",True,1
Maroon 5,Animals,231013,2014,1,0.279,0.742,4,-6.46,0,0.0898,0.000185,0.0,0.593,0.328,189.868,pop,False,0
Sam Smith,Stay With Me,172723,2014,1,0.418,0.42,0,-6.444,1,0.0414,0.588,6.39e-05,0.11,0.184,84.094,pop,False,0
MAGIC!,Rude,224840,2014,1,0.773,0.758,1,-4.993,1,0.0381,0.0422,0.0,0.305,0.925,144.033,set(),False,0
Sia,Chandelier,216120,2014,1,0.399,0.787,1,-2.88,1,0.0499,0.0197,6.07e-05,0.0685,0.572,117.089,pop,False,0
John Legend,All of Me,269560,2013,1,0.422,0.264,8,-7.064,1,0.0322,0.922,0.0,0.132,0.331,119.93,"pop, R&B",False,0
ZHU,Faded,223386,2014,0,0.861,0.475,9,-7.195,0,0.0487,0.00865,0.119,0.122,0.599,124.96,Dance/Electronic,False,0
Meghan Trainor,All About That Bass,187920,2015,1,0.807,0.887,9,-3.726,1,0.0503,0.0573,2.87e-06,0.124,0.961,134.052,pop,True,1
David Guetta,Lovers on the Sun (feat. Sam Martin),203520,2014,0,0.645,0.891,6,-2.505,0,0.0387,0.0932,3.88e-06,0.379,0.568,124.915,"hip hop, pop, Dance/Electronic",False,0
Iggy Azalea,Black Widow,209423,2014,1,0.743,0.72,11,-3.753,1,0.124,0.192,0.000386,0.109,0.519,163.99,"hip hop, pop",True,1
Tove Lo,Habits (Stay High),209160,2014,1,0.733,0.65,5,-3.539,1,0.0315,0.0703,6.59e-05,0.0829,0.348,110.003,"pop, Dance/Electronic",False,0
Oliver Heldens,Gecko (Overdrive) - Radio Edit,165440,2014,1,0.609,0.885,0,-5.469,1,0.0642,0.00521,1.15e-05,0.336,0.76,124.959,"pop, Dance/Electronic",False,0
DJ Snake,You Know You Like It,247266,2014,1,0.407,0.725,5,-5.346,0,0.188,0.0141,2.46e-06,0.306,0.247,196.093,"hip hop, pop, Dance/Electronic",False,0
Jason Derulo,Talk Dirty (feat. 2 Chainz),177685,2013,1,0.76,0.652,6,-7.321,1,0.232,0.0348,0.0,0.307,0.759,100.315,"hip hop, pop",True,1
Maroon 5,Maps,189840,2014,0,0.737,0.723,1,-5.51,0,0.0295,0.0179,0.0,0.0675,0.893,120.003,pop,False,0
David Guetta,Bad (feat. Vassy) - Radio Edit,170625,2014,0,0.614,0.972,5,-3.927,0,0.088,0.00125,0.0186,0.328,0.411,127.966,"hip hop, pop, Dance/Electronic",False,0
Tinashe,2 On (feat. ScHoolboy Q),227000,2014,1,0.742,0.595,9,-7.51,1,0.107,0.15,0.0,0.111,0.431,101.013,"hip hop, pop, R&B, Dance/Electronic",True,1
Route 94,My Love (feat. Jess Glynne),259934,2014,1,0.814,0.622,8,-7.573,1,0.0492,0.000132,0.72,0.0658,0.726,119.976,"pop, Dance/Electronic",False,0
Taylor Swift,Bad Blood,211933,2014,0,0.646,0.794,7,-6.104,1,0.19,0.0885,6.16e-06,0.201,0.287,170.216,pop,False,0
Trey Songz,Na Na,231906,2015,1,0.67,0.476,9,-6.253,0,0.0406,0.328,0.0,0.104,0.235,96.975,"hip hop, pop, R&B",False,0
Calvin Harris,Under Control (feat. Hurts),184280,2014,1,0.544,0.915,8,-3.405,1,0.0841,0.129,0.000914,0.115,0.51,126.094,"hip hop, pop, Dance/Electronic",False,0
O.T. Genasis,CoCo,239573,2014,1,0.886,0.628,8,-5.949,1,0.131,0.00215,1.15e-05,0.31,0.178,119.906,"hip hop, pop",True,1
Jason Derulo,Wiggle (feat. Snoop Dogg),193295,2013,1,0.697,0.621,9,-6.886,0,0.25,0.0802,0.0,0.162,0.721,81.946,"hip hop, pop",False,0
Lilly Wood and The Prick,Prayer in C - Robin Schulz Radio Edit,189399,2014,1,0.76,0.886,9,-5.356,0,0.0258,0.0219,7.43e-06,0.623,0.78,123.002,"pop, rock",False,0
Jeremih,Don't Tell 'Em,266840,2015,1,0.856,0.527,2,-5.225,1,0.0997,0.392,0.0,0.11,0.386,98.052,"hip hop, pop, R&B",True,1
Nicki Minaj,Anaconda,260240,2014,1,0.964,0.605,9,-6.223,1,0.179,0.0668,7.78e-06,0.214,0.646,129.994,"hip hop, pop",True,1
Calvin Harris,Blame (feat. John Newman),212960,2014,1,0.414,0.857,0,-4.078,0,0.0808,0.0287,0.00574,0.343,0.348,128.024,"hip hop, pop, Dance/Electronic",False,0
DJ Snake,Turn Down for What,213733,2013,1,0.818,0.799,1,-4.1,0,0.156,0.00107,0.128,0.057,0.0815,100.014,"hip hop, pop, Dance/Electronic",False,0
Pitbull,Timber (feat. Ke$ha),204160,2012,1,0.581,0.963,11,-4.087,1,0.0981,0.0295,0.0,0.139,0.788,129.992,"hip hop, pop, latin",False,0
OneRepublic,Counting Stars,257386,2014,1,0.663,0.705,1,-4.972,0,0.0385,0.0654,0.0,0.117,0.477,122.014,pop,False,0
Bobby Shmurda,Hot N*gga,194561,2014,1,0.794,0.51,9,-7.314,1,0.42,0.0505,1.81e-06,0.0562,0.18,167.879,"hip hop, pop",True,1
Calvin Harris,Summer,224506,2014,0,0.603,0.861,4,-3.565,0,0.0325,0.0215,0.043,0.1,0.72,127.962,"hip hop, pop, Dance/Electronic",False,0
ScHoolboy Q,Man Of The Year,216013,2014,0,0.743,0.861,3,-5.234,1,0.0428,0.00518,0.0,0.181,0.391,111.959,"hip hop, pop",True,1
Nico & Vinz,Am I Wrong,245866,2014,1,0.729,0.675,8,-6.003,1,0.0312,0.175,1.58e-06,0.55,0.779,119.968,"hip hop, pop",False,0
Becky G,Shower,206166,2014,1,0.699,0.529,2,-7.548,1,0.0487,0.0317,3.59e-05,0.285,0.121,119.987,"pop, latin",False,0
Sigma,Nobody To Love - Radio Edit,189720,2014,1,0.441,0.921,8,-3.32,1,0.0436,0.000526,6.34e-06,0.177,0.182,175.001,"pop, Dance/Electronic",False,0
The Chainsmokers,#SELFIE - Original Mix,183750,2014,0,0.789,0.915,0,-3.263,1,0.248,0.0135,8.77e-06,0.0818,0.66,127.955,"pop, Dance/Electronic",False,0
Lorde,Team,193058,2013,1,0.69,0.578,6,-7.436,1,0.0929,0.167,0.0,0.305,0.416,99.961,"pop, Dance/Electronic",False,0
Rixton,Me And My Broken Heart,193733,2014,1,0.545,0.783,5,-4.261,0,0.0345,0.00489,0.0,0.132,0.551,174.084,pop,False,0
Klingande,Jubel - Radio Edit,201626,2013,0,0.686,0.524,0,-7.251,1,0.0343,0.649,0.0569,0.14,0.0951,124.938,"pop, Dance/Electronic",False,0
Mr. Probz,Waves - Robin Schulz Radio Edit,208133,2014,0,0.829,0.51,5,-9.334,0,0.0369,0.00821,0.0014,0.0829,0.45,119.993,"hip hop, Dance/Electronic",False,0
Paloma Faith,Only Love Can Hurt Like This,232893,2014,1,0.566,0.885,8,-4.528,1,0.0818,0.0958,9.97e-05,0.334,0.304,90.99,"pop, R&B, Dance/Electronic",False,0
Kiesza,Hideaway,251986,2014,1,0.838,0.72,7,-4.135,0,0.0483,0.0862,0.00696,0.0772,0.203,122.993,"pop, Dance/Electronic",False,0
Ellie Goulding,Burn,231211,2014,1,0.559,0.777,1,-5.031,1,0.0432,0.31,0.0,0.105,0.329,87.016,"pop, rock, Dance/Electronic",False,0
Ariana Grande,Break Free,214840,2014,0,0.687,0.702,7,-5.324,0,0.0455,0.0064,4.35e-05,0.204,0.284,129.956,pop,False,0
Kid Ink,Show Me (feat. Chris Brown),217800,2014,1,0.711,0.508,7,-7.299,1,0.0502,0.0355,0.0,0.141,0.663,98.098,"hip hop, pop",True,1
Tove Lo,Talking Body,238426,2014,1,0.736,0.761,4,-5.449,0,0.0338,0.0966,0.0,0.0823,0.114,119.999,"pop, Dance/Electronic",True,1
Chris Brown,Loyal (feat. Lil Wayne & Tyga),264946,2014,1,0.841,0.522,10,-5.963,0,0.049,0.0168,1.37e-06,0.188,0.616,99.059,"hip hop, pop, R&B",True,1
OneRepublic,Love Runs Out,224226,2014,1,0.719,0.935,7,-3.752,1,0.0589,0.167,0.0,0.0973,0.738,120.022,pop,False,0
Olly Murs,Up (feat. Demi Lovato),224293,2014,0,0.69,0.845,9,-4.676,1,0.0339,0.0193,0.0,0.101,0.638,114.948,"pop, Dance/Electronic",False,0
Peking Duk,High (feat. Nicole Millar),228000,2014,0,0.525,0.803,0,-4.052,0,0.0492,0.00129,0.000868,0.29,0.383,100.094,Dance/Electronic,False,0
Milky Chance,Stolen Dance,313684,2014,1,0.885,0.581,11,-8.813,1,0.0378,0.427,0.000204,0.0759,0.728,114.016,set(),False,0
Ed Sheeran,Don't,219840,2014,1,0.806,0.608,1,-7.008,1,0.0659,0.0113,0.0,0.635,0.849,95.049,pop,False,0
Ariana Grande,Love Me Harder,236133,2014,1,0.472,0.714,1,-4.389,0,0.0334,0.00937,0.0,0.0764,0.24,98.992,pop,False,0
Enrique Iglesias,Bailando - Spanish Version,243386,2014,1,0.718,0.792,7,-3.519,1,0.105,0.0467,3.65e-06,0.0399,0.96,90.949,"pop, latin",False,0
Avicii,Hey Brother,255093,2013,0,0.545,0.78,7,-4.867,0,0.0436,0.0309,4.64e-05,0.0828,0.458,125.014,"pop, Dance/Electronic",False,0
Jessie J,Bang Bang,199386,2014,1,0.706,0.786,0,-3.417,0,0.091,0.26,0.0,0.38,0.751,150.028,"hip hop, pop",False,0
Duke Dumont,I Got U,285596,2014,1,0.636,0.761,9,-7.752,0,0.035,0.00377,0.00784,0.0851,0.463,120.837,"pop, Dance/Electronic",False,0
Gorgon City,Ready For Your Love,198880,2014,1,0.677,0.753,5,-7.038,1,0.154,0.0531,0.0128,0.333,0.471,121.939,"pop, Dance/Electronic",False,0
Taylor Swift,Style,231000,2014,1,0.588,0.791,7,-5.595,1,0.0402,0.00245,0.00258,0.118,0.487,94.933,pop,False,0
MKTO,Classic,175426,2012,1,0.72,0.791,1,-4.689,1,0.124,0.0384,0.0,0.157,0.756,102.071,"hip hop, pop",False,0
Disclosure,Latch,255631,2013,1,0.503,0.727,1,-5.456,1,0.167,0.0159,9.45e-05,0.0895,0.521,121.985,"pop, Dance/Electronic",False,0
Ariana Grande,Problem,193920,2014,1,0.66,0.805,1,-5.352,0,0.153,0.0192,8.83e-06,0.159,0.625,103.008,pop,False,0
Charli XCX,Boom Clap,169866,2014,0,0.659,0.911,4,-2.28,1,0.0786,0.154,0.000304,0.191,0.576,91.999,"pop, Dance/Electronic",False,0
One Direction,Steal My Girl,228133,2014,1,0.536,0.768,10,-5.948,0,0.0347,0.00433,0.0,0.114,0.545,77.217,pop,False,0
Tiësto,Red Lights,263890,2013,0,0.653,0.829,10,-4.783,1,0.0377,0.000739,1.5e-06,0.225,0.545,124.989,"pop, Dance/Electronic",False,0
Selena Gomez,The Heart Wants What It Wants,227360,2014,1,0.616,0.789,7,-4.874,0,0.0377,0.053,0.0,0.142,0.621,83.066,pop,False,0
Rita Ora,I Will Never Let You Down,203466,2014,1,0.753,0.801,4,-3.215,1,0.0296,0.403,0.0,0.128,0.794,128.011,"hip hop, pop, Dance/Electronic",False,0
5 Seconds of Summer,She Looks So Perfect,202496,2014,1,0.494,0.951,9,-4.237,1,0.132,0.000569,0.0,0.327,0.441,160.025,pop,False,0
The Script,Superheroes,245466,2014,1,0.49,0.885,3,-4.121,1,0.0396,0.00218,0.0,0.0741,0.64,166.996,"pop, rock",False,0
Taylor Swift,Shake It Off,219200,2014,1,0.647,0.8,7,-5.384,1,0.165,0.0647,0.0,0.334,0.942,160.078,pop,False,0
One Direction,Night Changes,226600,2014,1,0.672,0.52,8,-7.747,1,0.0353,0.859,0.0,0.115,0.37,120.001,pop,False,0
Ed Sheeran,Sing,235382,2014,1,0.818,0.67,8,-4.451,0,0.0472,0.304,1.22e-06,0.0601,0.939,119.988,pop,False,0
Alesso,Heroes (we could be),209866,2014,0,0.521,0.754,5,-4.144,1,0.0634,0.0373,0.0,0.239,0.352,125.876,"pop, Dance/Electronic",False,0
Tiësto,Wasted,188371,2014,0,0.645,0.832,2,-5.595,1,0.0294,0.00106,0.00264,0.199,0.375,112.028,"pop, Dance/Electronic",False,0
G.R.L.,Ugly Heart,198306,2014,1,0.65,0.786,9,-5.488,1,0.0463,0.019,0.0,0.323,0.446,124.96,pop,False,0
Coldplay,A Sky Full of Stars,267866,2014,1,0.545,0.675,6,-6.474,1,0.0279,0.00617,0.00197,0.209,0.162,124.97,"rock, pop",False,0
Clean Bandit,Rather Be (feat. Jess Glynne),227833,2014,1,0.799,0.586,11,-6.735,1,0.0377,0.162,2.03e-06,0.193,0.549,120.97,"pop, Dance/Electronic",False,0
Zedd,Stay The Night - Featuring Hayley Williams Of Paramore,217346,2014,1,0.596,0.738,8,-3.109,1,0.0411,0.109,0.0,0.0947,0.461,127.961,"hip hop, pop, Dance/Electronic",False,0
Sia,Elastic Heart,257200,2014,1,0.421,0.791,9,-4.998,1,0.0496,0.0117,1.48e-05,0.146,0.499,130.075,pop,False,0
One Direction,Story of My Life,245493,2013,1,0.6,0.663,3,-5.802,1,0.0477,0.225,0.0,0.119,0.286,121.07,pop,False,0
Alex & Sierra,Little Do You Know,185200,2014,1,0.5,0.292,0,-8.554,1,0.0323,0.746,0.0,0.188,0.37,145.879,pop,False,0
Omarion,Post to Be (feat. Chris Brown & Jhene Aiko),226580,2014,1,0.733,0.676,10,-5.655,0,0.0432,0.0697,0.0,0.208,0.701,97.448,"hip hop, pop, R&B",True,1
Echosmith,Cool Kids,237626,2013,1,0.719,0.671,8,-6.279,1,0.0336,0.0372,8.21e-06,0.12,0.786,130.027,pop,False,0
Natalie La Rose,Somebody,189906,2014,1,0.83,0.52,0,-8.714,1,0.0376,0.000792,1.25e-05,0.0656,0.735,104.99,set(),False,0
Vance Joy,Riptide,204280,2014,1,0.484,0.731,1,-6.694,1,0.0379,0.431,0.0,0.151,0.51,101.654,"rock, pop",False,0
Beyoncé,Drunk in Love (feat. Jay-Z),323480,2014,1,0.589,0.621,5,-6.902,0,0.0468,0.00969,0.00104,0.181,0.401,140.03,"pop, R&B",True,1
Maroon 5,Sugar,235493,2014,0,0.744,0.783,1,-7.077,1,0.0337,0.0553,0.0,0.086,0.885,120.042,pop,True,1
Ella Henderson,Ghost,213213,2014,1,0.68,0.84,9,-3.823,1,0.0414,0.0457,8.66e-06,0.143,0.468,104.975,"pop, Dance/Electronic",False,0
Ed Sheeran,"I See Fire - From ""The Hobbit - The Desolation Of Smaug""",300840,2013,1,0.581,0.0549,10,-20.514,0,0.0397,0.559,0.0,0.0718,0.234,152.037,pop,False,0
Chris Brown,New Flame (feat. Usher & Rick Ross),244226,2014,1,0.702,0.629,1,-4.292,1,0.041,0.0506,0.0,0.0963,0.446,141.967,"hip hop, pop, R&B",True,1
Sheppard,Geronimo,218227,2014,0,0.707,0.771,7,-6.275,1,0.0783,0.434,0.0013,0.115,0.437,142.016,"pop, rock, Dance/Electronic",False,0
Olly Murs,Wrapped Up (feat. Travie McCoy),185640,2014,0,0.787,0.848,1,-4.696,1,0.0549,0.0915,0.0,0.15,0.947,121.989,"pop, Dance/Electronic",False,0
Sam Smith,Money On My Mind,192670,2014,1,0.688,0.841,2,-5.217,1,0.179,0.204,0.000295,0.229,0.743,133.912,pop,False,0
Jason Derulo,Trumpets,217306,2013,0,0.627,0.703,0,-4.884,1,0.236,0.563,0.0,0.0962,0.64,81.897,"hip hop, pop",False,0
Nicki Minaj,Bed Of Lies,269946,2014,0,0.716,0.67,11,-5.779,1,0.194,0.251,0.0,0.109,0.124,86.01,"hip hop, pop",True,1
Nick Jonas,Jealous - Remix,222213,2014,0,0.685,0.709,11,-3.578,0,0.0748,0.0132,0.0,0.452,0.504,93.047,pop,True,1
Mark Ronson,Uptown Funk (feat. Bruno Mars),269666,2015,1,0.856,0.609,0,-7.223,1,0.0824,0.00801,8.15e-05,0.0344,0.928,114.988,pop,True,1
Ed Sheeran,Thinking out Loud,281560,2014,1,0.781,0.445,2,-6.061,1,0.0295,0.474,0.0,0.184,0.591,78.998,pop,False,0
Wiz Khalifa,See You Again (feat. Charlie Puth),229525,2015,1,0.689,0.481,10,-7.503,1,0.0815,0.369,1.03e-06,0.0649,0.283,80.025,"hip hop, pop",False,0
Justin Bieber,What Do You Mean?,205680,2015,1,0.845,0.567,5,-8.118,0,0.0956,0.59,0.00142,0.0811,0.793,125.02,pop,False,0
Major Lazer,Lean On (feat. MØ & DJ Snake),176561,2015,1,0.723,0.809,7,-3.081,0,0.0625,0.00346,0.00123,0.565,0.274,98.007,"hip hop, pop, Dance/Electronic",False,0
The Weeknd,"Earned It (Fifty Shades Of Grey) - From The ""Fifty Shades Of Grey"" Soundtrack",252226,2014,1,0.659,0.381,2,-5.922,0,0.0304,0.385,0.0,0.0972,0.426,119.844,"pop, R&B",False,0
Ellie Goulding,"Love Me Like You Do - From ""Fifty Shades Of Grey""",252534,2015,1,0.262,0.606,8,-6.646,1,0.0484,0.247,0.0,0.125,0.275,189.857,"pop, rock, Dance/Electronic",False,0
Calvin Harris,Outside (feat. Ellie Goulding),227266,2014,1,0.646,0.823,2,-4.123,0,0.0394,0.213,0.0,0.322,0.418,128.035,"hip hop, pop, Dance/Electronic",False,0
David Guetta,"Hey Mama (feat. Nicki Minaj, Bebe Rexha & Afrojack)",192560,2014,1,0.596,0.73,9,-4.091,1,0.151,0.24,0.0,0.325,0.525,85.979,"hip hop, pop, Dance/Electronic",False,0
Demi Lovato,Cool for the Summer,214746,2015,0,0.586,0.613,5,-5.593,0,0.0386,0.00441,0.000183,0.0853,0.319,114.101,pop,True,1
Taylor Swift,Blank Space,231826,2014,1,0.76,0.703,5,-5.412,1,0.054,0.103,0.0,0.0913,0.57,95.997,pop,False,0
The Weeknd,The Hills,242253,2015,1,0.585,0.564,0,-7.063,0,0.0515,0.0671,0.0,0.135,0.137,113.003,"pop, R&B",True,1
The Neighbourhood,Daddy Issues,260173,2015,1,0.588,0.521,10,-9.461,1,0.0329,0.0678,0.149,0.123,0.337,85.012,"rock, pop",False,0
Deorro,Five More Hours,211975,2015,1,0.699,0.883,5,-3.226,0,0.219,0.0288,0.0,0.817,0.499,127.961,"pop, Dance/Electronic",False,0
Avicii,The Nights,176658,2014,1,0.527,0.835,6,-5.298,1,0.0433,0.0166,0.0,0.249,0.654,125.983,"pop, Dance/Electronic",False,0
DJ Snake,You Know You Like It,247266,2014,1,0.407,0.725,5,-5.346,0,0.188,0.0141,2.46e-06,0.306,0.247,196.093,"hip hop, pop, Dance/Electronic",False,0
Adam Lambert,Ghost Town,208330,2015,0,0.703,0.736,4,-5.709,0,0.046,0.186,1.92e-05,0.174,0.274,119.955,pop,True,1
Rae Sremmurd,No Type,200080,2015,1,0.891,0.486,6,-7.803,1,0.159,0.0158,3.78e-06,0.0925,0.239,125.01,"hip hop, pop",True,1
Taylor Swift,Bad Blood,200106,2015,1,0.654,0.655,11,-7.388,0,0.106,0.0294,0.0,0.139,0.221,170.16,pop,False,0
Flo Rida,GDFR (feat. Sage the Gemini & Lookas),190185,2015,0,0.657,0.827,5,-4.036,1,0.0734,0.000704,0.00534,0.065,0.69,145.889,"hip hop, pop",False,0
Robin Schulz,Sugar (feat. Francesco Yates),219043,2015,1,0.636,0.815,5,-5.098,0,0.0581,0.0185,0.0,0.163,0.636,123.063,"pop, Dance/Electronic",False,0
Calvin Harris,How Deep Is Your Love,212640,2015,1,0.738,0.868,11,-4.373,0,0.0731,0.0392,0.00169,0.388,0.336,122.003,"hip hop, pop, Dance/Electronic",False,0
Philip George,Wish You Were Mine - Radio Edit,177560,2014,1,0.654,0.832,7,-4.164,0,0.0293,0.0126,0.0901,0.102,0.407,123.002,"pop, Dance/Electronic",False,0
Trey Songz,Na Na,231906,2015,1,0.67,0.476,9,-6.253,0,0.0406,0.328,0.0,0.104,0.235,96.975,"hip hop, pop, R&B",False,0
Fall Out Boy,Centuries,228360,2015,1,0.393,0.858,4,-2.868,0,0.0729,0.00359,0.0,0.102,0.56,176.042,rock,False,0
Rob $tone,Chill Bill (feat. J. Davi$ & Spooks),177184,2016,1,0.886,0.427,6,-10.028,1,0.145,0.0312,0.00099,0.0906,0.23,108.034,hip hop,True,1
Lost Frequencies,Are You With Me - Radio Edit,138842,2014,0,0.776,0.574,5,-9.882,0,0.0317,0.466,7.83e-05,0.131,0.412,121.03,"pop, Dance/Electronic",False,0
Twenty One Pilots,Stressed Out,202333,2015,1,0.734,0.637,4,-5.677,0,0.141,0.0462,2.29e-05,0.0602,0.648,169.977,rock,False,0
Fifth Harmony,Worth It (feat. Kid Ink),224573,2015,1,0.884,0.765,8,-3.865,1,0.0882,0.063,7.04e-06,0.118,0.594,99.987,pop,False,0
KALEO,Way down We Go,219560,2015,1,0.59,0.578,10,-5.798,0,0.0528,0.612,0.000162,0.0837,0.264,81.663,"rock, classical",False,0
Sam Smith,Like I Can,167065,2014,1,0.656,0.627,7,-6.627,0,0.0379,0.343,2.17e-05,0.124,0.481,99.933,pop,False,0
Major Lazer,Light It Up (feat. Nyla & Fuse ODG) - Remix,166138,2015,0,0.746,0.877,9,-3.782,0,0.0666,0.0375,0.000833,0.233,0.751,107.985,"hip hop, pop, Dance/Electronic",False,0
Martin Solveig,Intoxicated - New Radio Mix,159693,2015,0,0.8,0.677,0,-4.023,1,0.0393,0.00563,0.00409,0.0838,0.547,125.004,"pop, Dance/Electronic",False,0
Avicii,Waiting For Love,230613,2015,1,0.579,0.736,6,-3.863,0,0.0527,0.31,0.0,0.198,0.613,127.999,"pop, Dance/Electronic",False,0
Felix Jaehn,Ain't Nobody (Loves Me Better) (feat. Jasmine Thompson),186146,2018,1,0.778,0.566,2,-6.959,0,0.0311,0.672,0.000197,0.0698,0.479,117.971,"hip hop, pop, Dance/Electronic",False,0
Taylor Swift,Wildest Dreams,220440,2014,1,0.553,0.664,8,-7.417,1,0.0741,0.0709,0.0056,0.106,0.467,140.06,pop,False,0
The Weeknd,In The Night,235653,2015,0,0.48,0.682,7,-4.94,1,0.13,0.0696,0.0,0.0463,0.506,167.939,"pop, R&B",True,1
Pitbull,Time of Our Lives,229360,2014,1,0.721,0.802,1,-5.797,1,0.0583,0.0921,0.0,0.694,0.724,124.022,"hip hop, pop, latin",True,1
Galantis,Runaway (U & I),227073,2015,1,0.506,0.805,1,-4.119,1,0.0469,0.00711,0.00193,0.0856,0.383,126.008,"pop, Dance/Electronic",False,0
Rihanna,Bitch Better Have My Money,219305,2015,1,0.781,0.728,1,-4.981,1,0.0621,0.0509,1.94e-06,0.257,0.395,102.99,"hip hop, pop, R&B",True,1
Zara Larsson,Lush Life,202213,2015,0,0.658,0.741,7,-2.86,0,0.0536,0.141,0.0,0.189,0.789,98.024,"pop, Dance/Electronic",False,0
One Direction,Drag Me Down,192120,2015,1,0.73,0.703,0,-5.672,0,0.0369,0.109,0.0,0.0657,0.595,138.113,pop,False,0
Travis Scott,Antidote,262693,2015,1,0.713,0.526,1,-5.046,1,0.032,0.00767,0.000148,0.124,0.131,131.05,"hip hop, Dance/Electronic",True,1
Years & Years,King,215360,2015,0,0.559,0.848,4,-4.125,0,0.0388,0.0665,0.0,0.382,0.466,119.977,"pop, Dance/Electronic",False,0
Demi Lovato,Confident,205745,2015,1,0.594,0.749,3,-6.251,1,0.0677,0.00188,0.000139,0.0869,0.344,130.064,pop,True,1
Lemaitre,Closer,270589,2017,1,0.583,0.785,2,-3.991,0,0.0337,0.0012,0.0127,0.124,0.355,91.977,pop,False,0
Selena Gomez,Same Old Love,229080,2015,1,0.672,0.593,11,-4.01,0,0.0304,0.0223,0.0,0.214,0.438,98.02,pop,False,0
Pia Mia,Do It Again,207746,2015,1,0.712,0.564,8,-6.527,1,0.047,0.0266,0.0,0.0874,0.411,95.95,"pop, R&B",True,1
Flo Rida,My House,192190,2015,1,0.688,0.702,7,-4.792,0,0.0499,0.0215,0.0,0.128,0.74,94.006,"hip hop, pop",False,0
Silentó,Watch Me (Whip / Nae Nae),185131,2015,0,0.819,0.768,8,-8.522,1,0.134,0.234,0.0,0.334,0.964,139.982,hip hop,False,0
Chris Brown,Ayo,225226,2015,1,0.823,0.563,6,-5.095,1,0.0443,0.0399,0.0,0.0851,0.682,98.031,"hip hop, pop, R&B",True,1
The Strumbellas,Spirits,203653,2016,1,0.556,0.658,0,-6.075,1,0.0265,0.164,0.0,0.113,0.787,80.529,"rock, Folk/Acoustic, pop",False,0
Fetty Wap,Trap Queen,222093,2015,1,0.746,0.873,7,-3.803,1,0.128,0.0244,0.0,0.354,0.817,148.075,"hip hop, pop",True,1
Tove Lo,Talking Body,238426,2014,1,0.736,0.761,4,-5.449,0,0.0338,0.0966,0.0,0.0823,0.114,119.999,"pop, Dance/Electronic",True,1
Beyoncé,7/11,213506,2014,1,0.747,0.705,9,-5.137,0,0.126,0.0128,0.0,0.126,0.56,136.024,"pop, R&B",False,0
Lana Del Rey,High By The Beach,257573,2015,1,0.536,0.486,11,-11.067,0,0.0346,0.244,0.00788,0.12,0.0968,131.988,pop,True,1
Zara Larsson,Never Forget You,213427,2017,1,0.583,0.732,11,-5.728,0,0.0457,0.00312,9.86e-06,0.269,0.276,145.992,"pop, Dance/Electronic",False,0
Jeremih,oui,238320,2015,1,0.418,0.724,5,-3.724,1,0.0964,0.213,0.0,0.112,0.604,78.521,"hip hop, pop, R&B",False,0
Drake,Hotline Bling,267066,2016,1,0.891,0.628,2,-7.863,1,0.0551,0.00258,0.00019,0.0504,0.552,134.966,"hip hop, pop, R&B",False,0
Selena Gomez,Kill Em With Kindness,217906,2015,1,0.757,0.884,10,-5.488,0,0.0404,0.00795,5.87e-05,0.0973,0.398,120.012,pop,False,0
Birdy,Let It All Go,280757,2015,1,0.383,0.43,10,-8.644,1,0.0302,0.817,1.04e-06,0.0869,0.174,107.005,pop,False,0
Fetty Wap,679 (feat. Remy Boyz),196693,2015,1,0.618,0.717,7,-5.738,1,0.318,0.00256,0.0,0.625,0.603,190.05,"hip hop, pop",True,1
Ariana Grande,Love Me Harder,236133,2014,1,0.472,0.714,1,-4.389,0,0.0334,0.00937,0.0,0.0764,0.24,98.992,pop,False,0
The Weeknd,Can't Feel My Face,213520,2015,1,0.705,0.769,9,-5.526,0,0.0425,0.113,0.0,0.105,0.583,107.949,"pop, R&B",False,0
SAYGRACE,You Don't Own Me (feat. G-Eazy),199314,2015,1,0.336,0.664,7,-5.68,1,0.102,0.166,1.31e-06,0.0575,0.294,186.394,"pop, R&B",False,0
X Ambassadors,Renegades,195200,2015,1,0.526,0.862,2,-6.003,1,0.0905,0.0144,0.0597,0.229,0.528,90.052,"hip hop, rock, pop",False,0
R. City,Locked Away (feat. Adam Levine),227480,2015,1,0.509,0.671,1,-5.709,1,0.0678,0.304,0.0,0.0452,0.55,118.413,pop,False,0
Kygo,Stole the Show,223186,2016,1,0.64,0.635,8,-7.565,0,0.226,0.271,0.0,0.319,0.475,100.034,"pop, Dance/Electronic",False,0
Tame Impala,The Less I Know The Better,216320,2015,1,0.64,0.74,4,-4.083,1,0.0284,0.0115,0.00678,0.167,0.785,116.879,metal,True,1
Selena Gomez,Good For You,221560,2015,0,0.6,0.676,5,-6.447,0,0.0652,0.154,0.0,0.0741,0.217,88.928,pop,True,1
Fetty Wap,My Way (feat. Monty),213053,2015,1,0.748,0.741,6,-3.103,1,0.0531,0.00419,0.0,0.147,0.537,128.077,"hip hop, pop",True,1
Hozier,Take Me To Church,241688,2014,1,0.566,0.664,4,-5.303,0,0.0464,0.634,0.0,0.116,0.437,128.945,"Folk/Acoustic, pop",False,0
Taylor Swift,Style,231000,2014,1,0.588,0.791,7,-5.595,1,0.0402,0.00245,0.00258,0.118,0.487,94.933,pop,False,0
Alessia Cara,Here,199453,2015,0,0.379,0.799,0,-4.031,1,0.163,0.0804,0.0,0.0793,0.359,120.892,"pop, R&B",False,0
Sam Smith,"Writing's On The Wall - From ""Spectre"" Soundtrack",278987,2015,1,0.261,0.302,5,-8.19,0,0.0339,0.769,2.57e-06,0.0863,0.0883,81.418,pop,False,0
David Guetta,Bang My Head (feat. Sia & Fetty Wap),193333,2015,0,0.599,0.869,0,-3.697,1,0.0789,0.0525,0.00719,0.103,0.593,108.061,"hip hop, pop, Dance/Electronic",False,0
Meek Mill,All Eyes on You (feat. Chris Brown & Nicki Minaj),223973,2015,1,0.589,0.658,11,-5.288,0,0.203,0.0242,0.0,0.118,0.251,77.521,"hip hop, pop",True,1
Big Sean,I Don't Fuck With You,284386,2015,1,0.824,0.733,1,-5.474,1,0.0613,0.0362,0.0,0.325,0.395,97.972,"hip hop, pop",True,1
Kygo,Firestone,271640,2016,1,0.704,0.634,11,-7.374,0,0.0428,0.393,3.17e-05,0.0952,0.411,113.927,"pop, Dance/Electronic",False,0
Drake,Jumpman,205879,2015,0,0.853,0.558,1,-7.448,1,0.202,0.0462,0.0,0.341,0.654,142.079,"hip hop, pop, R&B",True,1
Petit Biscuit,Sunset Lover,237792,2015,1,0.783,0.467,6,-9.474,1,0.0503,0.729,0.809,0.109,0.236,90.838,Dance/Electronic,False,0
Shawn Mendes,Stitches,206880,2015,1,0.746,0.754,1,-6.684,1,0.0676,0.0152,0.0,0.0486,0.746,149.882,pop,False,0
Flo Rida,"I Don't Like It, I Love It (feat. Robin Thicke & Verdine White)",224258,2015,1,0.854,0.766,9,-4.697,0,0.141,0.0242,0.0,0.0793,0.784,118.004,"hip hop, pop",False,0
Selena Gomez,The Heart Wants What It Wants,227373,2014,1,0.616,0.789,7,-4.874,0,0.0377,0.053,0.0,0.142,0.621,83.066,pop,False,0
Jack Ü,Where Are Ü Now (with Justin Bieber),250285,2015,1,0.432,0.781,4,-4.038,0,0.0567,0.041,4.21e-06,0.0789,0.197,139.432,"pop, Dance/Electronic",False,0
Ellie Goulding,On My Mind,213445,2015,0,0.699,0.688,2,-6.607,0,0.0522,0.264,4.11e-06,0.0863,0.742,154.943,"pop, rock, Dance/Electronic",False,0
Bryson Tiller,Don't,198293,2015,1,0.765,0.356,11,-5.556,0,0.195,0.223,0.0,0.0963,0.189,96.991,"hip hop, pop, R&B",True,1
Rich Homie Quan,"Flex (Ooh, Ooh, Ooh)",176674,2015,0,0.676,0.615,6,-7.534,0,0.0496,0.0384,0.0,0.341,0.883,163.993,"hip hop, pop",True,1
Joel Adams,Please Don't Go,210580,2015,1,0.513,0.768,4,-4.868,0,0.0587,0.0118,1.94e-05,0.294,0.235,84.264,R&B,False,0
Zedd,I Want You To Know,238800,2015,0,0.561,0.877,9,-2.215,0,0.0659,0.00621,8.11e-06,0.28,0.375,130.003,"hip hop, pop, Dance/Electronic",False,0
Jonas Blue,Fast Car,212424,2015,1,0.644,0.57,9,-6.994,1,0.052,0.484,0.0,0.299,0.527,113.945,"pop, Dance/Electronic",False,0
BØRNS,Electric Love,218173,2015,0,0.373,0.858,6,-6.536,0,0.0889,0.00407,0.0016,0.256,0.605,120.063,"rock, pop",False,0
Sigala,Easy Love,229813,2018,1,0.68,0.942,9,-4.208,1,0.0631,0.175,0.0013,0.117,0.647,123.976,"pop, Dance/Electronic",False,0
Justin Bieber,Sorry,200786,2015,1,0.654,0.76,0,-3.669,0,0.045,0.0797,0.0,0.299,0.41,99.945,pop,False,0
Ariana Grande,One Last Time,197266,2014,1,0.628,0.593,8,-5.036,1,0.0323,0.093,1.65e-06,0.096,0.104,125.026,pop,False,0
Little Mix,Black Magic,211773,2015,0,0.777,0.896,4,-4.467,1,0.0619,0.0352,0.0,0.317,0.843,111.987,pop,False,0
One Direction,Perfect,230333,2015,1,0.647,0.823,2,-5.231,1,0.0762,0.0598,0.0,0.119,0.396,99.933,pop,False,0
Years & Years,Shine,255506,2015,1,0.667,0.716,1,-5.21,0,0.0349,0.189,0.0,0.104,0.493,108.002,"pop, Dance/Electronic",False,0
Meghan Trainor,Lips Are Movin,182666,2015,1,0.775,0.825,7,-5.402,1,0.0464,0.0506,1.03e-06,0.111,0.95,139.091,pop,False,0
Nicky Jam,El Perdón - Forgiveness,206666,2017,0,0.736,0.719,8,-3.839,1,0.0357,0.256,0.0,0.0909,0.656,90.013,latin,False,0
The Weeknd,Starboy,230453,2016,0,0.681,0.594,7,-7.028,1,0.282,0.165,3.49e-06,0.134,0.535,186.054,"pop, R&B",True,1
Drake,One Dance,173986,2016,1,0.792,0.625,1,-5.609,1,0.0536,0.00776,0.0018,0.329,0.37,103.967,"hip hop, pop, R&B",False,0
Justin Bieber,Love Yourself,233720,2015,0,0.609,0.378,4,-9.828,1,0.438,0.835,0.0,0.28,0.515,100.418,pop,False,0
The Chainsmokers,Closer,244960,2016,1,0.748,0.524,8,-5.599,1,0.0338,0.414,0.0,0.111,0.661,95.01,"pop, Dance/Electronic",False,0
Adele,Hello,295502,2015,0,0.471,0.431,5,-6.129,0,0.0342,0.329,0.0,0.0854,0.289,157.98,"pop, R&B",False,0
Desiigner,Panda,246761,2016,1,0.576,0.766,10,-4.943,0,0.449,0.028,1.68e-06,0.366,0.236,144.833,"hip hop, pop",True,1
Burak Yeter,Tuesday (feat. Danelle Sandoval),241874,2016,1,0.841,0.639,9,-6.052,0,0.0688,0.0156,0.0654,0.0545,0.675,99.002,Dance/Electronic,False,0
Sia,Cheap Thrills (feat. Sean Paul),224813,2016,1,0.592,0.8,6,-4.931,0,0.215,0.0561,2.01e-06,0.0775,0.728,89.972,pop,False,0
OneRepublic,Wherever I Go,169773,2016,1,0.552,0.689,10,-6.444,0,0.0425,0.0915,0.0,0.27,0.349,99.961,pop,False,0
Rihanna,Work,219320,2016,1,0.725,0.534,11,-6.238,1,0.0946,0.0752,0.0,0.0919,0.558,91.974,"hip hop, pop, R&B",True,1
Coldplay,Hymn for the Weekend,258266,2015,1,0.491,0.693,0,-6.487,0,0.0377,0.211,6.92e-06,0.325,0.412,90.027,"rock, pop",False,0
Justin Bieber,Sorry,200786,2015,1,0.654,0.76,0,-3.669,0,0.045,0.0797,0.0,0.299,0.41,99.945,pop,False,0
Justin Timberlake,"CAN'T STOP THE FEELING! (from DreamWorks Animation's ""TROLLS"")",236001,2016,1,0.666,0.83,0,-5.715,1,0.0751,0.0123,0.0,0.191,0.702,113.03,pop,False,0
WILLOW,Wait a Minute!,196520,2015,1,0.764,0.705,3,-5.279,0,0.0278,0.0371,1.94e-05,0.0943,0.672,101.003,"pop, R&B, Dance/Electronic",False,0
Desiigner,Tiimmy Turner,239853,2016,1,0.603,0.725,6,-3.054,1,0.0393,0.174,0.0,0.0786,0.304,122.803,"hip hop, pop",True,1
G-Eazy,"Me, Myself & I",251466,2015,1,0.756,0.674,0,-6.518,0,0.0959,0.0184,0.0,0.158,0.389,111.995,"hip hop, pop",True,1
David Guetta,This One's for You (feat. Zara Larsson) (Official Song UEFA EURO 2016),207272,2016,1,0.367,0.915,9,-3.456,0,0.0488,0.0022,5.81e-05,0.0905,0.365,110.169,"hip hop, pop, Dance/Electronic",False,0
Astrid S,Hurts So Good,208728,2016,0,0.672,0.589,7,-5.008,0,0.049,0.082,0.0,0.0962,0.379,120.036,"rock, pop, Dance/Electronic",False,0
Lil Wayne,"Sucker for Pain (with Wiz Khalifa, Imagine Dragons, Logic & Ty Dolla $ign feat. X Ambassadors)",243490,2016,1,0.502,0.786,9,-4.378,0,0.317,0.255,0.0,0.65,0.739,169.021,"hip hop, pop",True,1
Twenty One Pilots,Heathens,195920,2016,1,0.732,0.396,4,-9.348,0,0.0286,0.0841,3.58e-05,0.105,0.548,90.024,rock,False,0
Future,Low Life (feat. The Weeknd),313546,2016,1,0.722,0.331,8,-7.789,1,0.0726,0.337,0.282,0.146,0.102,143.961,"hip hop, pop",True,1
Galantis,No Money,189126,2016,1,0.671,0.916,6,-4.014,0,0.0397,0.0282,0.00762,0.24,0.803,126.01,"pop, Dance/Electronic",False,0
The Chainsmokers,Don't Let Me Down,208373,2016,1,0.532,0.869,11,-5.094,1,0.172,0.157,0.00508,0.136,0.422,159.803,"pop, Dance/Electronic",False,0
Tinie Tempah,Girls Like (feat. Zara Larsson),196000,2016,1,0.916,0.804,0,-3.406,1,0.049,0.37,1.18e-05,0.0812,0.538,120.028,"hip hop, pop, Dance/Electronic",True,1
Alok,Hear Me Now,192846,2016,0,0.788,0.43,11,-7.757,1,0.0419,0.537,0.00261,0.0936,0.461,121.996,"pop, Dance/Electronic",False,0
Jon Bellion,All Time Low,217603,2016,1,0.617,0.567,0,-4.188,1,0.0828,0.0584,0.0,0.0933,0.505,90.246,"hip hop, pop",True,1
Cheat Codes,Sex,228361,2016,0,0.51,0.692,0,-5.825,1,0.171,0.00451,0.0,0.138,0.209,102.42,"pop, Dance/Electronic",False,0
Meghan Trainor,NO,213506,2017,1,0.557,0.803,1,-3.599,0,0.213,0.0124,1.61e-06,0.737,0.657,92.134,pop,False,0
Dua Lipa,Hotter Than Hell,187957,2017,1,0.532,0.868,3,-4.23,0,0.0908,0.011,0.0,0.0584,0.529,110.127,pop,False,0
Martin Garrix,In the Name of Love,195706,2016,1,0.501,0.519,4,-5.88,0,0.0409,0.109,0.0,0.454,0.168,133.99,"pop, Dance/Electronic",False,0
Alan Walker,Faded,212106,2018,1,0.468,0.627,6,-5.085,1,0.0476,0.0281,7.97e-06,0.11,0.159,179.642,Dance/Electronic,False,0
Tove Lo,Cool Girl,197815,2016,0,0.674,0.71,9,-7.042,0,0.111,0.343,6.71e-06,0.129,0.234,101.983,"pop, Dance/Electronic",True,1
DJ Snake,Let Me Love You,205946,2016,1,0.649,0.716,8,-5.371,1,0.0349,0.0863,2.63e-05,0.135,0.163,99.988,"hip hop, pop, Dance/Electronic",False,0
Calvin Harris,This Is What You Came For (feat. Rihanna),222160,2016,1,0.631,0.927,9,-2.787,0,0.0332,0.199,0.119,0.148,0.465,123.962,"hip hop, pop, Dance/Electronic",False,0
Mike Posner,I Took A Pill In Ibiza - Seeb Remix,197933,2016,1,0.664,0.714,7,-6.645,0,0.111,0.0353,8.42e-06,0.0843,0.71,101.969,"hip hop, pop, Dance/Electronic",True,1
Kevin Gates,2 Phones,240000,2016,1,0.895,0.681,7,-5.267,0,0.358,0.157,0.0,0.189,0.554,121.918,"hip hop, pop",True,1
Rihanna,Needed Me,191600,2016,1,0.671,0.314,5,-8.091,0,0.244,0.11,0.0,0.0825,0.296,110.898,"hip hop, pop, R&B",True,1
Ariana Grande,Side To Side,226160,2016,0,0.648,0.738,6,-5.883,0,0.247,0.0408,0.0,0.292,0.603,159.145,pop,True,1
Marshmello,Alone,273802,2016,1,0.631,0.953,2,-3.739,1,0.0343,0.0241,0.0155,0.108,0.422,141.99,"pop, Dance/Electronic",False,0
Shawn Mendes,I Know What You Did Last Summer,223853,2015,1,0.687,0.761,9,-4.582,0,0.0876,0.102,0.0,0.147,0.743,113.939,pop,False,0
Selena Gomez,Same Old Love,229080,2015,1,0.672,0.593,11,-4.01,0,0.0304,0.0223,0.0,0.214,0.438,98.02,pop,False,0
Calvin Harris,My Way,219159,2016,1,0.818,0.913,4,-3.06,0,0.0426,0.093,3.69e-05,0.161,0.536,119.986,"hip hop, pop, Dance/Electronic",False,0
Fitz and The Tantrums,HandClap,193253,2016,1,0.636,0.836,8,-3.004,1,0.0427,0.00609,0.000157,0.0828,0.715,139.956,"pop, rock",False,0
Twenty One Pilots,Ride,214506,2015,1,0.645,0.713,6,-5.355,1,0.0393,0.00835,0.0,0.113,0.566,74.989,rock,False,0
Flo Rida,My House,192190,2015,1,0.688,0.702,7,-4.792,0,0.0499,0.0215,0.0,0.128,0.74,94.006,"hip hop, pop",False,0
Ariana Grande,Dangerous Woman,235946,2016,0,0.677,0.604,7,-5.32,1,0.0385,0.0612,0.0,0.353,0.297,134.052,pop,False,0
Anne-Marie,Alarm,205593,2016,1,0.756,0.589,0,-5.093,1,0.232,0.0812,0.0,0.176,0.811,146.928,"pop, Dance/Electronic",True,1
Charlie Puth,We Don't Talk Anymore (feat. Selena Gomez),217706,2016,1,0.728,0.563,1,-8.053,0,0.134,0.621,0.0,0.179,0.352,100.017,pop,False,0
AlunaGeorge,I'm In Control,209425,2016,0,0.734,0.847,11,-3.713,0,0.0346,0.355,0.000144,0.154,0.673,104.013,"pop, Dance/Electronic",False,0
Enrique Iglesias,DUELE EL CORAZON (feat. Wisin),199693,2016,1,0.716,0.908,8,-3.254,0,0.103,0.0858,0.0,0.135,0.869,91.03,"pop, latin",False,0
MNEK,Never Forget You,213427,2015,0,0.583,0.732,11,-5.728,0,0.0457,0.00312,9.86e-06,0.269,0.276,145.992,Dance/Electronic,False,0
Mike Perry,The Ocean (feat. Shy Martin),183414,2016,1,0.632,0.575,5,-6.478,1,0.029,0.0225,1.81e-06,0.104,0.188,90.037,"pop, Dance/Electronic",False,0
Drake,Hotline Bling,267066,2016,0,0.903,0.62,2,-8.094,1,0.0587,0.00347,0.000119,0.0504,0.539,134.96,"hip hop, pop, R&B",False,0
Ariana Grande,Into You,244453,2016,0,0.623,0.734,9,-5.948,1,0.107,0.0162,1.75e-06,0.145,0.37,107.853,pop,False,0
Shawn Mendes,Treat You Better,187973,2017,1,0.444,0.819,10,-4.078,0,0.341,0.106,0.0,0.107,0.747,82.695,pop,False,0
Tory Lanez,Say It,237786,2016,1,0.546,0.529,11,-10.511,0,0.0583,0.0862,6.5e-06,0.124,0.247,107.331,"hip hop, pop, R&B",True,1
Coldplay,Adventure of a Lifetime,263786,2015,1,0.638,0.924,7,-3.887,1,0.036,0.00205,0.000175,0.149,0.53,111.995,"rock, pop",False,0
Kungs,This Girl - Kungs Vs. Cookin' On 3 Burners,195561,2016,0,0.79,0.705,0,-4.684,0,0.0383,0.0807,4.81e-05,0.251,0.501,121.969,"pop, Dance/Electronic",False,0
SAYGRACE,You Don't Own Me (feat. G-Eazy),201493,2016,1,0.332,0.635,7,-5.653,1,0.0898,0.159,2.79e-06,0.0599,0.261,186.249,"pop, R&B",False,0
X Ambassadors,Renegades,195200,2015,1,0.526,0.862,2,-6.003,1,0.0905,0.0144,0.0597,0.229,0.528,90.052,"hip hop, rock, pop",False,0
DNCE,Cake By The Ocean,219146,2016,1,0.774,0.753,4,-5.446,0,0.0517,0.152,0.0,0.0371,0.896,119.002,pop,True,1
99 Souls,The Girl Is Mine,216613,2016,1,0.683,0.943,9,-3.6,1,0.0397,0.00423,0.0972,0.0356,0.706,118.991,Dance/Electronic,False,0
Illy,Papercuts (feat. Vera Blue),255889,2016,0,0.369,0.618,6,-6.304,0,0.249,0.161,0.0,0.257,0.467,191.863,"hip hop, pop, Dance/Electronic",False,0
Kiiara,Gold,225882,2015,1,0.6,0.412,8,-9.343,1,0.344,0.615,0.0025,0.134,0.408,113.049,"rock, pop, Dance/Electronic",False,0
Kygo,Stole the Show,222813,2016,0,0.678,0.633,8,-6.443,0,0.171,0.151,0.0,0.147,0.478,99.886,"pop, Dance/Electronic",False,0
Fifth Harmony,Work from Home (feat. Ty Dolla $ign),214480,2016,1,0.803,0.585,8,-5.861,1,0.0432,0.103,3.94e-06,0.0644,0.593,105.017,pop,False,0
Drake,Pop Style,212946,2016,1,0.713,0.462,7,-10.027,1,0.123,0.192,2.16e-06,0.105,0.0594,133.053,"hip hop, pop, R&B",True,1
ZAYN,PILLOWTALK,203686,2016,1,0.588,0.702,11,-4.271,1,0.0496,0.104,0.0,0.089,0.429,124.909,"pop, Dance/Electronic",True,1
Alessia Cara,Here,199453,2016,1,0.376,0.822,0,-3.974,1,0.104,0.0783,0.0,0.0841,0.327,120.493,"pop, R&B",False,0
DJ Snake,Middle,220573,2016,0,0.611,0.7,9,-5.331,1,0.0436,0.0199,0.0,0.0549,0.213,104.981,"hip hop, pop, Dance/Electronic",False,0
Sigala,Sweet Lovin' - Radio Edit,202149,2015,0,0.683,0.91,10,-1.231,1,0.0515,0.0553,4.78e-06,0.336,0.674,124.977,"pop, Dance/Electronic",False,0
Drake,Jumpman,205879,2015,1,0.852,0.553,1,-7.286,1,0.187,0.0559,0.0,0.332,0.656,142.079,"hip hop, pop, R&B",True,1
Charlie Puth,Dangerously,199133,2016,1,0.696,0.517,2,-8.379,0,0.0366,0.364,0.0,0.197,0.23,112.291,pop,False,0
Nick Jonas,Close,234213,2016,1,0.654,0.623,6,-5.273,0,0.082,0.253,0.0,0.144,0.401,123.996,pop,False,0
Jonas Blue,Perfect Strangers,196613,2016,0,0.742,0.819,1,-5.307,1,0.0487,0.372,0.0,0.277,0.709,117.986,"pop, Dance/Electronic",False,0
Major Lazer,Cold Water (feat. Justin Bieber & MØ),185351,2016,0,0.608,0.798,6,-5.092,0,0.0432,0.0736,0.0,0.156,0.501,92.943,"hip hop, pop, Dance/Electronic",False,0
The Chainsmokers,Roses,226738,2015,1,0.713,0.802,4,-7.055,1,0.0561,0.0435,0.00377,0.309,0.343,100.001,"pop, Dance/Electronic",False,0
Tory Lanez,LUV,228640,2016,0,0.688,0.541,11,-8.128,0,0.114,0.0118,0.0,0.123,0.247,95.109,"hip hop, pop, R&B",True,1
P!nk,"Just Like Fire (From the Original Motion Picture ""Alice Through The Looking Glass"")",215413,2016,1,0.632,0.702,7,-5.92,1,0.148,0.0114,0.0,0.108,0.523,162.958,pop,False,0
Bryson Tiller,Don't,198293,2015,1,0.765,0.356,11,-5.556,0,0.195,0.223,0.0,0.0963,0.189,96.991,"hip hop, pop, R&B",True,1
Steve Aoki,Just Hold On,198774,2016,1,0.647,0.932,11,-3.515,1,0.0824,0.00383,1.5e-06,0.0574,0.374,114.991,"hip hop, pop, Dance/Electronic",False,0
Clean Bandit,Tears (feat. Louisa Johnson),225914,2016,1,0.605,0.77,5,-3.645,0,0.0446,0.0431,0.0,0.159,0.298,130.037,"pop, Dance/Electronic",False,0
Jonas Blue,Fast Car,212424,2015,0,0.459,0.587,9,-6.983,1,0.0785,0.453,0.0,0.307,0.581,113.901,"pop, Dance/Electronic",False,0
Flume,Never Be Like You,233337,2016,0,0.443,0.558,0,-5.436,1,0.0624,0.441,0.0,0.163,0.248,116.838,Dance/Electronic,True,1
Bastille,Good Grief,206493,2016,1,0.73,0.758,1,-4.888,1,0.0653,0.147,0.0,0.311,0.877,120.041,"pop, rock",False,0
Sia,The Greatest (feat. Kendrick Lamar),210226,2016,1,0.668,0.725,1,-6.127,1,0.266,0.0102,0.000479,0.0561,0.729,191.944,pop,False,0
PARTYNEXTDOOR,Not Nice,202661,2016,1,0.598,0.496,0,-9.309,1,0.0804,0.0253,0.00132,0.12,0.725,128.06,"hip hop, pop, R&B",False,0
Garrett Nash,"i hate u, i love u (feat. olivia o'brien)",251033,2016,1,0.492,0.275,6,-13.4,0,0.3,0.687,0.0,0.101,0.18,92.6,"hip hop, pop",True,1
Hilltop Hoods,1955,239280,2016,1,0.766,0.5,11,-7.558,1,0.0695,0.719,5.91e-06,0.304,0.71,84.044,"hip hop, pop",False,0
Fifth Harmony,All In My Head (Flex) (feat. Fetty Wap),210573,2016,1,0.689,0.791,0,-5.194,0,0.053,0.023,0.0,0.0526,0.755,95.04,pop,False,0
Daya,"Sit Still, Look Pretty",202221,2016,0,0.657,0.739,2,-4.081,1,0.274,0.141,0.0,0.178,0.543,181.994,"rock, pop, Dance/Electronic",False,0
Kent Jones,Don't Mind,198236,2016,1,0.464,0.771,8,-4.503,1,0.336,0.0235,0.0,0.063,0.69,158.777,hip hop,True,1
Flume,Say It,262521,2016,0,0.581,0.531,3,-6.829,0,0.0322,0.0731,3.27e-06,0.0616,0.273,75.255,Dance/Electronic,True,1
Bryson Tiller,Exchange,194613,2015,1,0.525,0.433,6,-10.598,1,0.185,0.107,0.0,0.135,0.276,160.108,"hip hop, pop, R&B",True,1
MØ,Final Song,235826,2016,1,0.695,0.672,1,-6.109,0,0.0345,0.014,7.95e-05,0.0756,0.245,104.988,"pop, Dance/Electronic",False,0
Beyoncé,Sorry,232560,2016,1,0.775,0.598,2,-7.274,1,0.0535,0.00175,4.44e-06,0.253,0.356,129.988,"pop, R&B",True,1
Little Mix,Shout Out to My Ex,246240,2017,0,0.773,0.747,5,-4.061,1,0.0889,0.0239,8.23e-06,0.11,0.8,126.014,pop,False,0
The Lumineers,Ophelia,160097,2016,0,0.664,0.576,5,-6.429,1,0.0286,0.63,0.000198,0.0902,0.621,76.026,"pop, Folk/Acoustic",False,0
Frank Ocean,Pink + White,184516,2016,1,0.544,0.552,9,-7.45,1,0.0991,0.67,4.57e-05,0.415,0.554,159.738,"hip hop, pop, R&B",False,0
Drake,Too Good,263373,2016,1,0.794,0.653,7,-7.839,1,0.104,0.0489,4.88e-05,0.1,0.397,117.996,"hip hop, pop, R&B",True,1
Ed Sheeran,Shape of You,233712,2017,1,0.825,0.652,1,-3.183,0,0.0802,0.581,0.0,0.0931,0.931,95.977,pop,False,0
Sean Paul,No Lie,221176,2018,1,0.742,0.882,7,-2.862,1,0.117,0.0466,0.0,0.206,0.463,102.04,"hip hop, pop",False,0
Luis Fonsi,Despacito (Featuring Daddy Yankee),228200,2017,0,0.66,0.786,2,-4.757,1,0.17,0.209,0.0,0.112,0.846,177.833,"pop, latin",False,0
Sam Smith,Too Good At Goodbyes,201000,2017,1,0.681,0.372,5,-8.237,1,0.0432,0.64,0.0,0.169,0.476,91.873,pop,False,0
Clean Bandit,Rockabye (feat. Sean Paul & Anne-Marie),251088,2016,1,0.72,0.763,9,-4.068,0,0.0523,0.406,0.0,0.18,0.742,101.965,"pop, Dance/Electronic",False,0
Camila Cabello,Havana (feat. Young Thug),216896,2017,0,0.768,0.517,7,-4.323,0,0.0312,0.186,3.8e-05,0.104,0.418,104.992,pop,False,0
Imagine Dragons,Thunder,187146,2017,0,0.6,0.81,0,-4.749,1,0.0479,0.00683,0.21,0.155,0.298,167.88,rock,False,0
Maroon 5,Don't Wanna Know (feat. Kendrick Lamar),214265,2018,1,0.783,0.61,7,-6.124,1,0.0696,0.343,0.0,0.0983,0.418,100.047,pop,False,0
The Chainsmokers,Something Just Like This,247160,2017,1,0.617,0.635,11,-6.769,0,0.0317,0.0498,1.44e-05,0.164,0.446,103.019,"pop, Dance/Electronic",False,0
Ed Sheeran,Perfect,263400,2017,1,0.599,0.448,8,-6.312,1,0.0232,0.163,0.0,0.106,0.168,95.05,pop,False,0
MGMT,Little Dark Age,299960,2018,1,0.705,0.712,6,-6.156,1,0.0385,0.0102,0.000855,0.1,0.62,97.512,rock,False,0
Travis Scott,goosebumps,243836,2016,1,0.841,0.728,7,-3.37,1,0.0484,0.0847,0.0,0.149,0.43,130.049,"hip hop, Dance/Electronic",True,1
Billie Eilish,Bored,180933,2017,1,0.614,0.318,7,-12.695,1,0.0478,0.896,0.00239,0.0795,0.112,119.959,"pop, Dance/Electronic",False,0
Future,Mask Off,204600,2017,1,0.833,0.434,2,-8.795,1,0.431,0.0102,0.0219,0.165,0.281,150.062,"hip hop, pop",True,1
G-Eazy,Him & I,268866,2017,0,0.589,0.731,2,-6.343,1,0.0868,0.0534,0.0,0.308,0.191,87.908,"hip hop, pop",True,1
Maroon 5,Cold (feat. Future),234308,2017,0,0.697,0.716,9,-6.288,0,0.113,0.118,0.0,0.0424,0.506,99.905,pop,True,1
Rae Sremmurd,Swang,208120,2016,1,0.681,0.314,8,-9.319,1,0.0581,0.2,9.82e-06,0.1,0.166,139.992,"hip hop, pop",True,1
Lil Peep,Save That Shit,231546,2017,1,0.534,0.583,2,-8.672,1,0.0288,0.0262,0.0,0.421,0.145,105.997,hip hop,True,1
A$AP Ferg,Plain Jane,173600,2017,1,0.797,0.844,11,-5.482,1,0.275,0.0651,0.0,0.087,0.52,170.142,"hip hop, pop",True,1
French Montana,Unforgettable,233901,2017,1,0.726,0.769,6,-5.043,1,0.123,0.0293,0.0101,0.104,0.733,97.985,"hip hop, pop",True,1
21 Savage,Bank Account,220306,2017,1,0.884,0.347,8,-8.227,0,0.35,0.015,7e-06,0.0871,0.376,75.016,hip hop,True,1
Axwell /\ Ingrosso,More Than You Know,203000,2017,0,0.645,0.741,5,-4.989,0,0.0339,0.0323,0.0,0.29,0.534,123.07,"pop, Dance/Electronic",False,0
ZAYN,Dusk Till Dawn (feat. Sia) - Radio Edit,239000,2017,1,0.259,0.437,11,-6.589,0,0.0386,0.102,1.32e-06,0.106,0.0951,180.042,"pop, Dance/Electronic",False,0
J Balvin,Mi Gente,189029,2017,0,0.548,0.701,11,-4.862,0,0.0914,0.0178,1.34e-05,0.134,0.309,104.237,latin,False,0
Jax Jones,You Don't Know Me - Radio Edit,213946,2016,0,0.876,0.669,11,-6.054,0,0.138,0.163,0.0,0.185,0.682,124.007,"hip hop, pop, Dance/Electronic",True,1
Rae Sremmurd,Black Beatles,291893,2016,1,0.794,0.632,0,-6.163,1,0.0649,0.142,0.0,0.128,0.355,145.926,"hip hop, pop",True,1
Zara Larsson,Ain't My Fault,224030,2017,1,0.576,0.782,6,-4.825,0,0.0296,0.00778,0.0,0.285,0.355,141.153,"pop, Dance/Electronic",False,0
Travis Scott,BUTTERFLY EFFECT,190677,2017,0,0.763,0.598,11,-6.865,1,0.0539,0.0714,0.0,0.112,0.182,140.987,"hip hop, Dance/Electronic",False,0
Ayo & Teo,Rolex,238586,2017,1,0.804,0.886,1,-2.512,1,0.04,0.0837,0.0,0.266,0.789,144.946,"hip hop, pop",False,0
Lil Uzi Vert,XO Tour Llif3,182706,2017,1,0.732,0.75,11,-6.366,0,0.231,0.00264,0.0,0.109,0.401,155.096,hip hop,True,1
Imagine Dragons,Whatever It Takes,201240,2017,1,0.672,0.655,10,-5.021,0,0.0311,0.0362,0.0,0.117,0.556,134.945,rock,False,0
Rob $tone,Chill Bill (feat. J. Davi$ & Spooks),177184,2016,1,0.886,0.427,6,-10.028,1,0.145,0.0312,0.00099,0.0906,0.23,108.034,hip hop,True,1
Jason Derulo,Swalla (feat. Nicki Minaj & Ty Dolla $ign),216408,2017,1,0.696,0.817,1,-3.862,1,0.109,0.075,0.0,0.187,0.782,98.064,"hip hop, pop",True,1
G-Eazy,No Limit,245386,2017,0,0.838,0.771,1,-3.791,1,0.244,0.0117,0.0,0.0853,0.405,175.957,"hip hop, pop",True,1
Playboi Carti,Magnolia,181812,2017,1,0.791,0.582,11,-7.323,0,0.286,0.0114,0.0,0.35,0.443,162.991,hip hop,True,1
Chord Overstreet,Hold On,198853,2017,1,0.618,0.443,2,-9.681,1,0.0526,0.469,0.0,0.0829,0.167,119.949,"pop, Folk/Acoustic",False,0
Jax Jones,Breathe,207629,2017,1,0.722,0.744,11,-5.52,0,0.0363,0.0234,0.000157,0.143,0.686,125.985,"hip hop, pop, Dance/Electronic",False,0
Imagine Dragons,Believer,204346,2017,0,0.779,0.787,10,-4.305,0,0.108,0.0524,0.0,0.14,0.708,124.982,rock,False,0
Natti Natasha,Criminal,232549,2017,1,0.814,0.813,2,-3.023,0,0.0561,0.03,9.33e-05,0.255,0.839,79.997,"pop, latin",False,0
Kendrick Lamar,HUMBLE.,177000,2017,0,0.906,0.625,1,-6.779,0,0.0903,0.000243,3.23e-05,0.0975,0.423,150.018,hip hop,True,1
Selena Gomez,Fetish (feat. Gucci Mane),186112,2017,1,0.708,0.618,2,-4.424,1,0.0592,0.0204,6.81e-06,0.062,0.265,123.013,pop,False,0
Charlie Puth,Attention,211475,2017,0,0.774,0.626,3,-4.432,0,0.0432,0.0969,3.12e-05,0.0848,0.777,100.041,pop,False,0
Big Shaq,Man's Not Hot,186026,2017,1,0.905,0.884,0,-4.076,1,0.236,0.111,8.31e-05,0.107,0.588,135.048,"pop, Dance/Electronic",False,0
Anne-Marie,Ciao Adios,200104,2017,1,0.698,0.882,4,-3.078,0,0.0863,0.127,0.0,0.15,0.445,106.083,"pop, Dance/Electronic",False,0
Rag'n'Bone Man,Human,200186,2017,1,0.602,0.707,9,-4.097,1,0.302,0.393,0.0,0.165,0.554,75.087,R&B,False,0
blackbear,do re mi,212027,2017,0,0.745,0.593,8,-6.35,1,0.0526,0.00522,5.25e-06,0.123,0.17,111.002,"hip hop, pop, Dance/Electronic",True,1
Lil Pump,Gucci Gang,124055,2017,1,0.936,0.523,5,-6.71,1,0.0597,0.239,0.0,0.117,0.699,119.889,hip hop,True,1
Taylor Swift,Look What You Made Me Do,211853,2017,1,0.766,0.709,9,-6.471,0,0.123,0.204,1.41e-05,0.126,0.506,128.07,pop,False,0
Enrique Iglesias,SUBEME LA RADIO (feat. Descemer Bueno & Zion & Lennox),207680,2017,1,0.688,0.822,0,-3.304,1,0.0537,0.0642,0.0,0.241,0.66,91.011,"pop, latin",False,0
Kodak Black,Tunnel Vision,268186,2017,0,0.497,0.489,11,-7.724,0,0.294,0.0576,9.91e-05,0.122,0.231,171.853,hip hop,True,1
Kendrick Lamar,DNA.,185946,2017,0,0.636,0.517,0,-6.759,1,0.36,0.00402,0.0,0.0874,0.394,139.928,hip hop,True,1
A Boogie Wit da Hoodie,Drowning (feat. Kodak Black),209269,2017,0,0.839,0.81,5,-5.274,0,0.0568,0.501,0.0,0.117,0.814,129.014,hip hop,True,1
XXXTENTACION,Jocelyn Flores,119133,2017,1,0.872,0.391,0,-9.144,0,0.242,0.469,4.13e-06,0.297,0.437,134.021,hip hop,True,1
Migos,Bad and Boujee (feat. Lil Uzi Vert),343150,2017,1,0.926,0.666,11,-5.314,1,0.244,0.0611,0.0,0.123,0.168,127.079,"hip hop, pop",True,1
Yo Gotti,Rake It Up (feat. Nicki Minaj),276333,2017,1,0.91,0.444,1,-8.126,0,0.344,0.022,0.0,0.137,0.53,149.953,"hip hop, pop",True,1
Martin Garrix,Scared to Be Lonely,220883,2017,1,0.584,0.54,1,-7.786,0,0.0576,0.0895,0.0,0.261,0.195,137.972,"pop, Dance/Electronic",False,0
Jonas Blue,Mama,181614,2017,0,0.739,0.792,11,-4.256,0,0.0418,0.091,0.0,0.0516,0.547,104.016,"pop, Dance/Electronic",False,0
Martin Jensen,Solo Dance,174933,2016,0,0.744,0.836,6,-2.396,0,0.0507,0.0435,0.0,0.194,0.36,114.965,"pop, Dance/Electronic",False,0
Taylor Swift,...Ready For It?,208186,2017,1,0.613,0.764,2,-6.509,1,0.136,0.0527,0.0,0.197,0.417,160.015,pop,False,0
David Guetta,2U (feat. Justin Bieber),194896,2017,1,0.548,0.65,8,-5.827,0,0.0591,0.219,0.0,0.225,0.557,144.937,"hip hop, pop, Dance/Electronic",False,0
Migos,Slippery (feat. Gucci Mane),304041,2017,1,0.92,0.675,1,-5.661,0,0.263,0.307,0.0,0.104,0.749,141.967,"hip hop, pop",True,1
Shawn Mendes,There's Nothing Holdin' Me Back,199440,2017,0,0.857,0.8,2,-4.035,1,0.0583,0.381,0.0,0.0913,0.966,121.996,pop,False,0
G-Eazy,Good Life (with G-Eazy & Kehlani),225520,2017,1,0.572,0.778,1,-5.208,1,0.233,0.00638,0.0,0.0563,0.54,168.073,"hip hop, pop",False,0
The Vamps,All Night,197640,2017,1,0.538,0.804,8,-5.194,1,0.0358,0.0041,0.0,0.33,0.507,144.992,pop,False,0
Dua Lipa,New Rules,212000,2017,1,0.763,0.72,9,-5.181,0,0.0691,0.00261,1.11e-05,0.114,0.592,116.01,pop,False,0
Cardi B,Bodak Yellow,223962,2017,1,0.929,0.723,11,-5.792,0,0.109,0.0672,0.0,0.346,0.458,125.022,"hip hop, pop",True,1
Rag'n'Bone Man,Skin,239626,2017,1,0.564,0.745,0,-7.733,1,0.31,0.265,0.0,0.147,0.351,170.661,R&B,False,0
Zara Larsson,I Would Like,226720,2017,1,0.486,0.713,2,-3.949,0,0.0524,0.0853,0.0,0.0839,0.297,121.028,"pop, Dance/Electronic",False,0
DJ Khaled,Wild Thoughts (feat. Rihanna & Bryson Tiller),204173,2017,1,0.671,0.672,0,-3.094,0,0.0688,0.0329,0.0,0.118,0.632,97.979,"hip hop, pop",True,1
Post Malone,Congratulations,220293,2016,1,0.63,0.804,6,-4.183,1,0.0363,0.215,0.0,0.253,0.492,123.146,hip hop,True,1
Avicii,Without You (feat. Sandro Cavazza),181672,2017,1,0.662,0.858,2,-4.844,1,0.0428,0.00163,0.0,0.0456,0.295,133.993,"pop, Dance/Electronic",True,1
Clean Bandit,Symphony (feat. Zara Larsson),214866,2017,0,0.718,0.609,0,-4.699,0,0.043,0.281,3.29e-05,0.234,0.497,122.95,"pop, Dance/Electronic",False,0
Katy Perry,Chained To The Rhythm,237733,2017,1,0.562,0.8,0,-5.404,1,0.112,0.0814,0.0,0.199,0.471,95.029,pop,False,0
Zay Hilfigerrr,Juju on That Beat (TZ Anthem),144244,2016,1,0.807,0.887,1,-3.892,1,0.275,0.00381,0.0,0.391,0.78,160.517,set(),False,0
Calvin Harris,"Feels (feat. Pharrell Williams, Katy Perry & Big Sean)",223413,2017,1,0.893,0.745,11,-3.105,0,0.0571,0.0642,0.0,0.0943,0.872,101.018,"hip hop, pop, Dance/Electronic",True,1
Migos,T-Shirt,242407,2017,1,0.865,0.687,10,-3.744,0,0.217,0.242,0.0,0.158,0.486,139.023,"hip hop, pop",True,1
OneRepublic,Rich Love (with Seeb),201256,2017,1,0.401,0.872,1,-3.641,0,0.314,0.167,0.0,0.362,0.472,104.592,pop,False,0
Maggie Lindemann,Pretty Girl - Cheat Codes X CADE Remix,193613,2017,1,0.703,0.868,7,-4.661,0,0.0291,0.15,0.132,0.104,0.733,121.03,"rock, pop",True,1
Macklemore,Glorious (feat. Skylar Grey),220454,2017,1,0.731,0.794,0,-5.126,0,0.0522,0.0323,2.59e-05,0.112,0.356,139.994,"hip hop, pop",True,1
Hayden James,NUMB,217296,2019,0,0.617,0.558,10,-7.046,0,0.0431,0.184,1.03e-06,0.0911,0.4,147.932,"pop, Dance/Electronic",True,1
Liam Payne,Strip That Down,204502,2017,0,0.869,0.485,6,-5.595,1,0.0545,0.246,0.0,0.0765,0.527,106.028,pop,False,0
Drake,Passionfruit,298940,2017,0,0.809,0.463,11,-11.377,1,0.0396,0.256,0.085,0.109,0.364,111.98,"hip hop, pop, R&B",True,1
Justin Bieber,Friends (with BloodPop®),189466,2017,0,0.744,0.739,8,-5.35,1,0.0387,0.00459,0.0,0.306,0.649,104.99,pop,False,0
ZAYN,"I Don’t Wanna Live Forever (Fifty Shades Darker) - From ""Fifty Shades Darker (Original Motion Picture Soundtrack)""",245200,2016,0,0.735,0.451,0,-8.374,1,0.0585,0.0631,1.3e-05,0.325,0.0862,117.973,"pop, Dance/Electronic",False,0
Alessia Cara,Scars To Your Beautiful,230226,2016,1,0.319,0.739,0,-5.74,1,0.272,0.0285,0.0,0.111,0.449,194.169,"pop, R&B",False,0
2 Chainz,It's A Vibe,210200,2017,1,0.822,0.502,7,-7.38,1,0.148,0.0312,0.000887,0.114,0.525,73.003,"hip hop, pop",True,1
Starley,Call on Me - Ryan Riback Remix,222040,2016,0,0.67,0.838,0,-4.031,1,0.0362,0.0605,0.000611,0.159,0.716,105.0,"pop, Dance/Electronic",False,0
AJR,Weak,201160,2017,0,0.673,0.637,5,-4.518,1,0.0429,0.137,0.0,0.184,0.678,123.98,rock,False,0
Lana Del Rey,Lust for Life (with The Weeknd),264011,2017,0,0.499,0.676,0,-8.618,0,0.0582,0.588,0.00484,0.358,0.295,99.979,pop,False,0
CNCO,Reggaetón Lento (Remix),188786,2017,0,0.623,0.909,4,-3.079,0,0.0758,0.158,0.0,0.0972,0.651,93.984,"pop, latin",False,0
The Vamps,Middle Of The Night,174600,2017,1,0.588,0.749,11,-4.323,0,0.058,0.0037,0.0,0.0813,0.397,130.093,pop,False,0
The Weeknd,I Feel It Coming,269186,2016,1,0.773,0.819,0,-5.946,0,0.118,0.428,0.0,0.0679,0.585,92.987,"pop, R&B",False,0
The Chainsmokers,Paris,221506,2017,1,0.653,0.658,2,-6.428,1,0.0304,0.0215,1.66e-06,0.0939,0.219,99.99,"pop, Dance/Electronic",False,0
Big Sean,Bounce Back,222360,2017,1,0.78,0.575,1,-5.628,0,0.139,0.106,0.0,0.129,0.273,81.502,"hip hop, pop",True,1
Shawn Mendes,Mercy,208733,2017,0,0.561,0.674,4,-4.882,0,0.0818,0.118,0.0,0.111,0.383,148.127,pop,False,0
Avicii,Lonely Together (feat. Rita Ora),181812,2017,0,0.655,0.666,5,-5.309,1,0.0612,0.134,2.12e-05,0.0683,0.272,102.977,"pop, Dance/Electronic",False,0
Cheat Codes,No Promises (feat. Demi Lovato),223503,2017,1,0.741,0.667,10,-5.445,1,0.134,0.0575,0.0,0.106,0.595,112.956,"pop, Dance/Electronic",False,0
Bruno Mars,24K Magic,225983,2016,1,0.818,0.803,1,-4.282,1,0.0797,0.034,0.0,0.153,0.632,106.97,pop,False,0
Lorde,Homemade Dynamite - REMIX,214254,2017,0,0.781,0.548,0,-4.997,0,0.0764,0.229,0.0,0.127,0.175,106.996,"pop, Dance/Electronic",True,1
Kygo,It Ain't Me (with Selena Gomez),220780,2017,1,0.64,0.533,0,-6.596,1,0.0706,0.119,0.0,0.0864,0.515,99.968,"pop, Dance/Electronic",False,0
Drake,God's Plan,198973,2018,1,0.754,0.449,7,-9.211,1,0.109,0.0332,8.29e-05,0.552,0.357,77.169,"hip hop, pop, R&B",True,1
Post Malone,rockstar (feat. 21 Savage),218146,2018,1,0.585,0.52,5,-6.136,0,0.0712,0.124,7.01e-05,0.131,0.129,159.801,hip hop,True,1
Offset,Ric Flair Drip (with Metro Boomin),172800,2017,1,0.88,0.428,9,-8.28,1,0.206,0.149,5.05e-05,0.114,0.333,100.007,"hip hop, pop",True,1
G-Eazy,Him & I (with Halsey),268866,2017,1,0.589,0.731,2,-6.343,1,0.0868,0.0534,0.0,0.308,0.191,87.908,"hip hop, pop",True,1
Dynoro,In My Mind,184560,2018,1,0.694,0.77,6,-5.335,1,0.149,0.176,1.1e-05,0.118,0.163,125.905,"pop, Dance/Electronic",False,0
Juice WRLD,Lucid Dreams,239835,2018,1,0.511,0.566,6,-7.23,0,0.2,0.349,0.0,0.34,0.218,83.903,hip hop,True,1
Zedd,The Middle,184732,2018,1,0.753,0.657,7,-3.061,1,0.0449,0.171,0.0,0.112,0.437,107.01,"hip hop, pop, Dance/Electronic",False,0
Marshmello,FRIENDS,202620,2018,1,0.626,0.88,9,-2.384,0,0.0504,0.205,0.0,0.128,0.534,95.079,"pop, Dance/Electronic",True,1
Cardi B,I Like It,253390,2018,1,0.816,0.726,5,-3.998,0,0.129,0.099,0.0,0.372,0.65,136.048,"hip hop, pop",True,1
XXXTENTACION,Moonlight,135090,2018,1,0.921,0.537,9,-5.723,0,0.0804,0.556,0.00404,0.102,0.711,128.009,hip hop,True,1
Ariana Grande,no tears left to cry,205920,2018,1,0.699,0.713,9,-5.507,0,0.0594,0.04,3.11e-06,0.294,0.354,121.993,pop,False,0
Sheck Wes,Mo Bamba,183906,2018,1,0.729,0.625,4,-5.266,1,0.0315,0.194,0.00986,0.248,0.261,146.034,hip hop,True,1
Calvin Harris,One Kiss (with Dua Lipa),214846,2018,1,0.791,0.862,9,-3.24,0,0.11,0.037,2.19e-05,0.0814,0.592,123.994,"hip hop, pop, Dance/Electronic",False,0
Tyga,Taste (feat. Offset),232959,2018,1,0.884,0.559,0,-7.442,1,0.12,0.0236,0.0,0.101,0.342,97.994,"hip hop, pop",True,1
Travis Scott,SICKO MODE,312820,2018,1,0.834,0.73,8,-3.714,1,0.222,0.00513,0.0,0.124,0.446,155.008,"hip hop, Dance/Electronic",True,1
Imagine Dragons,Natural,189466,2018,1,0.704,0.611,2,-6.112,1,0.0409,0.217,0.0,0.0812,0.22,100.0,rock,False,0
DJ Snake,"Taki Taki (with Selena Gomez, Ozuna & Cardi B)",212500,2018,1,0.842,0.801,8,-4.167,0,0.228,0.157,4.82e-06,0.0642,0.617,95.881,"hip hop, pop, Dance/Electronic",True,1
Marshmello,Spotlight,177600,2018,1,0.546,0.822,7,-4.483,1,0.151,0.0145,0.0,0.742,0.615,150.06,"pop, Dance/Electronic",False,0
The Weeknd,Pray For Me (with Kendrick Lamar),211440,2018,1,0.735,0.677,2,-4.979,1,0.093,0.0762,2.17e-05,0.111,0.188,100.584,"pop, R&B",True,1
Billie Eilish,lovely (with Khalid),200185,2018,1,0.351,0.296,4,-10.109,0,0.0333,0.934,0.0,0.095,0.12,115.284,"pop, Dance/Electronic",False,0
Migos,Walk It Talk It,276147,2018,1,0.907,0.633,2,-5.145,1,0.184,0.0876,2.6e-06,0.106,0.395,145.914,"hip hop, pop",True,1
Clean Bandit,Solo (feat. Demi Lovato),222653,2018,1,0.737,0.636,11,-4.546,0,0.0437,0.0441,6.66e-05,0.35,0.565,105.005,"pop, Dance/Electronic",False,0
Drake,Nonstop,238614,2018,1,0.912,0.412,7,-8.074,1,0.123,0.0165,0.0126,0.104,0.423,154.983,"hip hop, pop, R&B",True,1
6ix9ine,FEFE,179404,2018,0,0.931,0.387,1,-9.127,1,0.412,0.088,0.0,0.136,0.376,125.978,hip hop,True,1
The Weeknd,Call Out My Name,228373,2018,1,0.461,0.593,1,-4.954,1,0.0356,0.17,0.0,0.307,0.175,134.17,"pop, R&B",False,0
Nio Garcia,Te Boté - Remix,417920,2018,1,0.903,0.675,11,-3.445,0,0.214,0.542,1.28e-05,0.0595,0.442,96.507,latin,True,1
Migos,MotorSport,303076,2018,1,0.904,0.518,2,-5.32,1,0.183,0.0305,0.0,0.325,0.188,137.996,"hip hop, pop",True,1
Nicky Jam,X,172854,2019,1,0.594,0.749,9,-5.298,0,0.056,0.0338,0.00106,0.3,0.694,179.968,latin,False,0
XXXTENTACION,SAD!,166605,2018,1,0.74,0.613,8,-4.88,1,0.145,0.258,0.00372,0.123,0.473,75.023,hip hop,True,1
Becky G,Sin Pijama,188560,2018,1,0.791,0.745,11,-3.695,0,0.0464,0.354,2.93e-05,0.104,0.82,94.014,"pop, latin",False,0
Machine Gun Kelly,"Home (with Machine Gun Kelly, X Ambassadors & Bebe Rexha)",202804,2017,1,0.653,0.718,3,-5.232,0,0.213,0.00413,0.0,0.0537,0.216,82.034,"hip hop, pop",False,0
6ix9ine,GUMMO,157643,2018,1,0.66,0.775,2,-4.926,1,0.172,0.0553,0.0,0.129,0.635,157.036,hip hop,True,1
Jax Jones,Breathe,207629,2017,1,0.722,0.744,11,-5.52,0,0.0363,0.0234,0.000157,0.143,0.686,125.985,"hip hop, pop, Dance/Electronic",False,0
The Chainsmokers,Sick Boy,193200,2018,1,0.663,0.577,11,-7.518,0,0.0531,0.109,0.0,0.12,0.454,89.996,"pop, Dance/Electronic",False,0
Jay Rock,"King's Dead (with Kendrick Lamar, Future & James Blake)",229670,2018,1,0.645,0.705,1,-5.008,1,0.299,0.000813,0.0,0.128,0.376,137.133,"hip hop, pop",True,1
Rich The Kid,Plug Walk,175229,2018,1,0.876,0.519,11,-6.531,1,0.143,0.202,0.0,0.108,0.158,94.981,"hip hop, pop",True,1
Kendrick Lamar,All The Stars (with SZA),232186,2018,1,0.698,0.633,8,-4.946,1,0.0597,0.0605,0.000194,0.0926,0.552,96.924,hip hop,True,1
Logic,Everyday,204746,2018,1,0.667,0.741,1,-4.099,1,0.0378,0.0425,0.0,0.0761,0.422,149.908,"hip hop, pop",True,1
Jason Derulo,Tip Toe (feat. French Montana),187521,2017,1,0.845,0.709,10,-4.547,0,0.0714,0.0233,0.0,0.094,0.62,98.062,"hip hop, pop",False,0
Ariana Grande,God is a woman,197546,2018,1,0.602,0.658,1,-5.934,1,0.0558,0.0233,6e-05,0.237,0.268,145.031,pop,True,1
Rae Sremmurd,Powerglide (feat. Juicy J) - From SR3MM,332300,2018,1,0.713,0.831,1,-4.75,0,0.15,0.0168,0.0,0.118,0.584,173.948,"hip hop, pop",True,1
EO,German,170825,2018,1,0.862,0.583,8,-6.26,0,0.0654,0.811,1.86e-05,0.191,0.852,103.019,set(),False,0
Dennis Lloyd,Nevermind,156600,2017,1,0.6,0.688,5,-8.339,0,0.201,0.159,1.29e-05,0.409,0.0793,99.977,pop,False,0
girl in red,we fell in love in october,184153,2018,1,0.566,0.366,7,-12.808,1,0.028,0.113,0.181,0.155,0.237,129.959,"pop, rock, Dance/Electronic",False,0
Selena Gomez,Wolves,197993,2017,1,0.724,0.804,11,-4.614,0,0.0448,0.124,0.0,0.204,0.306,124.987,pop,False,0
Tiësto,Jackie Chan,215759,2018,1,0.747,0.834,3,-2.867,0,0.045,0.374,0.0,0.0586,0.687,128.005,"pop, Dance/Electronic",True,1
Tom Walker,Leave a Light On,185863,2017,1,0.586,0.624,5,-5.946,1,0.113,0.0153,1.78e-06,0.133,0.267,68.976,"rock, pop",False,0
Sofía Reyes,"1, 2, 3 (feat. Jason Derulo & De La Ghetto)",201526,2018,1,0.792,0.895,1,-3.112,0,0.0589,0.165,0.0,0.0501,0.794,94.968,"pop, latin",False,0
Marshmello,Silence,180822,2017,1,0.52,0.761,4,-3.093,1,0.0853,0.256,4.96e-06,0.17,0.286,141.971,"pop, Dance/Electronic",False,0
5 Seconds of Summer,Youngblood,203417,2018,1,0.596,0.854,7,-5.114,0,0.463,0.0169,0.0,0.124,0.152,120.274,pop,False,0
Loud Luxury,Body (feat. brando),163216,2017,0,0.752,0.764,1,-4.399,1,0.038,0.0476,9.44e-05,0.0543,0.582,121.958,"pop, Dance/Electronic",False,0
Liam Payne,For You (Fifty Shades Freed) (& Rita Ora),245453,2018,1,0.541,0.787,2,-4.618,0,0.0331,0.0167,0.0,0.157,0.2,113.0,pop,False,0
NF,Let You Down,212120,2017,1,0.662,0.714,5,-5.68,0,0.121,0.312,0.0,0.179,0.464,147.997,"hip hop, pop",False,0
XXXTENTACION,changes,121886,2018,1,0.669,0.308,11,-10.068,1,0.029,0.883,0.0,0.0984,0.52,64.934,hip hop,False,0
Maluma,Corazón (feat. Nego do Borel),184720,2018,1,0.722,0.738,9,-6.073,0,0.247,0.328,1.47e-05,0.198,0.748,198.075,latin,False,0
Cardi B,Bodak Yellow,223712,2018,1,0.926,0.703,11,-6.337,0,0.103,0.0659,0.0,0.231,0.485,125.022,"hip hop, pop",True,1
Lil Baby,Yes Indeed,142273,2018,1,0.963,0.346,5,-9.309,0,0.53,0.0355,0.0,0.108,0.562,119.957,hip hop,True,1
Jonas Blue,Rise,194407,2018,1,0.687,0.785,1,-4.65,1,0.0333,0.327,0.0,0.203,0.655,106.046,"pop, Dance/Electronic",False,0
David Guetta,Flames,194680,2018,1,0.631,0.649,5,-5.892,0,0.0385,0.0817,3.8e-06,0.0934,0.421,93.95,"hip hop, pop, Dance/Electronic",False,0
Ozuna,Vaina Loca,176133,2018,1,0.754,0.805,6,-4.249,1,0.0752,0.315,0.0,0.203,0.555,93.982,latin,False,0
Charlie Puth,How Long,200853,2018,1,0.845,0.561,1,-5.253,0,0.0778,0.211,3.49e-06,0.0383,0.811,109.974,pop,False,0
Post Malone,Better Now,231266,2018,1,0.68,0.578,10,-5.804,1,0.04,0.331,0.0,0.135,0.341,145.038,hip hop,True,1
BlocBoy JB,Look Alive (feat. Drake),181263,2018,1,0.922,0.581,10,-7.495,1,0.27,0.00104,5.86e-05,0.105,0.595,140.022,"hip hop, pop",True,1
Eminem,River (feat. Ed Sheeran),221013,2017,1,0.748,0.749,8,-5.916,0,0.516,0.142,0.0,0.0713,0.659,90.09,hip hop,True,1
Marshmello,Happier,214289,2018,1,0.687,0.792,5,-2.749,1,0.0452,0.191,0.0,0.167,0.671,100.015,"pop, Dance/Electronic",False,0
Dean Lewis,Be Alright,196373,2018,1,0.553,0.586,11,-6.319,1,0.0362,0.697,0.0,0.0813,0.443,126.684,pop,True,1
Charlie Puth,Done for Me (feat. Kehlani),180493,2018,1,0.856,0.632,6,-3.692,0,0.074,0.193,0.0,0.0688,0.697,112.009,pop,False,0
Migos,Stir Fry,190288,2018,1,0.817,0.816,2,-5.402,1,0.269,0.00263,0.0,0.159,0.508,181.982,"hip hop, pop",True,1
YG,"BIG BANK (feat. 2 Chainz, Big Sean, Nicki Minaj)",237240,2018,1,0.745,0.346,1,-7.709,1,0.331,0.00552,0.0,0.0881,0.112,203.911,"hip hop, pop",True,1
Drake,In My Feelings,217925,2018,1,0.835,0.626,1,-5.833,1,0.125,0.0589,6e-05,0.396,0.35,91.03,"hip hop, pop, R&B",True,1
B Young,Jumanji,173153,2018,1,0.791,0.473,10,-9.86,0,0.25,0.279,0.0,0.0959,0.603,95.948,"hip hop, Dance/Electronic",False,0
Charlie Puth,The Way I Am,186080,2018,1,0.755,0.769,10,-5.658,0,0.186,0.314,2.38e-06,0.0628,0.642,114.966,pop,False,0
Reik,Me Niego (feat. Ozuna & Wisin),221653,2018,0,0.777,0.779,0,-4.449,0,0.0972,0.0543,0.0,0.636,0.768,94.023,"pop, latin",False,0
benny blanco,Eastside (with Halsey & Khalid),173799,2018,1,0.56,0.68,6,-7.648,0,0.321,0.555,0.0,0.116,0.319,89.391,"hip hop, pop",False,0
Luis Fonsi,Échame La Culpa,173720,2017,1,0.733,0.892,0,-3.641,1,0.0417,0.0376,0.0,0.137,0.675,95.989,"pop, latin",False,0
MK,17,196489,2017,1,0.703,0.832,0,-7.202,0,0.0689,0.00149,0.127,0.0696,0.667,122.029,"pop, Dance/Electronic",False,0
Rita Ora,Anywhere,215064,2017,1,0.628,0.797,11,-3.953,0,0.0596,0.0364,0.0,0.104,0.321,106.93,"hip hop, pop, Dance/Electronic",False,0
Banx & Ranx,Answerphone (feat. Yxng Bane),190920,2018,1,0.671,0.834,1,-3.928,0,0.0885,0.0387,0.0,0.454,0.454,113.021,Dance/Electronic,False,0
Ella Mai,Trip,213993,2018,1,0.477,0.61,11,-5.628,0,0.144,0.225,0.0,0.107,0.358,79.882,"hip hop, pop, R&B",False,0
Daddy Yankee,Dura,200480,2018,1,0.783,0.84,1,-3.416,1,0.051,0.174,0.0,0.412,0.839,95.001,latin,False,0
DJ Khaled,No Brainer,260000,2018,1,0.552,0.76,0,-4.706,1,0.342,0.0733,0.0,0.0865,0.639,135.702,"hip hop, pop",True,1
Anne-Marie,2002,186986,2018,1,0.697,0.683,1,-2.881,0,0.117,0.0372,0.0,0.137,0.603,96.133,"pop, Dance/Electronic",False,0
Bruno Mars,Finesse - Remix; feat. Cardi B,217288,2017,1,0.704,0.859,5,-4.877,0,0.0996,0.0185,0.0,0.0215,0.926,105.115,pop,False,0
FINNEAS,Let's Fall in Love for the Night,190348,2018,1,0.737,0.408,5,-7.941,1,0.104,0.802,0.0,0.171,0.374,127.921,"rock, pop, Dance/Electronic",True,1
Hugh Jackman,The Greatest Show,302146,2017,1,0.417,0.824,11,-7.36,0,0.105,0.000239,0.0545,0.0725,0.4,157.92,easy listening,False,0
Halsey,Bad At Love,181279,2017,1,0.675,0.751,0,-3.539,1,0.0296,0.0604,0.0,0.0893,0.612,118.384,"pop, Dance/Electronic",False,0
Drake,I'm Upset,214466,2018,1,0.899,0.586,11,-7.866,0,0.343,0.279,0.0,0.0836,0.492,150.002,"hip hop, pop, R&B",True,1
Camila Cabello,Never Be the Same,226973,2018,1,0.637,0.713,0,-4.333,1,0.0747,0.181,0.000637,0.137,0.243,129.923,pop,False,0
M.O,Bad Vibe,214253,2018,0,0.813,0.701,10,-4.428,1,0.0449,0.178,0.0,0.0962,0.758,110.009,"pop, Dance/Electronic",False,0
Dua Lipa,IDGAF,217946,2017,1,0.836,0.544,7,-5.975,1,0.0943,0.0403,0.0,0.0824,0.51,97.028,pop,True,1
Cashmere Cat,Miss You (with Major Lazer & Tory Lanez),186231,2018,1,0.747,0.641,1,-4.502,1,0.0925,0.25,0.00107,0.106,0.453,100.028,"pop, rock",False,0
Bazzi,Mine,131064,2018,1,0.71,0.789,4,-3.874,1,0.0722,0.0161,2.77e-06,0.451,0.717,142.929,"pop, Dance/Electronic",True,1
Lil Dicky,Freaky Friday (feat. Chris Brown),216631,2018,1,0.755,0.599,8,-5.042,1,0.224,0.147,0.0,0.109,0.755,133.123,"hip hop, pop",True,1
Lauv,I Like Me Better,197436,2018,1,0.752,0.505,9,-7.621,1,0.253,0.535,2.55e-06,0.104,0.419,91.97,"pop, Dance/Electronic",False,0
The Chainsmokers,This Feeling,197946,2018,1,0.575,0.571,1,-7.906,1,0.0439,0.0558,0.0,0.0912,0.449,105.049,"pop, Dance/Electronic",False,0
Maroon 5,Girls Like You (feat. Cardi B) - Cardi B Version,235545,2018,1,0.851,0.541,0,-6.825,1,0.0505,0.568,0.0,0.13,0.448,124.959,pop,True,1
Khalid,Love Lies (with Normani),201707,2018,1,0.708,0.648,6,-5.626,1,0.0449,0.0956,0.0,0.134,0.338,143.955,"pop, R&B",False,0
Drake,Nice For What,210746,2018,1,0.585,0.909,8,-6.474,1,0.0707,0.0891,9.7e-05,0.119,0.758,93.372,"hip hop, pop, R&B",True,1
Kendrick Lamar,LOVE. FEAT. ZACARI.,213400,2017,1,0.8,0.585,10,-7.343,1,0.0924,0.264,0.0,0.153,0.779,126.058,hip hop,True,1
Post Malone,Psycho (feat. Ty Dolla $ign),221440,2018,1,0.75,0.56,8,-8.094,1,0.105,0.546,0.0,0.111,0.459,140.06,hip hop,True,1
Lil Nas X,Old Town Road - Remix,157066,2019,1,0.878,0.619,6,-5.56,1,0.102,0.0533,0.0,0.113,0.639,136.041,"hip hop, pop",False,0
Billie Eilish,bad guy,194087,2019,1,0.701,0.425,7,-10.965,1,0.375,0.328,0.13,0.1,0.562,135.128,"pop, Dance/Electronic",False,0
Shawn Mendes,Señorita,190799,2019,1,0.759,0.548,9,-6.049,0,0.029,0.0392,0.0,0.0828,0.749,116.967,pop,False,0
Ariana Grande,7 rings,178626,2019,1,0.778,0.317,1,-10.732,0,0.334,0.592,0.0,0.0881,0.327,140.048,pop,True,1
Post Malone,Sunflower - Spider-Man: Into the Spider-Verse,157560,2019,1,0.755,0.522,2,-4.368,1,0.0575,0.533,0.0,0.0685,0.925,89.96,hip hop,False,0
Gesaffelstein,Lost in the Fire (feat. The Weeknd),202093,2019,1,0.658,0.671,2,-12.21,1,0.0363,0.0933,0.000927,0.115,0.166,100.966,Dance/Electronic,True,1
Halsey,Without Me,201660,2018,1,0.752,0.488,6,-7.05,1,0.0705,0.297,9.11e-06,0.0936,0.533,136.041,"pop, Dance/Electronic",True,1
Regard,Ride It,157605,2019,1,0.88,0.751,7,-4.258,0,0.0874,0.177,6.43e-05,0.106,0.884,117.948,"pop, Dance/Electronic",False,0
Lady Gaga,Shallow,215733,2018,1,0.572,0.385,7,-6.362,1,0.0308,0.371,0.0,0.231,0.323,95.799,pop,False,0
Mark Ronson,Nothing Breaks Like a Heart (feat. Miley Cyrus),217466,2018,1,0.601,0.794,7,-5.844,0,0.0671,0.00987,1.36e-06,0.388,0.244,114.066,pop,False,0
Lewis Capaldi,Someone You Loved,182160,2019,1,0.501,0.405,1,-5.679,1,0.0319,0.751,0.0,0.105,0.446,109.891,pop,False,0
Jax Jones,All Day And Night,169303,2019,1,0.585,0.782,1,-4.101,0,0.0897,0.269,0.0,0.156,0.521,121.908,"hip hop, pop, Dance/Electronic",False,0
Mustard,Pure Water (with Migos),192470,2019,1,0.682,0.559,0,-5.545,1,0.127,0.174,0.0,0.344,0.137,202.015,"hip hop, pop",True,1
NLE Choppa,Shotta Flow (feat. Blueface) [Remix],176631,2019,0,0.894,0.511,2,-4.768,1,0.42,0.0251,0.0,0.14,0.568,120.08,hip hop,True,1
Kodak Black,ZEZE (feat. Travis Scott & Offset),228759,2018,1,0.861,0.603,8,-5.788,0,0.176,0.0521,0.0,0.0924,0.504,98.043,hip hop,True,1
Daddy Yankee,Con Calma,193226,2019,1,0.737,0.86,8,-2.652,0,0.0593,0.11,1.94e-06,0.0574,0.656,93.989,latin,False,0
Alec Benjamin,Let Me Down Slowly,169353,2018,1,0.652,0.557,1,-5.714,0,0.0318,0.74,0.0,0.124,0.483,150.073,"rock, pop, Dance/Electronic",False,0
BLACKPINK,Kill This Love,189052,2019,0,0.738,0.861,2,-4.141,1,0.237,0.318,0.00182,0.325,0.58,131.98,pop,False,0
Offset,Clout (feat. Cardi B),205803,2019,1,0.919,0.622,1,-7.384,1,0.0997,0.228,4.24e-06,0.122,0.424,140.022,"hip hop, pop",True,1
MEDUZA,Piece Of Your Heart,152913,2019,1,0.677,0.744,10,-6.806,0,0.0295,0.0404,0.00016,0.074,0.631,124.08,"pop, Dance/Electronic",False,0
Ed Sheeran,Antisocial (with Travis Scott),161746,2019,1,0.716,0.823,5,-5.313,0,0.0495,0.132,0.0,0.361,0.91,151.957,pop,False,0
Travis Scott,SICKO MODE,312820,2018,1,0.834,0.73,8,-3.714,1,0.222,0.00513,0.0,0.124,0.446,155.008,"hip hop, Dance/Electronic",True,1
Mabel,Mad Love,169813,2019,0,0.631,0.803,0,-2.974,0,0.155,0.675,0.0,0.11,0.62,198.065,"pop, Dance/Electronic",False,0
Lana Del Rey,Doin' Time,202192,2019,1,0.641,0.559,7,-11.132,0,0.0355,0.404,0.00402,0.0937,0.523,144.982,pop,True,1
DJ Snake,"Taki Taki (feat. Selena Gomez, Ozuna & Cardi B)",212500,2019,1,0.842,0.801,8,-4.167,0,0.228,0.157,4.82e-06,0.0642,0.617,95.881,"hip hop, pop, Dance/Electronic",True,1
A Boogie Wit da Hoodie,Look Back at It,179449,2018,1,0.791,0.587,3,-5.075,0,0.0413,0.407,0.0,0.148,0.536,96.057,hip hop,True,1
Saweetie,My Type,126446,2019,1,0.899,0.811,2,-6.294,1,0.258,0.000677,0.0,0.0672,0.587,105.038,"hip hop, pop, R&B",True,1
Lil Tecca,Ransom,131240,2019,1,0.745,0.642,7,-6.257,0,0.287,0.0204,0.0,0.0658,0.226,179.974,hip hop,True,1
Russ Millions,Keisha & Becky - Remix,252906,2019,1,0.863,0.471,6,-9.545,1,0.478,0.251,0.0,0.121,0.644,140.969,pop,True,1
Billie Eilish,lovely (with Khalid),200185,2018,1,0.351,0.296,4,-10.109,0,0.0333,0.934,0.0,0.095,0.12,115.284,"pop, Dance/Electronic",False,0
Mabel,Don't Call Me Up,178480,2019,1,0.674,0.881,9,-2.853,1,0.147,0.296,3.01e-06,0.0793,0.234,98.994,"pop, Dance/Electronic",False,0
Lil Nas X,Old Town Road,113000,2019,1,0.907,0.53,1,-6.112,1,0.127,0.0578,2.23e-06,0.101,0.507,135.998,"hip hop, pop",False,0
Meek Mill,Going Bad (feat. Drake),180522,2018,1,0.889,0.496,4,-6.365,0,0.0905,0.259,0.0,0.252,0.544,86.003,"hip hop, pop",True,1
Post Malone,Wow.,149546,2019,1,0.829,0.539,11,-7.359,0,0.208,0.136,1.78e-06,0.103,0.388,99.96,hip hop,True,1
Doja Cat,Juicy,202333,2019,1,0.786,0.658,0,-2.61,1,0.0661,0.0856,0.0,0.0689,0.458,170.037,pop,True,1
A Boogie Wit da Hoodie,Swervin (feat. 6ix9ine),189486,2018,1,0.581,0.662,9,-5.239,1,0.303,0.0153,0.0,0.111,0.434,93.023,hip hop,True,1
iann dior,emotions,131213,2019,1,0.63,0.63,9,-6.211,1,0.0395,0.0131,0.0,0.142,0.163,80.512,"hip hop, pop",False,0
Paulo Londra,Adan y Eva,256971,2019,1,0.767,0.709,1,-4.47,1,0.336,0.323,0.0,0.0745,0.72,171.993,"hip hop, latin, Dance/Electronic",False,0
Drake,Money In The Grave (Drake ft. Rick Ross),205426,2019,1,0.831,0.502,10,-4.045,0,0.046,0.101,0.0,0.122,0.101,100.541,"hip hop, pop, R&B",True,1
Lil Nas X,Panini,114893,2019,1,0.703,0.594,5,-6.146,0,0.0752,0.342,0.0,0.123,0.475,153.848,"hip hop, pop",False,0
Bad Bunny,MIA (feat. Drake),210367,2018,1,0.817,0.539,6,-6.349,0,0.0621,0.0141,0.000496,0.099,0.158,97.062,latin,False,0
Polo G,Pop Out (feat. Lil Tjay),166560,2019,1,0.772,0.639,1,-7.119,1,0.467,0.15,0.0,0.0698,0.261,168.112,hip hop,True,1
Juice WRLD,Robbery,240050,2019,0,0.685,0.692,2,-5.122,1,0.0457,0.328,0.0,0.153,0.578,159.966,hip hop,True,1
21 Savage,a lot,288624,2018,1,0.837,0.636,1,-7.643,1,0.086,0.0395,0.00125,0.342,0.274,145.972,hip hop,True,1
Young Thug,The London (feat. J. Cole & Travis Scott),200106,2019,1,0.796,0.586,4,-6.946,0,0.147,0.0247,0.0,0.132,0.179,97.981,"hip hop, pop",True,1
Anuel AA,China,301714,2019,1,0.786,0.808,7,-3.702,1,0.0882,0.0846,0.000289,0.0822,0.609,105.027,latin,False,0
Camila Cabello,Liar,207038,2019,1,0.74,0.498,11,-6.684,0,0.0456,0.0169,0.00282,0.319,0.652,98.016,pop,False,0
Flipp Dinero,Leave Me Alone,195637,2019,1,0.792,0.743,7,-2.806,1,0.0851,0.107,0.0,0.183,0.742,150.024,"hip hop, pop",True,1
Cardi B,Money,183527,2018,1,0.95,0.59,8,-6.508,0,0.29,0.00534,0.0,0.11,0.219,130.003,"hip hop, pop",True,1
Ariana Grande,"break up with your girlfriend, i'm bored",190440,2019,1,0.726,0.554,5,-5.29,0,0.0917,0.0421,0.0,0.106,0.335,169.999,pop,True,1
Dave,Location (feat. Burna Boy),241293,2019,1,0.812,0.496,9,-5.969,0,0.297,0.271,0.0,0.0955,0.55,109.979,hip hop,True,1
Ava Max,Sweet but Psycho,187436,2018,0,0.719,0.704,1,-4.724,1,0.0476,0.0691,0.0,0.166,0.628,133.002,pop,False,0
Dua Lipa,Don't Start Now,183290,2019,1,0.794,0.793,11,-4.521,0,0.0842,0.0125,0.0,0.0952,0.677,123.941,pop,False,0
Young T & Bugsey,Strike a Pose (feat. Aitch),214203,2019,1,0.531,0.581,1,-5.801,1,0.101,0.0107,1.62e-05,0.101,0.591,137.776,hip hop,True,1
Calvin Harris,Giant (with Rag'n'Bone Man),229184,2019,1,0.807,0.887,1,-4.311,0,0.0361,0.016,0.000503,0.0811,0.606,122.015,"hip hop, pop, Dance/Electronic",False,0
Ed Sheeran,Take Me Back to London (feat. Stormzy),189733,2019,1,0.885,0.762,8,-5.513,0,0.216,0.219,0.0,0.162,0.605,138.058,pop,True,1
Cardi B,Please Me,200889,2019,1,0.747,0.57,1,-6.711,1,0.081,0.0642,0.0,0.0832,0.65,133.992,"hip hop, pop",True,1
Stormzy,Vossi Bop,196266,2019,1,0.682,0.653,8,-6.062,1,0.339,0.13,0.00116,0.129,0.428,188.115,"hip hop, Dance/Electronic",True,1
Tones And I,Dance Monkey,209438,2019,1,0.824,0.588,6,-6.4,0,0.0924,0.692,0.000104,0.149,0.513,98.027,pop,False,0
Ariana Grande,boyfriend (with Social House),186106,2019,1,0.4,0.795,10,-3.731,0,0.461,0.119,0.0,0.159,0.702,190.097,pop,True,1
Bad Bunny,Callaita,250533,2019,1,0.61,0.624,2,-4.773,1,0.309,0.6,2.12e-06,0.243,0.244,176.169,latin,True,1
Ava Max,So Am I,183026,2019,0,0.682,0.656,6,-4.67,1,0.0435,0.0737,0.0,0.353,0.607,130.089,pop,False,0
Pedro Capó,Calma - Remix,238200,2018,1,0.826,0.773,11,-4.218,0,0.0524,0.323,0.0,0.143,0.761,126.899,"pop, latin",False,0
J. Cole,MIDDLE CHILD,213593,2019,1,0.837,0.364,8,-11.713,1,0.276,0.149,0.0,0.271,0.463,123.984,hip hop,True,1
Lunay,Soltera - Remix,266086,2019,1,0.795,0.783,5,-4.271,1,0.0432,0.361,0.0,0.437,0.799,92.01,"pop, latin",False,0
Khalid,Better,229412,2018,1,0.442,0.585,0,-10.332,0,0.0964,0.0984,0.391,0.14,0.116,97.565,"pop, R&B",False,0
Blueface,Thotiana,129264,2018,0,0.906,0.382,10,-12.89,0,0.269,0.18,0.0,0.113,0.391,104.025,hip hop,True,1
DaBaby,Suge,163320,2019,1,0.876,0.662,2,-6.482,0,0.426,0.0608,0.0,0.127,0.844,75.445,hip hop,True,1
AJ Tracey,Ladbroke Grove,190537,2019,1,0.903,0.839,11,-9.447,0,0.208,0.0939,0.0,0.102,0.727,133.986,"hip hop, Dance/Electronic",False,0
Billie Eilish,bury a friend,193143,2019,1,0.905,0.389,8,-14.505,1,0.332,0.74,0.162,0.106,0.196,120.046,"pop, Dance/Electronic",False,0
BTS,Boy With Luv (feat. Halsey),229773,2019,0,0.645,0.862,11,-4.757,0,0.0965,0.0923,0.0,0.192,0.798,119.991,pop,False,0
Wiley,Boasty (feat. Idris Elba),177185,2019,1,0.887,0.765,2,-5.207,1,0.0669,0.00915,0.000872,0.0907,0.456,102.958,"hip hop, Dance/Electronic",True,1
Jonas Brothers,Only Human,183000,2019,1,0.795,0.496,0,-5.883,1,0.0722,0.108,0.0,0.0645,0.874,94.01,pop,False,0
5 Seconds of Summer,Easier,157492,2019,0,0.505,0.428,5,-5.604,1,0.221,0.489,0.0,0.0977,0.618,175.813,pop,False,0
Avicii,SOS (feat. Aloe Blacc),157202,2019,1,0.802,0.645,5,-6.181,0,0.0715,0.272,0.0,0.119,0.376,100.001,"pop, Dance/Electronic",False,0
"Tyler, The Creator",EARFQUAKE,190066,2019,1,0.554,0.498,9,-8.866,1,0.0685,0.23,5.98e-06,0.795,0.413,79.635,hip hop,True,1
Ashley O,On A Roll,154447,2019,1,0.736,0.81,5,-6.354,1,0.0906,0.077,0.0,0.0523,0.387,125.011,set(),False,0
Dominic Fike,3 Nights,177666,2018,1,0.815,0.518,7,-6.594,0,0.0897,0.223,0.0,0.104,0.877,151.891,"rock, pop",False,0
Sigala,Wish You Well,205653,2019,1,0.669,0.895,5,-3.787,0,0.0575,0.128,0.0,0.297,0.576,124.975,"pop, Dance/Electronic",False,0
Megan Thee Stallion,Hot Girl Summer (feat. Nicki Minaj & Ty Dolla $ign),199427,2019,1,0.872,0.814,0,-4.568,1,0.155,0.00485,1.96e-06,0.214,0.57,98.985,"hip hop, pop, R&B",True,1
Anuel AA,Secreto,258800,2019,1,0.807,0.803,11,-4.156,1,0.126,0.602,0.00853,0.136,0.706,91.987,latin,False,0
Sam Feldt,Post Malone (feat. RANI),174444,2019,1,0.59,0.642,7,-3.87,1,0.122,0.0771,0.0,0.105,0.651,107.356,"pop, Dance/Electronic",False,0
Kehlani,Nights Like This (feat. Ty Dolla $ign),201787,2019,1,0.61,0.725,8,-5.131,1,0.15,0.367,0.0,0.154,0.291,146.163,"hip hop, pop, R&B",True,1
Sech,Otro Trago,225933,2019,1,0.746,0.7,0,-4.669,1,0.341,0.136,0.000159,0.11,0.619,176.044,latin,True,1
Post Malone,Better Now,231266,2018,1,0.68,0.578,10,-5.804,1,0.04,0.331,0.0,0.135,0.341,145.038,hip hop,True,1
Ed Sheeran,Cross Me (feat. Chance the Rapper & PnB Rock),206186,2019,1,0.746,0.787,4,-6.373,1,0.12,0.214,0.0,0.0669,0.607,95.005,pop,True,1
Lauv,i'm so tired...,162582,2019,0,0.599,0.733,11,-7.058,1,0.203,0.176,0.0,0.242,0.534,102.211,"pop, Dance/Electronic",False,0
iann dior,gone girl,136568,2019,1,0.677,0.714,11,-5.637,1,0.0287,0.162,0.0,0.0717,0.355,94.956,"hip hop, pop",True,1
Panic! At The Disco,High Hopes,190946,2018,1,0.579,0.904,5,-2.729,1,0.0618,0.193,0.0,0.064,0.681,82.014,rock,False,0
Marshmello,One Thing Right,181823,2019,1,0.659,0.625,4,-2.253,1,0.045,0.0644,0.0,0.582,0.442,88.042,"pop, Dance/Electronic",False,0
Sam Smith,How Do You Sleep?,202204,2019,1,0.477,0.682,1,-4.931,0,0.0925,0.153,0.0,0.0763,0.345,110.567,pop,False,0
NSG,Options,240081,2020,1,0.836,0.621,1,-4.684,0,0.0894,0.389,9.16e-05,0.104,0.762,101.993,"World/Traditional, hip hop",True,1
Normani,Motivation,193837,2019,1,0.599,0.887,4,-3.967,1,0.0984,0.0192,1.21e-06,0.3,0.881,170.918,"pop, R&B",False,0
Joel Corry,Sorry,188640,2019,1,0.744,0.79,8,-4.617,0,0.0562,0.0547,0.000802,0.32,0.847,125.002,"pop, Dance/Electronic",False,0
Post Malone,Goodbyes (Feat. Young Thug),174960,2019,0,0.58,0.653,5,-3.818,1,0.0745,0.447,0.0,0.111,0.175,150.231,hip hop,True,1
Jonas Brothers,Sucker,181026,2019,1,0.842,0.734,1,-5.065,0,0.0588,0.0427,0.0,0.106,0.952,137.958,pop,False,0
Taylor Swift,Cruel Summer,178426,2019,1,0.552,0.702,9,-5.707,1,0.157,0.117,2.06e-05,0.105,0.564,169.994,pop,False,0
Blanco Brown,The Git Up,200593,2019,1,0.847,0.678,9,-8.635,1,0.109,0.0669,0.0,0.274,0.811,97.984,"hip hop, country",False,0
Sam Smith,Dancing With A Stranger (with Normani),171029,2019,1,0.741,0.52,8,-7.513,1,0.0656,0.45,1.97e-06,0.222,0.347,102.998,pop,False,0
Post Malone,Circles,215280,2019,1,0.695,0.762,0,-3.497,1,0.0395,0.192,0.00244,0.0863,0.553,120.042,hip hop,False,0
